ndivs,element,face,neighbor_element,neighbor_face,n_face_points,max_abs_projected_M,max_abs_projected_P,max_abs_projected_mismatch,weighted_l2_projected_mismatch,relative_projected_mismatch,max_abs_direct_M,max_abs_direct_P,max_abs_direct_mismatch,weighted_l2_direct_mismatch,relative_direct_mismatch,max_abs_projected_minus_direct_M,max_abs_projected_minus_direct_P,relative_projected_direct_difference,max_abs_decomposition_error,max_face_coordinate_mismatch,max_face_conormal_mismatch,max_face_jacobian_mismatch
8,0,0,1,1,5,0.07093433899563689,0.07093433150055356,9.728301941791528e-09,4.74351372157439e-09,1.371451694557964e-07,0.07093427954276603,0.07093427954276604,1.3877787807814457e-17,9.577093645457362e-18,1.9564289504692276e-16,6.72320019934336e-08,5.750370003776428e-08,9.478061393871448e-07,0.0,7.806255641895632e-18,1.1102230246251565e-16,5.551115123125783e-17
8,0,1,64,2,5,0.008480334017751733,0.008480334479588474,1.1114093257909644e-09,5.799790193829202e-10,1.3105725115749182e-07,0.008480363384296884,0.008480363384296884,4.336808689942018e-19,2.594041654646369e-19,5.113942048724587e-17,2.9366545150483203e-08,2.8904708409757673e-08,3.462887593338433e-06,0.0,7.806255641895632e-18,2.1298947178887057e-17,2.7755575615628914e-17
8,0,2,192,1,5,0.062469601849366195,0.062469601849366244,4.85722573273506e-17,2.7132639960347637e-17,7.775342869076308e-16,0.06246959160842931,0.06246959160842929,2.0816681711721685e-17,7.16479347490296e-18,3.3322903473108015e-16,3.37250457144167e-08,3.3725045686661126e-08,5.39863304967724e-07,0.0,7.806255641895632e-18,2.1298947178887057e-17,2.7755575615628914e-17
8,1,0,2,2,5,0.07016013881991913,0.07016017403681547,7.454658083189125e-08,3.113436889612562e-08,1.0625198961561024e-06,0.0701601553790159,0.07016015537901592,1.3877787807814457e-17,9.577093645457362e-18,1.9780155464087159e-16,1.8848566235574182e-08,5.569801461019486e-08,7.938693906455844e-07,0.0,2.7755575615628914e-17,1.1102230246251565e-16,0.0
8,1,2,15,1,5,0.008024879992413431,0.008024924129667434,7.021449351714976e-08,3.142956419797021e-08,8.749552317581794e-06,0.008024901649182105,0.008024901649182105,6.938893903907228e-18,2.4389747717921796e-18,8.646702735122539e-16,2.165676867352251e-08,5.220488760639824e-08,6.505343447846615e-06,0.0,2.7755575615628914e-17,1.1102230246251565e-16,0.0
8,2,0,3,1,5,0.09291057060456888,0.09291058082586881,7.254451581117927e-08,4.2298237823176905e-08,7.807992928936778e-07,0.09291047308790563,0.09291047308790565,4.163336342344337e-17,2.2190304557974454e-17,4.481019420066097e-16,1.3795369799285417e-07,1.0773796316199125e-07,1.4848007273940553e-06,0.0,1.1102230246251565e-16,1.1102230246251565e-16,5.551115123125783e-17
8,2,1,79,2,5,0.02453402580953264,0.024534025523322664,4.081781331335965e-09,1.9936224521134993e-09,1.6637226042820898e-07,0.02453407823855643,0.024534078238556425,5.204170427930421e-18,2.8120091139740038e-18,2.1212007140956405e-16,5.24290237891023e-08,5.271523376149112e-08,2.1486535279180253e-06,0.0,2.7755575615628914e-17,4.310792136225502e-17,2.7755575615628914e-17
8,3,0,4,2,5,0.07239527692392887,0.0723953021590036,7.518186249944048e-08,3.0245990792870155e-08,1.038490900063055e-06,0.07239527879006483,0.07239527879006485,2.7755575615628914e-17,1.2201382997813517e-17,3.83389304931276e-16,1.980141028923299e-08,5.538045221020749e-08,7.649730101073966e-07,0.0,1.1102230246251565e-16,1.1102230246251565e-16,2.7755575615628914e-17
8,3,2,17,1,5,0.02786184373360352,0.027861674211998366,1.6952160515268377e-07,8.448790889683558e-08,6.084364221317763e-06,0.027861761257669503,0.027861761257669503,4.336808689942018e-18,2.4143014784278147e-18,1.556545061826709e-16,8.247593401636277e-08,9.649454656059792e-08,3.4633223660004273e-06,0.0,2.7755575615628914e-17,1.1102230246251565e-16,2.7755575615628914e-17
8,4,0,5,1,5,0.11616428343226931,0.11616433944329277,2.1302408172163556e-07,1.0954655539913088e-07,1.8338164943091353e-06,0.11616418321285583,0.11616418321285585,4.163336342344337e-17,2.2698564833567498e-17,3.5840103439763023e-16,1.9783294390174344e-07,1.5623043692070127e-07,1.703043678032692e-06,0.0,1.1102230246251565e-16,2.220446049250313e-16,2.7755575615628914e-17
8,4,1,92,2,5,0.048846424089447324,0.0488464173315803,1.2325266585122563e-08,6.6233429820230055e-09,2.5232689628523464e-07,0.04884645503095748,0.04884645503095747,6.938893903907228e-18,4.788546822728681e-18,1.4205521975974628e-16,1.037827088712362e-07,9.145744229305253e-08,2.1246722777622592e-06,0.0,1.1102230246251565e-16,4.028677162045008e-17,5.551115123125783e-17
8,5,0,6,2,5,0.06333352663439457,0.06333348129397606,4.5340418503014845e-08,2.382267381922171e-08,7.158991597728556e-07,0.06333346506639738,0.06333346506639737,1.3877787807814457e-17,1.0267240355646374e-17,2.1912250961265575e-16,6.156799718659567e-08,1.622757869745861e-08,9.721233043283572e-07,0.0,1.1102230246251565e-16,2.220446049250313e-16,0.0
8,5,2,19,1,5,0.06436501800564033,0.06436480994528333,2.0806035699871828e-07,1.1484005270764508e-07,3.2325067784566746e-06,0.06436478890131427,0.06436478890131428,1.3877787807814457e-17,5.859846007999496e-18,2.1561148641522358e-16,2.2910432606604303e-07,2.5073333609348936e-07,3.895490809487811e-06,0.0,5.551115123125783e-17,1.1102230246251565e-16,5.551115123125783e-17
8,6,0,7,1,5,0.13017932217352288,0.13017938771279708,2.352235448227491e-07,1.052585118733168e-07,1.8069185064973678e-06,0.13017926784337602,0.13017926784337605,2.7755575615628914e-17,1.265568686709164e-17,2.1321041418840034e-16,1.4027466214983075e-07,1.1986942102804043e-07,1.0775489469907937e-06,0.0,1.1102230246251565e-16,3.3306690738754696e-16,2.7755575615628914e-17
8,6,1,103,2,5,0.07552351952001547,0.07552349875237578,2.356452834945122e-08,1.4031159301851415e-08,3.120157601130609e-07,0.07552344787163652,0.07552344787163652,1.3877787807814457e-17,7.59031162386047e-18,1.837546907471948e-16,1.4522399875011027e-07,1.2165947040065905e-07,1.922897657220842e-06,0.0,1.1102230246251565e-16,1.6862949284434832e-16,2.7755575615628914e-17
8,7,0,8,2,5,0.042824170384371835,0.04282407176322698,1.4851449032377007e-07,8.030997226751042e-08,3.4680062448557937e-06,0.04282403958812528,0.04282403958812527,2.0816681711721685e-17,1.2265974468451574e-17,4.860980400712586e-16,1.3079624655576438e-07,1.0352309694205974e-07,3.0542622398003746e-06,0.0,1.1102230246251565e-16,2.220446049250313e-16,2.7755575615628914e-17
8,7,2,21,1,5,0.09963599437521856,0.09963596660198994,7.657856368470384e-08,3.199205122763771e-08,7.685833233752565e-07,0.09963573965229511,0.09963573965229514,2.7755575615628914e-17,1.8561451124017006e-17,2.7857047794786515e-16,2.961982936561247e-07,2.2694969480097082e-07,2.9728041107380677e-06,0.0,1.1102230246251565e-16,1.6653345369377348e-16,1.1102230246251565e-16
8,8,0,9,1,5,0.12531980747941648,0.12531981379408466,5.4354344039553304e-08,2.156589399580142e-08,4.3372506225443286e-07,0.12531977713408746,0.12531977713408746,1.3877787807814457e-17,7.401486830834378e-18,1.1073900804152999e-16,3.03453290273481e-08,3.977630570750623e-08,3.173983786224214e-07,0.0,1.1102230246251565e-16,1.1102230246251565e-16,0.0
8,8,1,112,2,5,0.09200793094762248,0.09200790738309415,2.3564528328634538e-08,1.4031159310496753e-08,2.5611409892533243e-07,0.09200782925189918,0.09200782925189918,2.7755575615628914e-17,1.3577962209087059e-17,3.01665367407372e-16,1.0169572330076537e-07,7.813119497213084e-08,1.1052930139104842e-06,0.0,1.1102230246251565e-16,1.1241966189623221e-16,2.7755575615628914e-17
8,9,0,10,2,5,0.02090430846871033,0.02090425426572784,8.269107779415585e-08,5.270277945107164e-08,3.955695445172379e-06,0.020904203140180325,0.02090420314018033,2.42861286636753e-17,1.2177076576231854e-17,1.1617820828096773e-15,1.0532853000552733e-07,9.242410794335632e-08,5.038603891785446e-06,0.0,1.1102230246251565e-16,2.220446049250313e-16,2.7755575615628914e-17
8,9,2,23,1,5,0.11285161500223374,0.11285168876953174,1.8596473233545296e-07,9.476286802761331e-08,1.6478684046566139e-06,0.11285153320552552,0.11285153320552549,2.7755575615628914e-17,1.8177017950434897e-17,2.459477051594894e-16,1.6956956742919527e-07,1.5556400624616717e-07,1.5025877705338913e-06,0.0,5.551115123125783e-17,1.1102230246251565e-16,5.551115123125783e-17
8,10,0,11,1,5,0.10537850851229416,0.10537849210040742,3.117818285491847e-08,1.3421892434774074e-08,2.958685152701797e-07,0.1053784907312906,0.10537849073129062,4.163336342344337e-17,2.0310424639368075e-17,3.950840739369305e-16,2.967901228945191e-08,7.394514306424682e-09,2.816419847694975e-07,0.0,1.1102230246251565e-16,1.1102230246251565e-16,2.7755575615628914e-17
8,10,1,119,2,5,0.09131302776692121,0.09131301544165461,1.232526659900035e-08,6.623342984441004e-09,1.3497818329341683e-07,0.09131298664196541,0.09131298664196538,2.7755575615628914e-17,1.265568686709164e-17,3.039608782533576e-16,4.1124955801885577e-08,3.2113472492323325e-08,4.5037336738913156e-07,0.0,1.1102230246251565e-16,1.5633582962034095e-16,5.551115123125783e-17
8,11,0,12,2,5,0.006892649404799153,0.006892637490594709,1.592156533610639e-08,1.1376636521886923e-08,2.309934018263088e-06,0.006892607972095371,0.006892607972095358,3.729655473350135e-17,2.0632468941239766e-17,5.411094738667272e-15,4.1432703782630365e-08,3.675344137376874e-08,6.011143371630358e-06,0.0,1.1102230246251565e-16,2.220446049250313e-16,5.551115123125783e-17
8,11,2,25,1,5,0.10236099450521605,0.10236102945492655,8.948605348391148e-08,3.994303062750251e-08,8.742199444498123e-07,0.10236099160808422,0.10236099160808422,1.3877787807814457e-17,9.601069152740135e-18,1.355769184119395e-16,3.583847330013157e-08,5.364758018377991e-08,5.241016084876615e-07,0.0,2.7755575615628914e-17,1.3877787807814457e-16,2.7755575615628914e-17
8,12,0,13,1,5,0.08218101797808627,0.08218101103157138,2.0988379104136534e-08,8.213756506474943e-09,2.553920554955054e-07,0.08218101240955264,0.08218101240955264,1.3877787807814457e-17,7.401486830834378e-18,1.688685427560067e-16,1.751419713424962e-08,3.4741819698869136e-09,2.13117305737437e-07,0.0,2.7755575615628914e-17,1.1102230246251565e-16,0.0
8,12,1,124,2,5,0.07869427570441968,0.07869427162263837,4.081781315723454e-09,1.9936224365747763e-09,5.186884661159935e-08,0.07869426804713833,0.07869426804713832,1.3877787807814457e-17,9.577093645457362e-18,1.7635068159604177e-16,1.9466170397830496e-08,1.9752380314708162e-08,2.510014882009876e-07,0.0,2.7755575615628914e-17,5.897706789843556e-17,2.7755575615628914e-17
8,13,0,14,2,5,0.001141809933379867,0.0011418083491788313,1.584201058529855e-09,1.2529538278761474e-09,1.3874472556395334e-06,0.0011418007708694966,0.0011418007708694853,1.1492543028346347e-17,3.956267089026056e-18,1.0065278743501479e-14,9.16251037042827e-09,7.578309345942363e-09,8.024549535408542e-06,0.0,7.806255641895632e-18,1.1102230246251565e-16,5.551115123125783e-17
8,13,2,27,1,5,0.08218101103157144,0.0821810179780863,2.0988379159647685e-08,8.213756511363362e-09,2.5539205617097943e-07,0.08218101240955264,0.08218101240955264,1.3877787807814457e-17,6.7889811045435294e-18,1.688685427560067e-16,3.4741819837647014e-09,1.7514197175882984e-08,2.1311730624404254e-07,0.0,2.7755575615628914e-17,1.1102230246251565e-16,0.0
8,14,0,319,0,5,0.06302314235262094,0.06302314291203176,1.111409339560332e-09,5.799789916559034e-10,1.7634939931695355e-08,0.06302314288890155,0.06302314288890155,1.3877787807814457e-17,4.7765289832686404e-18,2.202014557141096e-16,4.820337275168729e-09,4.3585005535251575e-09,7.648519341374322e-08,0.0,7.806255641895632e-18,2.1298947178887054e-17,2.7755575615628914e-17
8,14,1,127,2,5,0.0630231423526209,0.06302314291203179,1.1114092979269685e-09,5.799790094272701e-10,1.763493927109098e-08,0.06302314288890155,0.06302314288890155,1.3877787807814457e-17,4.7765289832686404e-18,2.202014557141096e-16,4.820337275168729e-09,4.358500518830688e-09,7.648519341374318e-08,0.0,7.806255641895632e-18,4.2933310848780213e-17,2.7755575615628914e-17
8,15,0,16,1,5,0.06921645327987137,0.06921638642962018,6.685025119579358e-08,3.9558297007857224e-08,9.658144563618386e-07,0.06921631360903385,0.06921631360903385,2.7755575615628914e-17,1.3786401453366925e-17,4.009975996757845e-16,1.3967083752064458e-07,1.3737895027815528e-07,2.0178849233418005e-06,0.0,1.1102230246251565e-16,1.1102230246251565e-16,5.551115123125783e-17
8,15,2,194,1,5,0.06677710937952716,0.06677710937952717,2.7755575615628914e-17,1.8794973595304414e-17,4.156450597147043e-16,0.0667770673769244,0.06677706737692439,1.3877787807814457e-17,8.637667558308538e-18,2.0782266057718624e-16,7.218140419401609e-08,7.21814041731994e-08,1.0809303497067183e-06,0.0,2.7755575615628914e-17,4.310792136225502e-17,2.7755575615628914e-17
8,16,0,17,2,5,0.0737974832370121,0.07379756964667905,2.1787459490024697e-07,9.869383339760985e-08,2.9523275081193884e-06,0.07379747827634148,0.07379747827634149,1.3877787807814457e-17,9.440328518885472e-18,1.8805233094615774e-16,1.0003476155068247e-07,1.178398333495645e-07,1.5967982944932574e-06,0.0,2.7755575615628914e-17,2.220446049250313e-16,2.7755575615628914e-17
8,16,2,28,1,5,0.015280292576373866,0.015280341888167391,7.158213807248112e-08,3.355454439679006e-08,4.684590082890229e-06,0.015280307252150759,0.015280307252150757,5.204170427930421e-18,2.6435685146197773e-18,3.405802214610518e-16,2.0566503462510904e-08,5.101563461517439e-08,3.3386448411000062e-06,0.0,1.1102230246251565e-16,1.6653345369377348e-16,2.7755575615628914e-17
8,17,0,18,1,5,0.09611948124987457,0.09611941504970006,9.466746916930724e-08,4.1726800283879184e-08,9.84893675437213e-07,0.0961192192204822,0.09611921922048221,2.7755575615628914e-17,1.6615708845705503e-17,2.887619753960135e-16,2.952038878761831e-07,2.005364186929981e-07,3.071218071899117e-06,0.0,1.1102230246251565e-16,2.220446049250313e-16,5.551115123125783e-17
8,18,0,19,2,5,0.07134804187094491,0.07134808555149413,2.1567684049816904e-07,9.180061169510179e-08,3.022881957253196e-06,0.07134793836242455,0.07134793836242456,2.0816681711721685e-17,9.3725661636913e-18,2.91762904289955e-16,1.6012287695071903e-07,1.4718906957145172e-07,2.244249102313381e-06,0.0,5.551115123125783e-17,1.6653345369377348e-16,5.551115123125783e-17
8,18,2,30,1,5,0.039101652021885994,0.03910149348856539,1.5853332060306036e-07,8.350454863582496e-08,4.054389326423498e-06,0.039101501721279214,0.03910150172127922,1.3877787807814457e-17,7.957175241837563e-18,3.5491700310482193e-16,1.503006067798962e-07,1.8647530744975854e-07,4.7689879533832615e-06,0.0,5.551115123125783e-17,2.220446049250313e-16,5.551115123125783e-17
8,19,0,20,1,5,0.12442200480664788,0.12442201448902421,2.971833552717351e-07,1.3078026852805776e-07,2.3885110403669837e-06,0.12442169996606568,0.12442169996606571,2.7755575615628914e-17,1.4361638991275507e-17,2.2307664678427363e-16,4.155650412812628e-07,3.145229584972098e-07,3.339963936349235e-06,0.0,1.1102230246251565e-16,1.1102230246251565e-16,5.551115123125783e-17
8,20,0,21,2,5,0.053287012425738675,0.053286913936436045,9.848930263012257e-08,5.303775425864356e-08,1.8482796866755903e-06,0.0532867279101118,0.053286727910111784,1.3877787807814457e-17,1.0813824052113838e-17,2.6043610392487583e-16,2.845156268777016e-07,1.871439387207685e-07,5.339305281454941e-06,0.0,1.1102230246251565e-16,1.6653345369377348e-16,5.551115123125783e-17
8,20,2,32,1,5,0.08916648519414108,0.0891663765976194,1.0859652167793943e-07,5.87981112802058e-08,1.2179073947065826e-06,0.08916609162692035,0.08916609162692031,4.163336342344337e-17,1.9936655948501828e-17,4.669192364922917e-16,3.935672207300289e-07,4.1396156976597487e-07,4.642569109510838e-06,0.0,1.1102230246251565e-16,1.1102230246251565e-16,1.1102230246251565e-16
8,21,0,22,1,5,0.13766998982527262,0.13766999053069492,1.410728756590096e-07,5.912816276003148e-08,1.0247176971190099e-06,0.13766977661356847,0.1376697766135685,5.551115123125783e-17,3.2185111999137245e-17,4.032195925404498e-16,2.1321170415311563e-07,2.1391712642926386e-07,1.5538399153268545e-06,0.0,1.1102230246251565e-16,3.3306690738754696e-16,5.551115123125783e-17
8,22,0,23,2,5,0.026736439594026024,0.02673636405171628,1.1241134089626931e-07,7.076515061803365e-08,4.204424470990013e-06,0.026736160845902867,0.026736160845902846,2.0816681711721685e-17,1.0583635851277581e-17,7.785965169682056e-16,2.787481231565636e-07,2.580283509408948e-07,1.0425775734883076e-05,0.0,1.1102230246251565e-16,2.220446049250313e-16,5.551115123125783e-17
8,22,2,34,1,5,0.12534179335143533,0.12534185822447463,1.3873991841495403e-07,7.286571011629056e-08,1.1068921458503098e-06,0.1253415071605809,0.12534150716058098,8.326672684688674e-17,3.1835223210542715e-17,6.643188576008566e-16,3.3966961843212573e-07,3.5106389364991664e-07,2.8008511970613727e-06,0.0,1.1102230246251565e-16,1.1102230246251565e-16,1.1102230246251565e-16
8,23,0,24,1,5,0.12661031163441194,0.12661025124045786,1.1215763431882131e-07,5.471337542842784e-08,8.858491292769041e-07,0.12661019921616828,0.12661019921616828,2.7755575615628914e-17,1.7643938282134096e-17,2.192206930204758e-16,1.124182436584853e-07,7.559169337700844e-08,8.87907487212366e-07,0.0,5.551115123125783e-17,1.1102230246251565e-16,5.551115123125783e-17
8,24,0,25,2,5,0.007383629622075991,0.007383634956413398,1.2571772413892679e-08,9.076827356882602e-09,1.702653569428278e-06,0.007383516529836599,0.007383516529836599,2.862293735361732e-17,1.845973351836573e-17,3.876599617262692e-15,1.1309223939184182e-07,1.1842657681587765e-07,1.6039061724335756e-05,0.0,1.1102230246251565e-16,2.220446049250313e-16,5.551115123125783e-17
8,24,2,36,1,5,0.12661025124045783,0.12661031163441203,1.1215763442984361e-07,5.47133754549572e-08,8.858491301537856e-07,0.12661019921616828,0.12661019921616828,4.163336342344337e-17,2.108269734190716e-17,3.288310395307137e-16,7.559169336313065e-08,1.1241824374175202e-07,8.879074878700269e-07,0.0,1.1102230246251565e-16,1.1102230246251565e-16,5.551115123125783e-17
8,25,0,26,1,5,0.10236102945492656,0.10236099450521605,8.94860534561559e-08,3.9943030614494615e-08,8.742199441786584e-07,0.1023609916080842,0.10236099160808422,2.7755575615628914e-17,1.6971550394525344e-17,2.71153836823879e-16,5.3647580197657696e-08,3.5838473258498205e-08,5.241016086232384e-07,0.0,2.7755575615628914e-17,1.3877787807814457e-16,2.7755575615628914e-17
8,26,0,27,2,5,0.006892649404799195,0.006892637490594722,1.5921565308350816e-08,1.1376636486913812e-08,2.309934014236237e-06,0.006892607972095371,0.006892607972095358,2.4936649967166602e-17,1.952194518244495e-17,3.617883110155443e-15,4.143270382426373e-08,3.675344136639617e-08,6.011143377670577e-06,0.0,1.1102230246251565e-16,2.220446049250313e-16,5.551115123125783e-17
8,26,2,38,1,5,0.10537849210040745,0.10537850851229423,3.117818289655183e-08,1.3421892428404287e-08,2.958685156652635e-07,0.1053784907312906,0.10537849073129062,2.7755575615628914e-17,1.265568686709164e-17,2.6338938262462034e-16,7.394514306424682e-09,2.9679012275574124e-08,2.816419846378026e-07,0.0,5.551115123125783e-17,1.1102230246251565e-16,2.7755575615628914e-17
8,27,0,318,0,5,0.07869427570441961,0.07869427162263831,4.081781301845666e-09,1.993622427777655e-09,5.186884643524873e-08,0.07869426804713832,0.07869426804713833,1.3877787807814457e-17,9.577093645457362e-18,1.7635068159604177e-16,1.9466170342319344e-08,1.97523802730748e-08,2.5100148767193584e-07,0.0,2.7755575615628914e-17,3.592326780187918e-17,2.7755575615628914e-17
8,28,0,29,1,5,0.057019454657785455,0.05701922386061904,2.3079716641311032e-07,1.257736265834805e-07,4.047691578221666e-06,0.05701921853840128,0.05701921853840128,1.3877787807814457e-17,6.042411021666685e-18,2.4338789908998927e-16,2.361193841768361e-07,2.3250636410621084e-07,4.1410319617042546e-06,0.0,1.1102230246251565e-16,2.220446049250313e-16,2.7755575615628914e-17
8,28,2,196,1,5,0.05983831209858221,0.0598383120985822,2.7755575615628914e-17,1.8415696707999025e-17,4.638428899849691e-16,0.05983817951618414,0.05983817951618412,2.0816681711721685e-17,8.280135199951487e-18,3.4788293828510436e-16,1.3258239806718253e-07,1.3258239808106032e-07,2.215677438605453e-06,0.0,1.1102230246251565e-16,4.028677162045008e-17,5.551115123125783e-17
8,29,0,30,2,5,0.05942072862479416,0.059420812742032356,3.60121802545077e-07,1.7113080130333726e-07,6.060533101566591e-06,0.059420535466291495,0.05942053546629149,1.3877787807814457e-17,8.092562854040992e-18,2.335520489492584e-16,3.3146567044589625e-07,2.7727574086755524e-07,5.57827561001077e-06,0.0,5.551115123125783e-17,1.1102230246251565e-16,5.551115123125783e-17
8,29,2,39,1,5,0.014013910737036587,0.014013880729408611,8.182551055127552e-08,3.4812463428187536e-08,5.83887767566718e-06,0.014013846011986731,0.014013846011986734,3.469446951953614e-18,1.5765270824221562e-18,2.475727897242502e-16,6.472504985623184e-08,4.8443915752136024e-08,4.618628666241865e-06,0.0,1.1102230246251565e-16,2.220446049250313e-16,0.0
8,30,0,31,1,5,0.08545796732234276,0.08545770644306837,2.608792743913346e-07,1.1220449180393812e-07,3.052720332175844e-06,0.08545752378311137,0.0854575237831114,3.469446951953614e-17,1.8372784044537598e-17,4.059849616938311e-16,4.4353923138451545e-07,3.7599971504376217e-07,5.190144878025355e-06,0.0,1.1102230246251565e-16,1.1102230246251565e-16,5.551115123125783e-17
8,31,0,32,2,5,0.04539900592320764,0.0453989434723948,2.753344559868788e-07,1.1417827271787384e-07,6.064768388378518e-06,0.045398559272016914,0.045398559272016914,1.0408340855860843e-17,7.35688984802553e-18,2.292658847056499e-16,4.951947047710653e-07,3.842003778870007e-07,1.0907611184453829e-05,0.0,1.1102230246251565e-16,1.6653345369377348e-16,1.1102230246251565e-16
8,31,2,41,1,5,0.06156701055123809,0.06156715934807574,1.4879683764984497e-07,6.32751926922595e-08,2.4168215526821374e-06,0.06156685967371885,0.06156685967371887,2.0816681711721685e-17,1.3378085291651888e-17,3.381150479664262e-16,3.022596951618439e-07,2.996743568711713e-07,4.909430585435821e-06,0.0,1.1102230246251565e-16,2.220446049250313e-16,5.551115123125783e-17
8,32,0,33,1,5,0.11472797044251984,0.11472788565601284,1.1145257906852724e-07,5.190186641597262e-08,9.714508034844597e-07,0.11472747419158841,0.11472747419158846,5.551115123125783e-17,2.392111939118835e-17,4.838522910262743e-16,5.080303647347906e-07,4.1146442437967057e-07,4.4281299736695e-06,0.0,1.1102230246251565e-16,1.1102230246251565e-16,5.551115123125783e-17
8,33,0,34,2,5,0.01962810051753365,0.019628045918504516,5.5066777646453624e-08,4.6450634882148186e-08,2.805507216414693e-06,0.019627655843042324,0.01962765584304232,8.673617379884035e-18,6.233772752761386e-18,4.419079613604845e-16,4.446744913330636e-07,3.900754621949387e-07,2.265499358615159e-05,0.0,1.1102230246251565e-16,2.220446049250313e-16,5.551115123125783e-17
8,33,2,43,1,5,0.11472788565601287,0.11472797044251988,1.1145257905464945e-07,5.190186640370207e-08,9.714508033634967e-07,0.11472747419158841,0.11472747419158845,4.163336342344337e-17,1.5856460090130372e-17,3.628892182697057e-16,4.114644244629373e-07,5.08030364707035e-07,4.428129973427573e-06,0.0,1.1102230246251565e-16,1.1102230246251565e-16,5.551115123125783e-17
8,34,0,35,1,5,0.12534185822447447,0.12534179335143528,1.387399183455651e-07,7.28657101015694e-08,1.1068921452967139e-06,0.1253415071605809,0.12534150716058098,8.326672684688674e-17,3.255106298268809e-17,6.643188576008566e-16,3.510638935666499e-07,3.396696184460035e-07,2.8008511963970595e-06,0.0,1.1102230246251565e-16,2.220446049250313e-16,1.1102230246251565e-16
8,35,0,36,2,5,0.026736439594025968,0.02673636405171631,1.1241134090255768e-07,7.076515061640951e-08,4.20442447122522e-06,0.02673616084590284,0.026736160845902857,2.2985086056692694e-17,1.4424881684460177e-17,8.597003208190607e-16,2.7874812312880803e-07,2.580283509395938e-07,1.0425775733844979e-05,0.0,1.1102230246251565e-16,1.1102230246251565e-16,5.551115123125783e-17
8,35,2,45,1,5,0.137669990530695,0.13766998982527262,1.410728755618651e-07,5.912816273877465e-08,1.0247176964133762e-06,0.13766977661356847,0.1376697766135685,4.163336342344337e-17,3.0534858973968156e-17,3.0241469440533733e-16,2.1391712654028616e-07,2.1321170412536006e-07,1.5538399161332914e-06,0.0,1.1102230246251565e-16,1.1102230246251565e-16,5.551115123125783e-17
8,36,0,37,1,5,0.1128516887695317,0.1128516150022337,1.8596473225218624e-07,9.476286799890795e-08,1.6478684039187724e-06,0.11285153320552552,0.11285153320552552,5.551115123125783e-17,2.8548931108547747e-17,4.918954103189788e-16,1.5556400617677824e-07,1.695695673875619e-07,1.5025877701649708e-06,0.0,5.551115123125783e-17,1.942890293094024e-16,5.551115123125783e-17
8,37,0,38,2,5,0.02090430846871029,0.02090425426572785,8.269107788783092e-08,5.270277947304431e-08,3.955695449653524e-06,0.020904203140180336,0.020904203140180308,2.7755575615628914e-17,1.5975843654747615e-17,1.327750951782488e-15,1.0532852995348563e-07,9.242410794682576e-08,5.038603889295936e-06,0.0,1.1102230246251565e-16,1.1102230246251565e-16,2.7755575615628914e-17
8,37,2,47,1,5,0.1253198137940847,0.1253198074794165,5.435434394240879e-08,2.156589395823836e-08,4.3372506147925996e-07,0.12531977713408746,0.12531977713408746,5.551115123125783e-17,2.7155924418174118e-17,4.4295603216611997e-16,3.977630561036172e-08,3.0345329055103676e-08,3.1739837784724853e-07,0.0,1.1102230246251565e-16,2.220446049250313e-16,0.0
8,38,0,315,0,5,0.09131302776692117,0.09131301544165457,1.232526659900035e-08,6.623342959085789e-09,1.3497818329341688e-07,0.09131298664196538,0.09131298664196541,2.7755575615628914e-17,1.265568686709164e-17,3.039608782533576e-16,4.112495578800779e-08,3.211347247844554e-08,4.503733672371514e-07,0.0,1.1102230246251565e-16,2.014338581022504e-17,5.551115123125783e-17
8,39,0,40,1,5,0.03468500986003528,0.03468470699276862,3.028672666618992e-07,1.4563343329256245e-07,8.731935435049956e-06,0.03468479881492794,0.034684798814927933,1.6479873021779667e-17,7.47534980974636e-18,4.751324379799176e-16,2.1104510734143433e-07,2.074454572885756e-07,6.0846200763115384e-06,0.0,1.1102230246251565e-16,3.3306690738754696e-16,2.7755575615628914e-17
8,39,2,198,1,5,0.03536788838508288,0.035367888385082896,1.3877787807814457e-17,8.128028055360444e-18,3.923838386028069e-16,0.035367665029889174,0.035367665029889174,2.7755575615628914e-17,1.3683628878289629e-17,7.847726331996389e-16,2.2335519370836332e-07,2.233551937222411e-07,6.315197313743094e-06,0.0,1.1102230246251565e-16,1.6862949284434832e-16,2.7755575615628914e-17
8,40,0,41,2,5,0.021368345663211056,0.021368178149416064,1.6751379499149732e-07,8.438775782732774e-08,7.83934318695988e-06,0.021367887252996584,0.02136788725299658,2.2551405187698492e-17,1.4471016756384362e-17,1.055387690916234e-15,4.584102144856994e-07,2.9089641949767153e-07,2.145277045358379e-05,0.0,1.1102230246251565e-16,1.3877787807814457e-16,1.1102230246251565e-16
8,40,2,48,1,5,0.034684706992768606,0.03468500986003529,3.028672666827159e-07,1.4563343329987465e-07,8.731935435650118e-06,0.034684798814927933,0.034684798814927933,1.6479873021779667e-17,6.705147155034356e-18,4.751324379799177e-16,2.0744545727686622e-07,2.1104510735531212e-07,6.084620076711646e-06,0.0,1.1102230246251565e-16,2.220446049250313e-16,2.7755575615628914e-17
8,41,0,42,1,5,0.0615671593480757,0.06156701055123808,1.487968376220894e-07,6.32751926792921e-08,2.416821552231321e-06,0.06156685967371885,0.061566859673718874,2.7755575615628914e-17,1.65857377216551e-17,4.508200639552349e-16,2.996743568503546e-07,3.022596951583745e-07,4.909430585379471e-06,0.0,1.1102230246251565e-16,2.220446049250313e-16,5.551115123125783e-17
8,42,0,43,2,5,0.04539900592320765,0.04539894347239482,2.753344560410889e-07,1.1417827273915267e-07,6.064768389572599e-06,0.04539855927201692,0.045398559272016914,2.7755575615628914e-17,1.580364731663945e-17,6.113756925483996e-16,4.951947048209386e-07,3.8420037790781736e-07,1.0907611185552383e-05,0.0,1.1102230246251565e-16,1.1102230246251565e-16,1.1102230246251565e-16
8,42,2,50,1,5,0.08545770644306842,0.08545796732234279,2.6087927436357905e-07,1.1220449181081421e-07,3.052720331851057e-06,0.08545752378311136,0.0854575237831114,4.163336342344337e-17,2.1251713794121218e-17,4.871819540325973e-16,3.7599971507151775e-07,4.4353923138451545e-07,5.190144878025353e-06,0.0,1.1102230246251565e-16,2.220446049250313e-16,5.551115123125783e-17
8,43,0,44,1,5,0.08916637659761933,0.08916648519414103,1.0859652169181722e-07,5.879811129643702e-08,1.2179073948622223e-06,0.08916609162692035,0.08916609162692035,3.469446951953614e-17,1.9314411827422517e-17,3.8909936374357637e-16,4.139615698284249e-07,3.9356722067451777e-07,4.642569110211216e-06,0.0,1.1102230246251565e-16,1.6653345369377348e-16,1.1102230246251565e-16
8,44,0,45,2,5,0.05328701242573869,0.053286913936436094,9.84893025954281e-08,5.303775426931932e-08,1.8482796860245031e-06,0.05328672791011179,0.05328672791011179,1.0408340855860843e-17,7.090973574922938e-18,1.953270779436569e-16,2.845156268985183e-07,1.871439387277074e-07,5.339305281845592e-06,0.0,1.1102230246251565e-16,1.6653345369377348e-16,5.551115123125783e-17
8,44,2,52,1,5,0.12442201448902426,0.12442200480664789,2.971833552023462e-07,1.3078026849022138e-07,2.388511039809292e-06,0.12442169996606568,0.12442169996606571,4.163336342344337e-17,1.8511840618963817e-17,3.3461497017641047e-16,3.145229585804765e-07,4.1556504125350724e-07,3.3399639361261573e-06,0.0,1.1102230246251565e-16,2.220446049250313e-16,5.551115123125783e-17
8,45,0,46,1,5,0.09963596660199,0.09963599437521854,7.657856367082605e-08,3.199205119658728e-08,7.685833232359717e-07,0.09963573965229511,0.09963573965229512,8.326672684688674e-17,4.184459633520709e-17,8.3571143384359555e-16,2.2694969489811534e-07,2.961982936700025e-07,2.972804110877353e-06,0.0,1.1102230246251565e-16,1.1102230246251565e-16,1.1102230246251565e-16
8,46,0,47,2,5,0.042824170384371876,0.042824071763227,1.48514490393159e-07,8.03099722925497e-08,3.4680062464761122e-06,0.04282403958812527,0.04282403958812527,1.734723475976807e-17,1.200101741031224e-17,4.050817000593822e-16,1.3079624660433664e-07,1.0352309694899864e-07,3.0542622409345966e-06,0.0,1.1102230246251565e-16,2.220446049250313e-16,2.7755575615628914e-17
8,46,2,54,1,5,0.1301793877127972,0.13017932217352285,2.3522354478111573e-07,1.0525851187705557e-07,1.806918506177551e-06,0.130179267843376,0.13017926784337602,4.163336342344337e-17,2.6276117563370344e-17,3.198156212826006e-16,1.198694211945739e-07,1.4027466219146412e-07,1.077548947310608e-06,0.0,1.1102230246251565e-16,1.1102230246251565e-16,2.7755575615628914e-17
8,47,0,310,0,5,0.09200793094762244,0.09200790738309408,2.3564528356390113e-08,1.40311592954678e-08,2.5611409922699755e-07,0.09200782925189918,0.09200782925189918,2.7755575615628914e-17,1.3577962209087059e-17,3.01665367407372e-16,1.0169572325913201e-07,7.81311949027419e-08,1.1052930134579873e-06,0.0,1.1102230246251565e-16,8.431474642217415e-17,2.7755575615628914e-17
8,48,0,49,1,5,0.01401388072940863,0.01401391073703658,8.182551056341858e-08,3.481246342977336e-08,5.838877676533683e-06,0.014013846011986728,0.014013846011986734,6.938893903907228e-18,3.964517948547547e-18,4.951455794485004e-16,4.844391576427909e-08,6.47250498458235e-08,4.6186286654991525e-06,0.0,1.1102230246251565e-16,1.1102230246251565e-16,0.0
8,48,2,200,1,5,0.0353678883850829,0.03536788838508289,1.3877787807814457e-17,9.224912045388103e-18,3.9238383860280686e-16,0.035367665029889174,0.035367665029889174,2.7755575615628914e-17,1.3683628878289629e-17,7.847726331996389e-16,2.2335519372918e-07,2.2335519371530221e-07,6.315197313939286e-06,0.0,1.1102230246251565e-16,1.1241966189623221e-16,2.7755575615628914e-17
8,49,0,50,2,5,0.05942072862479416,0.0594208127420324,3.601218025485464e-07,1.7113080130587164e-07,6.060533101624974e-06,0.059420535466291495,0.05942053546629149,6.938893903907228e-18,6.514939856029337e-18,1.167760244746292e-16,3.3146567045977404e-07,2.772757409091886e-07,5.578275610244316e-06,0.0,5.551115123125783e-17,2.220446049250313e-16,5.551115123125783e-17
8,49,2,55,1,5,0.057019223860619056,0.05701945465778548,2.307971664269881e-07,1.257736265916926e-07,4.047691578465051e-06,0.05701921853840128,0.057019218538401285,1.0408340855860843e-17,4.30550504197874e-18,1.8254092431749195e-16,2.3250636409927194e-07,2.3611938419765277e-07,4.1410319620693325e-06,0.0,1.1102230246251565e-16,1.6653345369377348e-16,2.7755575615628914e-17
8,50,0,51,1,5,0.03910149348856537,0.03910165202188599,1.5853332061693814e-07,8.350454864542875e-08,4.054389326778414e-06,0.039101501721279214,0.03910150172127923,2.0816681711721685e-17,1.1931468398410196e-17,5.323755046572327e-16,1.864753074350134e-07,1.5030060675907952e-07,4.768987953006164e-06,0.0,5.551115123125783e-17,1.6653345369377348e-16,5.551115123125783e-17
8,51,0,52,2,5,0.07134804187094498,0.07134808555149423,2.1567684041490232e-07,9.180061168711194e-08,3.0228819560861425e-06,0.07134793836242455,0.07134793836242456,2.7755575615628914e-17,1.6615708845705503e-17,3.8901720571993997e-16,1.601228768813301e-07,1.4718906966859624e-07,2.244249101340837e-06,0.0,1.1102230246251565e-16,1.6653345369377348e-16,5.551115123125783e-17
8,51,2,57,1,5,0.09611941504970009,0.09611948124987457,9.466746915542945e-08,4.172680027697166e-08,9.848936752928323e-07,0.09611921922048218,0.09611921922048218,2.7755575615628914e-17,1.1719692015998991e-17,2.887619753960136e-16,2.005364186791203e-07,2.9520388786230534e-07,3.0712180717547364e-06,0.0,1.1102230246251565e-16,1.1102230246251565e-16,5.551115123125783e-17
8,52,0,53,1,5,0.06436480994528326,0.06436501800564032,2.0806035705422943e-07,1.1484005271947256e-07,3.232506779319118e-06,0.06436478890131427,0.06436478890131428,2.0816681711721685e-17,1.1248036455896015e-17,3.2341722962283534e-16,2.507333360449171e-07,2.2910432603828745e-07,3.895490808733174e-06,0.0,5.551115123125783e-17,1.942890293094024e-16,5.551115123125783e-17
8,53,0,54,2,5,0.06333352663439448,0.06333348129397612,4.534041836423697e-08,2.3822673779978586e-08,7.158991575816336e-07,0.06333346506639735,0.06333346506639737,1.3877787807814457e-17,1.2570811274947086e-17,2.191225096126558e-16,6.156799713108452e-08,1.6227578752969762e-08,9.721233034518693e-07,0.0,1.1102230246251565e-16,2.220446049250313e-16,0.0
8,53,2,59,1,5,0.11616433944329274,0.11616428343226944,2.1302408162449105e-07,1.0954655536877335e-07,1.833816493472868e-06,0.11616418321285582,0.11616418321285586,4.163336342344337e-17,1.5104710896937204e-17,3.584010343976302e-16,1.5623043692070127e-07,1.9783294390174344e-07,1.7030436780326924e-06,0.0,1.1102230246251565e-16,1.1102230246251565e-16,2.7755575615628914e-17
8,54,0,303,0,5,0.07552351952001538,0.07552349875237567,2.3564528377206795e-08,1.4031159329776573e-08,3.120157604805703e-07,0.07552344787163652,0.07552344787163652,1.3877787807814457e-17,7.59031162386047e-18,1.837546907471948e-16,1.452239988194992e-07,1.2165947044229242e-07,1.922897658139617e-06,0.0,1.1102230246251565e-16,8.431474642217415e-17,2.7755575615628914e-17
8,55,0,56,1,5,0.015280341888167397,0.015280292576373875,7.15821380638075e-08,3.355454439757619e-08,4.684590082322595e-06,0.015280307252150762,0.015280307252150753,8.673617379884035e-18,4.158871686804763e-18,5.676337024350863e-16,5.101563459609243e-08,2.0566503467715075e-08,3.3386448398512137e-06,0.0,1.1102230246251565e-16,2.220446049250313e-16,2.7755575615628914e-17
8,55,2,202,1,5,0.05983831209858222,0.0598383120985822,4.163336342344337e-17,3.059264087868098e-17,6.957643349774535e-16,0.05983817951618412,0.05983817951618414,2.0816681711721685e-17,8.280135199951487e-18,3.4788293828510436e-16,1.32582398101877e-07,1.3258239806024363e-07,2.2156774389533347e-06,0.0,1.1102230246251565e-16,1.5633582962034095e-16,5.551115123125783e-17
8,56,0,57,2,5,0.07379748323701213,0.0737975696466791,2.178745948724914e-07,9.869383340430828e-08,2.952327507743282e-06,0.07379747827634149,0.07379747827634148,1.3877787807814457e-17,9.12694054527701e-18,1.8805233094615774e-16,1.0003476158537694e-07,1.1783983329405334e-07,1.596798293741048e-06,0.0,2.7755575615628914e-17,1.942890293094024e-16,2.7755575615628914e-17
8,56,2,60,1,5,0.06921638642962019,0.0692164532798714,6.685025120967136e-08,3.955829702309114e-08,9.658144565623368e-07,0.06921631360903385,0.06921631360903384,1.3877787807814457e-17,8.30093329486838e-18,2.0049879983789226e-16,1.3737895030591085e-07,1.3967083756227794e-07,2.017884923943295e-06,0.0,1.1102230246251565e-16,1.1102230246251565e-16,5.551115123125783e-17
8,57,0,58,1,5,0.027861674211998325,0.027861843733603505,1.6952160518043935e-07,8.448790891340271e-08,6.0843642223139525e-06,0.027861761257669485,0.027861761257669496,1.0408340855860843e-17,6.981087546136522e-18,3.735708148384102e-16,9.649454656493472e-08,8.247593400942388e-08,3.463322366156083e-06,0.0,2.7755575615628914e-17,1.6653345369377348e-16,2.7755575615628914e-17
8,58,0,59,2,5,0.07239527692392884,0.07239530215900368,7.518186244392933e-08,3.024599078653531e-08,1.0384908992962754e-06,0.07239527879006484,0.07239527879006484,2.0816681711721685e-17,1.2451399942302572e-17,2.875419786984571e-16,1.9801410275355202e-08,5.538045214775744e-08,7.6497300924477e-07,0.0,5.551115123125783e-17,1.6653345369377348e-16,2.7755575615628914e-17
8,58,2,62,1,5,0.09291058082586885,0.09291057060456892,7.254451575566812e-08,4.2298237801404486e-08,7.807992922962089e-07,0.09291047308790563,0.09291047308790563,4.163336342344337e-17,2.4902799884605143e-17,4.481019420066098e-16,1.077379632175024e-07,1.379536979650986e-07,1.4848007270953204e-06,0.0,1.1102230246251565e-16,1.3877787807814457e-16,5.551115123125783e-17
8,59,0,294,0,5,0.048846424089447296,0.04884641733158032,1.2325266612878139e-08,6.623342994921417e-09,2.5232689685345605e-07,0.04884645503095747,0.04884645503095748,6.938893903907228e-18,4.788546822728681e-18,1.4205521975974628e-16,1.0378270891286956e-07,9.145744229305253e-08,2.1246722786145908e-06,0.0,1.1102230246251565e-16,2.014338581022504e-17,5.551115123125783e-17
8,60,0,61,1,5,0.00802492412966746,0.008024879992413435,7.021449352495601e-08,3.1429564202904053e-08,8.749552318554516e-06,0.0080249016491821,0.008024901649182103,1.1275702593849246e-17,6.8339149667181455e-18,1.405089194457413e-15,5.2204887597724625e-08,2.1656768668318338e-08,6.505343446765759e-06,0.0,2.7755575615628914e-17,1.3877787807814457e-16,0.0
8,60,2,204,1,5,0.0667771093795272,0.0667771093795272,4.163336342344337e-17,2.832098555665641e-17,6.234675895720562e-16,0.06677706737692439,0.0667770673769244,1.3877787807814457e-17,8.637667558308538e-18,2.0782266057718624e-16,7.218140411768825e-08,7.218140416626051e-08,1.0809303492910727e-06,0.0,2.7755575615628914e-17,5.897706789843556e-17,2.7755575615628914e-17
8,61,0,62,2,5,0.07016013881991909,0.07016017403681551,7.454658074862452e-08,3.1134368874937075e-08,1.0625198949692928e-06,0.0701601553790159,0.07016015537901592,1.3877787807814457e-17,8.637667558308538e-18,1.9780155464087159e-16,1.884856619394082e-08,5.56980145616226e-08,7.938693899532788e-07,0.0,2.7755575615628914e-17,1.1102230246251565e-16,0.0
8,61,2,63,1,5,0.07093433150055357,0.07093433899563693,9.728301914035953e-09,4.743513709662583e-09,1.3714516906451086e-07,0.07093427954276602,0.07093427954276604,2.7755575615628914e-17,1.0680643503086635e-17,3.912857900938455e-16,5.7503700058580964e-08,6.723200195873913e-08,9.478061388980373e-07,0.0,7.806255641895632e-18,1.1102230246251565e-16,5.551115123125783e-17
8,62,0,283,0,5,0.024534025809532622,0.024534025523322657,4.0817813504179234e-09,1.9936224312398253e-09,1.6637226120598435e-07,0.024534078238556425,0.02453407823855643,5.204170427930421e-18,2.8120091139740038e-18,2.1212007140956405e-16,5.242902380298009e-08,5.271523377189946e-08,2.1486535283422655e-06,0.0,2.7755575615628914e-17,3.592326780187918e-17,2.7755575615628914e-17
8,63,0,270,0,5,0.008480334017751709,0.008480334479588451,1.1114092909880746e-09,5.799789928335039e-10,1.3105724705353968e-07,0.008480363384296884,0.008480363384296884,4.336808689942018e-19,2.594041654646369e-19,5.113942048724587e-17,2.9366545174769332e-08,2.890470843230908e-08,3.4628875962022404e-06,0.0,7.806255641895632e-18,2.1298947178887054e-17,2.7755575615628914e-17
8,63,2,206,1,5,0.062469601849366244,0.06246960184936621,6.938893903907228e-17,4.7606261803891005e-17,1.1107632670109012e-15,0.06246959160842929,0.06246959160842931,2.0816681711721685e-17,7.16479347490296e-18,3.3322903473108015e-16,3.372504567972223e-08,3.3725045700538914e-08,5.398633047455713e-07,0.0,7.806255641895632e-18,4.2933310848780213e-17,2.7755575615628914e-17
8,64,0,65,1,5,0.06979253064645807,0.06979252156717373,1.1312502927462997e-08,5.8424280214319794e-09,1.6208758763552728e-07,0.06979247877189654,0.06979247877189657,2.7755575615628914e-17,1.1941322458171601e-17,3.9768720217464593e-16,5.965369265920062e-08,4.834118971092094e-08,8.547288958668531e-07,0.0,7.806255641895632e-18,1.1102230246251565e-16,5.551115123125783e-17
8,64,1,128,2,5,0.0707943073994842,0.07079430739948424,4.163336342344337e-17,3.470516423196761e-17,5.88089140960318e-16,0.07079433194569207,0.07079433194569207,1.3877787807814457e-17,4.7765289832686404e-18,1.9602964568491755e-16,2.4546207871845027e-08,2.4546207830211664e-08,3.4672560920095946e-07,0.0,7.806255641895632e-18,2.1298947178887057e-17,2.7755575615628914e-17
8,65,0,66,2,5,0.0210659065392233,0.02106585298102178,5.35582015195879e-08,2.3016831351702598e-08,2.542411427671823e-06,0.02106589116483918,0.02106589116483918,1.0408340855860843e-17,6.829644102552047e-18,4.9408500093427215e-16,1.5374384119970497e-08,3.8183817399617404e-08,1.8125883796418495e-06,0.0,2.7755575615628914e-17,1.1102230246251565e-16,0.0
8,65,2,79,1,5,0.08397190770133377,0.08397185847521933,4.9226114434697266e-08,2.3596860428825846e-08,5.862212230521396e-07,0.0839718931659098,0.08397189316590982,1.3877787807814457e-17,4.7765289832686404e-18,1.6526705882878012e-16,2.0278787343785964e-08,3.469069048689377e-08,4.1312257201872244e-07,0.0,2.7755575615628914e-17,1.1102230246251565e-16,0.0
8,66,0,67,1,5,0.08601793311397417,0.08601793142106968,6.104219096858543e-08,3.284718628249283e-08,7.096449398255622e-07,0.08601786511581029,0.08601786511581029,4.163336342344337e-17,2.3498160798039328e-17,4.840083320760196e-16,1.0120025657756049e-07,6.630525939410603e-08,1.1765018399531836e-06,0.0,1.1102230246251565e-16,1.1102230246251565e-16,5.551115123125783e-17
8,66,1,143,2,5,0.10024987255292027,0.10024987255292032,5.551115123125783e-17,3.812580123811891e-17,5.537278982769217e-16,0.10024990551577367,0.10024990551577366,1.3877787807814457e-17,9.577093645457362e-18,1.384319290518521e-16,3.2962853405149595e-08,3.2962853335760656e-08,3.288068276529508e-07,0.0,2.7755575615628914e-17,4.310792136225502e-17,2.7755575615628914e-17
8,67,0,68,2,5,0.04179745199974175,0.041797407996062005,4.4003679741666524e-08,1.7188920626480778e-08,1.0527837855268882e-06,0.04179743369750191,0.04179743369750191,1.3877787807814457e-17,7.957175241837563e-18,3.320248776097439e-16,1.8302239834788736e-08,2.5701439906877788e-08,6.149044661152213e-07,0.0,1.1102230246251565e-16,1.1102230246251565e-16,2.7755575615628914e-17
8,67,2,81,1,5,0.12225435597863517,0.12225427594308343,8.003555174163068e-08,4.567052070652301e-08,6.546642129922755e-07,0.12225430934117436,0.12225430934117436,4.163336342344337e-17,1.9740773032063472e-17,3.405472056388409e-16,4.663746080990627e-08,5.864770413754883e-08,4.797187279592552e-07,0.0,2.7755575615628914e-17,1.1102230246251565e-16,2.7755575615628914e-17
8,68,0,69,1,5,0.09526002916654143,0.09526003097458238,1.3033300395870473e-07,6.116871260435877e-08,1.3681814148630777e-06,0.09525998007267548,0.0952599800726755,5.551115123125783e-17,2.8548931108547747e-17,5.827331812258138e-16,1.0540883600695938e-07,5.090190688394891e-08,1.1065379144699726e-06,0.0,1.1102230246251565e-16,2.220446049250313e-16,2.7755575615628914e-17
8,68,1,156,2,5,0.13216960855456766,0.13216960855456772,5.551115123125783e-17,4.651194547336526e-17,4.199993617166493e-16,0.13216961414047235,0.13216961414047235,2.7755575615628914e-17,1.660186658973676e-17,2.0999967198307599e-16,6.26577530971062e-08,6.265775312486177e-08,4.7407078799721645e-07,0.0,1.1102230246251565e-16,4.028677162045008e-17,5.551115123125783e-17
8,69,0,70,2,5,0.06734876521030132,0.06734874494654752,3.902575027719957e-08,1.8918398955400393e-08,5.794575469251571e-07,0.06734874438506734,0.06734874438506734,1.3877787807814457e-17,1.1121488249010074e-17,2.0605859744716278e-16,2.490799995424897e-08,1.4191410116493053e-08,3.698360300515082e-07,0.0,1.1102230246251565e-16,2.220446049250313e-16,0.0
8,69,2,83,1,5,0.15938941980964838,0.15938942855774468,3.7416185177940875e-08,2.3791492245456787e-08,2.347469685819564e-07,0.15938947608157608,0.15938947608157608,2.7755575615628914e-17,1.3577962209087059e-17,1.7413681441190958e-16,6.063234395115025e-08,9.516932991671112e-08,5.970866600251772e-07,0.0,5.551115123125783e-17,1.1102230246251565e-16,5.551115123125783e-17
8,70,0,71,1,5,0.08791039772757442,0.0879104109937216,8.670905451979571e-08,3.880565608150937e-08,9.863343094367779e-07,0.0879104203250802,0.08791042032508019,2.7755575615628914e-17,1.755131216246425e-17,3.157256615654066e-16,3.6751565235526584e-08,4.995748929814692e-08,5.682772203046152e-07,0.0,1.1102230246251565e-16,3.3306690738754696e-16,2.7755575615628914e-17
8,70,1,167,2,5,0.1537782441329402,0.15377824413294014,1.1102230246251565e-16,6.988675367311056e-17,7.219636502452041e-16,0.15377827423782692,0.1537782742378269,2.7755575615628914e-17,1.920213830548027e-17,1.804908772269308e-16,4.3528275511794945e-08,4.3528275456283794e-08,2.830586812573795e-07,0.0,1.1102230246251565e-16,1.6862949284434832e-16,2.7755575615628914e-17
8,71,0,72,2,5,0.08791041099372164,0.08791039772757443,8.670905447816235e-08,3.8805656060146976e-08,9.863343089631888e-07,0.0879104203250802,0.08791042032508019,6.938893903907228e-17,3.7769023904042445e-17,7.893141539135165e-16,4.995748927039134e-08,3.675156524940437e-08,5.682772199888894e-07,0.0,1.1102230246251565e-16,2.220446049250313e-16,2.7755575615628914e-17
8,71,2,85,1,5,0.17596442637317894,0.17596444490793098,4.8805335273183204e-08,3.571492651123976e-08,2.773590727303995e-07,0.1759643849980197,0.1759643849980197,8.326672684688674e-17,4.795743070759807e-17,4.732021587653878e-16,4.3881054345717985e-08,7.968276388714557e-08,4.528344571475084e-07,0.0,1.1102230246251565e-16,1.6653345369377348e-16,1.1102230246251565e-16
8,72,0,73,1,5,0.06734874494654747,0.0673487652103013,3.9025750235566203e-08,1.891839893690844e-08,5.794575463069818e-07,0.06734874438506731,0.06734874438506733,2.7755575615628914e-17,2.0647138206237214e-17,4.1211719489432566e-16,1.4191410060981902e-08,2.490799993343229e-08,3.698360297424206e-07,0.0,1.1102230246251565e-16,1.1102230246251565e-16,0.0
8,72,1,176,2,5,0.15377824413294017,0.1537782441329401,5.551115123125783e-17,5.551115123125783e-17,3.6098182512260217e-16,0.1537782742378269,0.15377827423782692,2.7755575615628914e-17,1.920213830548027e-17,1.804908772269308e-16,4.352827540077264e-08,4.352827534526149e-08,2.83058680535416e-07,0.0,1.1102230246251565e-16,1.1241966189623221e-16,2.7755575615628914e-17
8,73,0,74,2,5,0.09526003097458235,0.09526002916654149,1.3033300383380464e-07,6.116871258100756e-08,1.3681814135519291e-06,0.09525998007267548,0.09525998007267551,2.7755575615628914e-17,2.1627648104227676e-17,2.9136659061290687e-16,5.090190687007112e-08,1.0540883592369266e-07,1.1065379135958736e-06,0.0,1.1102230246251565e-16,2.220446049250313e-16,2.7755575615628914e-17
8,73,2,87,1,5,0.1593894198096484,0.15938942855774466,3.74161852612076e-08,2.379149226962694e-08,2.3474696910436703e-07,0.15938947608157605,0.15938947608157605,2.7755575615628914e-17,1.660186658973676e-17,1.741368144119096e-16,6.06323437846168e-08,9.51693298334444e-08,5.970866595027668e-07,0.0,5.551115123125783e-17,1.1102230246251565e-16,5.551115123125783e-17
8,74,0,75,1,5,0.04179740799606195,0.04179745199974163,4.400367967921648e-08,1.7188920599927844e-08,1.05278378403278e-06,0.04179743369750189,0.04179743369750191,2.0816681711721685e-17,8.280135199951487e-18,4.980373164146158e-16,2.5701439941572257e-08,1.830223971682754e-08,6.149044669452849e-07,0.0,1.1102230246251565e-16,1.1102230246251565e-16,2.7755575615628914e-17
8,74,1,183,2,5,0.13216960855456764,0.13216960855456758,8.326672684688674e-17,5.554427387655981e-17,6.299990425749743e-16,0.13216961414047235,0.13216961414047235,2.7755575615628914e-17,1.660186658973676e-17,2.0999967198307599e-16,6.265775305547283e-08,6.265775302771726e-08,4.7407078747221727e-07,0.0,1.1102230246251565e-16,1.5633582962034095e-16,5.551115123125783e-17
8,75,0,76,2,5,0.08601793142106967,0.08601793311397415,6.104219092695207e-08,3.284718629349241e-08,7.096449393415543e-07,0.08601786511581028,0.08601786511581028,5.551115123125783e-17,3.1446328205300574e-17,6.453444427680263e-16,6.630525939410603e-08,1.012002565636827e-07,1.1765018397918478e-06,0.0,1.1102230246251565e-16,2.220446049250313e-16,5.551115123125783e-17
8,75,2,89,1,5,0.12225435597863507,0.12225427594308333,8.003555174163068e-08,4.567052070564795e-08,6.546642129922761e-07,0.12225430934117436,0.12225430934117436,4.163336342344337e-17,2.5591334735987345e-17,3.405472056388409e-16,4.663746071276176e-08,5.864770417918219e-08,4.797187282998027e-07,0.0,2.7755575615628914e-17,1.3877787807814457e-16,2.7755575615628914e-17
8,76,0,77,1,5,0.021065852981021746,0.021065906539223384,5.3558201637549097e-08,2.3016831393648685e-08,2.5424114332714388e-06,0.02106589116483918,0.021065891164839187,6.938893903907228e-18,6.08365912438465e-18,3.29390000622848e-16,3.818381743431187e-08,1.537438419629833e-08,1.8125883812887911e-06,0.0,2.7755575615628914e-17,1.1102230246251565e-16,0.0
8,76,1,188,2,5,0.10024987255292024,0.10024987255292024,6.938893903907228e-17,4.248927590600552e-17,6.921598728461527e-16,0.10024990551577366,0.10024990551577367,1.3877787807814457e-17,9.577093645457362e-18,1.384319290518521e-16,3.296285341902738e-08,3.296285343290517e-08,3.2880682792981466e-07,0.0,2.7755575615628914e-17,5.897706789843556e-17,2.7755575615628914e-17
8,77,0,78,2,5,0.06979252156717372,0.06979253064645807,1.131250291358521e-08,5.842428021560206e-09,1.6208758743668384e-07,0.06979247877189654,0.06979247877189657,2.7755575615628914e-17,1.1941322458171601e-17,3.9768720217464593e-16,4.8341189738676515e-08,5.965369263144504e-08,8.547288954691662e-07,0.0,7.806255641895632e-18,1.1102230246251565e-16,5.551115123125783e-17
8,77,2,91,1,5,0.08397190770133373,0.08397185847521936,4.9226114365308327e-08,2.3596860425393096e-08,5.862212222258048e-07,0.08397189316590982,0.0839718931659098,1.3877787807814457e-17,8.30093329486838e-18,1.6526705882878012e-16,2.027878742705269e-08,3.469069044526041e-08,4.1312257152292155e-07,0.0,2.7755575615628914e-17,1.1102230246251565e-16,0.0
8,78,0,383,0,5,0.008480334479588451,0.008480334017751709,1.1114092909880746e-09,5.79978992833504e-10,1.3105724705353968e-07,0.008480363384296884,0.008480363384296884,4.336808689942018e-19,2.594041654646369e-19,5.113942048724587e-17,2.890470843230908e-08,2.9366545174769332e-08,3.4628875962022404e-06,0.0,7.806255641895632e-18,2.1298947178887054e-17,2.7755575615628914e-17
8,78,1,191,2,5,0.07079430739948421,0.0707943073994842,5.551115123125783e-17,3.8662932303144985e-17,7.841188546137576e-16,0.07079433194569207,0.07079433194569207,1.3877787807814457e-17,4.7765289832686404e-18,1.9602964568491755e-16,2.454620785796724e-08,2.4546207871845027e-08,3.4672560920095946e-07,0.0,7.806255641895632e-18,4.2933310848780213e-17,2.7755575615628914e-17
8,79,0,80,1,5,0.06955566339403493,0.06955560804610854,5.53479263948331e-08,2.9884476774705655e-08,7.957357272446016e-07,0.06955556047663879,0.06955556047663879,2.7755575615628914e-17,1.5625198367252786e-17,3.9904179371757076e-16,1.0291739614698425e-07,9.594624648251449e-08,1.4796407815702095e-06,0.0,1.1102230246251565e-16,1.1102230246251565e-16,5.551115123125783e-17
8,80,0,81,2,5,0.04264644474858779,0.04264631636004642,1.2838854136776323e-07,5.876271182384489e-08,3.0105332841846035e-06,0.04264638055229956,0.042646380552299565,1.3877787807814457e-17,7.295205517348414e-18,3.2541537237363845e-16,6.419628822973422e-08,6.41922531449679e-08,1.5053139507452154e-06,0.0,2.7755575615628914e-17,2.220446049250313e-16,2.7755575615628914e-17
8,80,2,92,1,5,0.10263775275534205,0.1026377123513867,4.0403955348100595e-08,2.0328780307793008e-08,3.9365588453998635e-07,0.10263773368800905,0.10263773368800905,0.0,0.0,0.0,1.9067333004163523e-08,2.1336622343937073e-08,2.078827894332142e-07,0.0,1.1102230246251565e-16,1.6653345369377348e-16,2.7755575615628914e-17
8,81,0,82,1,5,0.0887358462934612,0.08873578542762414,8.933313176695545e-08,4.213851266073268e-08,1.0067310506232051e-06,0.0887357026906456,0.08873570269064561,4.163336342344337e-17,2.509503531229897e-17,4.691839041224192e-16,1.7677731116438888e-07,8.744417936967785e-08,1.9921747360110013e-06,0.0,1.1102230246251565e-16,2.220446049250313e-16,5.551115123125783e-17
8,82,0,83,2,5,0.06725780963180177,0.06725770611259584,1.0351920592954755e-07,4.28122803411626e-08,1.5391403094489146e-06,0.06725772510061831,0.06725772510061831,4.163336342344337e-17,2.3069698237136867e-17,6.19012364173177e-16,8.453118345574939e-08,3.477082589908864e-08,1.2568233178943757e-06,0.0,5.551115123125783e-17,1.6653345369377348e-16,5.551115123125783e-17
8,82,2,94,1,5,0.14859363659981958,0.14859359022413332,4.6375686263422367e-08,2.9647634964971847e-08,3.120973907403426e-07,0.14859356189090614,0.14859356189090617,8.326672684688674e-17,4.1839101762281996e-17,5.603656429477017e-16,7.470891344452113e-08,7.405706373142529e-08,5.02773302774204e-07,0.0,5.551115123125783e-17,2.220446049250313e-16,5.551115123125783e-17
8,83,0,84,1,5,0.09768564075493161,0.09768557489499823,1.8477201427224976e-07,8.28186169859911e-08,1.8914961589472059e-06,0.09768553912016283,0.09768553912016285,2.7755575615628914e-17,2.0064134036030026e-17,2.841318773036285e-16,1.5753669027618322e-07,7.337042093324975e-08,1.612690350994397e-06,0.0,1.1102230246251565e-16,1.1102230246251565e-16,5.551115123125783e-17
8,84,0,85,2,5,0.0881543939118929,0.08815444613239802,9.905153926237364e-08,6.050567000192693e-08,1.123613653174219e-06,0.0881544683780588,0.0881544683780588,2.7755575615628914e-17,1.8880657037770943e-17,3.148516022647484e-16,8.078982698112025e-08,5.7515323656498474e-08,9.164575371794588e-07,0.0,1.1102230246251565e-16,1.6653345369377348e-16,5.551115123125783e-17
8,84,2,96,1,5,0.18374798146392565,0.1837479576267842,3.014339669538124e-08,1.7354109393533015e-08,1.6404749840095058e-07,0.183748094981375,0.18374809498137498,8.326672684688674e-17,4.824235931877004e-17,4.531569530303255e-16,1.1351744935717001e-07,1.3735459078456635e-07,7.475157268895159e-07,0.0,1.1102230246251565e-16,1.1102230246251565e-16,1.1102230246251565e-16
8,85,0,86,1,5,0.08815444613239798,0.08815439391189293,9.905153933176258e-08,6.050566998235605e-08,1.1236136539613487e-06,0.08815446837805878,0.08815446837805878,1.3877787807814457e-17,1.1121488249010074e-17,1.5742580113237427e-16,5.751532367037626e-08,8.078982700887583e-08,9.164575374943107e-07,0.0,1.1102230246251565e-16,3.3306690738754696e-16,5.551115123125783e-17
8,86,0,87,2,5,0.09768557489499825,0.09768564075493162,1.847720142444942e-07,8.281861697730109e-08,1.891496158663074e-06,0.09768553912016284,0.09768553912016285,2.7755575615628914e-17,1.6615708845705503e-17,2.841318773036285e-16,7.337042094712753e-08,1.575366903039388e-07,1.6126903512785282e-06,0.0,1.1102230246251565e-16,2.220446049250313e-16,5.551115123125783e-17
8,86,2,98,1,5,0.18374798146392574,0.18374795762678411,3.0143396806403544e-08,1.7354109436491218e-08,1.6404749900516015e-07,0.18374809498137498,0.18374809498137498,1.1102230246251565e-16,5.062274746836656e-17,6.042092707071007e-16,1.135174492461477e-07,1.3735459086783308e-07,7.47515727342673e-07,0.0,1.1102230246251565e-16,1.1102230246251565e-16,1.1102230246251565e-16
8,87,0,88,1,5,0.0672577061125957,0.06725780963180185,1.0351920615159216e-07,4.281228036464641e-08,1.5391403127503078e-06,0.06725772510061832,0.06725772510061831,1.3877787807814457e-17,1.1870714985388738e-17,2.063374547243923e-16,3.477082591296643e-08,8.453118353901612e-08,1.2568233191323974e-06,0.0,5.551115123125783e-17,1.1102230246251565e-16,5.551115123125783e-17
8,88,0,89,2,5,0.0887357854276241,0.08873584629346119,8.933313169756651e-08,4.2138512671482677e-08,1.0067310498412334e-06,0.08873570269064558,0.08873570269064557,4.163336342344337e-17,2.1993587099572826e-17,4.691839041224194e-16,8.744417935580007e-08,1.7677731105336658e-07,1.9921747347598468e-06,0.0,1.1102230246251565e-16,2.220446049250313e-16,5.551115123125783e-17
8,88,2,100,1,5,0.14859363659981947,0.1485935902241333,4.637568618015564e-08,2.9647634980652164e-08,3.1209739017997746e-07,0.14859356189090614,0.14859356189090614,5.551115123125783e-17,3.2370251416163967e-17,3.7357709529846787e-16,7.470891333349883e-08,7.405706378693644e-08,5.027733020270505e-07,0.0,1.1102230246251565e-16,1.1102230246251565e-16,5.551115123125783e-17
8,89,0,90,1,5,0.04264631636004637,0.042646444748587836,1.2838854146490775e-07,5.8762711824800263e-08,3.010533286462504e-06,0.042646380552299586,0.04264638055229957,2.0816681711721685e-17,1.3431773554011998e-17,4.881230585604575e-16,6.419225321435684e-08,6.419628826442869e-08,1.5053139515587507e-06,0.0,2.7755575615628914e-17,1.3877787807814457e-16,2.7755575615628914e-17
8,90,0,91,2,5,0.0695556080461085,0.06955566339403493,5.5347926436466466e-08,2.9884476792446674e-08,7.957357278431635e-07,0.0695555604766388,0.06955556047663877,2.7755575615628914e-17,1.6668445361884148e-17,3.990417937175707e-16,9.59462464686367e-08,1.0291739616086204e-07,1.47964078176973e-06,0.0,1.1102230246251565e-16,2.220446049250313e-16,5.551115123125783e-17
8,90,2,102,1,5,0.10263775275534191,0.10263771235138673,4.040395518156714e-08,2.0328780270738798e-08,3.936558829174508e-07,0.10263773368800905,0.10263773368800905,2.7755575615628914e-17,1.4393619658703005e-17,2.704227248430714e-16,1.9067332865385644e-08,2.1336622316181497e-08,2.078827891627918e-07,0.0,5.551115123125783e-17,1.1102230246251565e-16,2.7755575615628914e-17
8,91,0,382,0,5,0.024534025523322657,0.024534025809532622,4.0817813504179234e-09,1.9936224312398257e-09,1.6637226120598435e-07,0.02453407823855643,0.024534078238556425,5.204170427930421e-18,2.8120091139740038e-18,2.1212007140956405e-16,5.271523377189946e-08,5.242902380298009e-08,2.1486535283422655e-06,0.0,2.7755575615628914e-17,3.592326780187918e-17,2.7755575615628914e-17
8,92,0,93,1,5,0.06532131876402078,0.06532117065793216,1.4810608861548502e-07,7.487157013583982e-08,2.2673468848743207e-06,0.06532117506874453,0.06532117506874455,2.0816681711721685e-17,1.1851331911751285e-17,3.1868198466751457e-16,1.4369527624735756e-07,1.2717783409721406e-07,2.1998220330864697e-06,0.0,1.1102230246251565e-16,2.220446049250313e-16,2.7755575615628914e-17
8,93,0,94,2,5,0.07115965782959063,0.07115948367252045,1.7415707018186843e-07,7.8331830305782e-08,2.4474129794009204e-06,0.07115949593348761,0.07115949593348761,2.7755575615628914e-17,1.3786401453366925e-17,3.900473893403053e-16,1.6189610302363988e-07,1.21711734690777e-07,2.275110757437031e-06,0.0,5.551115123125783e-17,1.1102230246251565e-16,5.551115123125783e-17
8,93,2,103,1,5,0.12568737867554805,0.1256874061467146,2.747116653600834e-08,1.510045304292179e-08,2.1856737582714785e-07,0.12568737228083715,0.12568737228083715,2.7755575615628914e-17,1.7617858716089203e-17,2.2083026410649727e-16,2.8065052642967103e-08,3.3865877435701464e-08,2.6944527279184925e-07,0.0,1.1102230246251565e-16,2.220446049250313e-16,0.0
8,94,0,95,1,5,0.08677363482689249,0.08677348635895904,1.4846793344736042e-07,6.790664278023307e-08,1.7109797664180356e-06,0.086773449316012,0.08677344931601202,6.938893903907228e-17,2.9086125600766276e-17,7.996563417269638e-16,1.8551088049045816e-07,9.725159193230137e-08,2.1378714958816672e-06,0.0,1.1102230246251565e-16,1.1102230246251565e-16,5.551115123125783e-17
8,95,0,96,2,5,0.09065589316980442,0.0906557565752668,1.3659453762526752e-07,7.696844585693e-08,1.5067364387378215e-06,0.09065573764471806,0.09065573764471808,2.7755575615628914e-17,2.2222294911367724e-17,3.0616457751856426e-16,1.6046033650407576e-07,5.284902970803529e-08,1.7699934432670918e-06,0.0,1.1102230246251565e-16,1.6653345369377348e-16,1.1102230246251565e-16
8,95,2,105,1,5,0.17062447811175702,0.1706244775067872,1.4058500308333777e-08,8.572241899597926e-09,8.239439301977308e-08,0.17062457831112854,0.17062457831112854,2.7755575615628914e-17,1.3577962209087059e-17,1.6267044226780445e-16,1.001993715221694e-07,1.0080434134640548e-07,5.907961346728837e-07,0.0,1.1102230246251565e-16,2.220446049250313e-16,5.551115123125783e-17
8,96,0,97,1,5,0.09604436674594191,0.09604443955892193,1.6605160828297993e-07,9.369297920066757e-08,1.7289039224504982e-06,0.09604448021688161,0.09604448021688161,2.7755575615628914e-17,1.4802973661668757e-17,2.8898668151415904e-16,1.1795490262311858e-07,1.0449708263970958e-07,1.2281278669712224e-06,0.0,1.1102230246251565e-16,1.1102230246251565e-16,5.551115123125783e-17
8,97,0,98,2,5,0.09604443955892193,0.09604436674594198,1.6605160803317975e-07,9.369297915179878e-08,1.728903919849617e-06,0.0960444802168816,0.09604448021688163,2.7755575615628914e-17,1.6615708845705503e-17,2.88986681514159e-16,1.0449708270909852e-07,1.1795490242882956e-07,1.2281278649483154e-06,0.0,1.1102230246251565e-16,2.220446049250313e-16,5.551115123125783e-17
8,97,2,107,1,5,0.1916354639322978,0.191635457091208,2.6666072100445248e-08,1.7975490574679172e-08,1.3914998588082845e-07,0.19163535529594294,0.19163535529594294,1.1102230246251565e-16,5.494512848111396e-17,5.793414388021649e-16,1.4515504237477828e-07,1.279711579205145e-07,7.574539670071693e-07,0.0,1.1102230246251565e-16,1.1102230246251565e-16,5.551115123125783e-17
8,98,0,99,1,5,0.0906557565752667,0.0906558931698044,1.3659453769465646e-07,7.696844586266995e-08,1.5067364395032323e-06,0.09065573764471808,0.09065573764471807,5.551115123125783e-17,3.0059001095538696e-17,6.123291550371285e-16,5.2849029735790864e-08,1.604603364624424e-07,1.7699934428078464e-06,0.0,1.1102230246251565e-16,2.220446049250313e-16,1.1102230246251565e-16
8,99,0,100,2,5,0.086773486358959,0.08677363482689243,1.4846793343348264e-07,6.79066427751159e-08,1.7109797662581056e-06,0.08677344931601202,0.08677344931601201,4.163336342344337e-17,2.493970061608686e-17,4.797938050361783e-16,9.725159198781252e-08,1.8551088042106922e-07,2.137871495082014e-06,0.0,1.1102230246251565e-16,1.1102230246251565e-16,5.551115123125783e-17
8,99,2,109,1,5,0.17062447811175693,0.1706244775067871,1.4058500169555899e-08,8.572241834921102e-09,8.239439220642043e-08,0.17062457831112854,0.17062457831112848,8.326672684688674e-17,4.216539468381432e-17,4.880113268034133e-16,1.0019937160543613e-07,1.0080434137416106e-07,5.907961348355541e-07,0.0,1.1102230246251565e-16,1.1102230246251565e-16,5.551115123125783e-17
8,100,0,101,1,5,0.07115948367252034,0.07115965782959066,1.741570703206463e-07,7.833183032489449e-08,2.447412981351152e-06,0.07115949593348761,0.0711594959334876,4.163336342344337e-17,2.332817369824548e-17,5.85071084010458e-16,1.2171173473934926e-07,1.6189610306527324e-07,2.2751107580220994e-06,0.0,5.551115123125783e-17,1.942890293094024e-16,5.551115123125783e-17
8,101,0,102,2,5,0.06532117065793216,0.06532131876402078,1.4810608861548502e-07,7.487157012220017e-08,2.2673468848743207e-06,0.06532117506874455,0.06532117506874455,1.3877787807814457e-17,1.0723607508842512e-17,2.1245465644500972e-16,1.27177834166603e-07,1.4369527623347977e-07,2.1998220328740156e-06,0.0,1.1102230246251565e-16,1.1102230246251565e-16,2.7755575615628914e-17
8,101,2,111,1,5,0.125687378675548,0.1256874061467146,2.747116659151949e-08,1.510045303078438e-08,2.1856737626880825e-07,0.12568737228083715,0.12568737228083715,0.0,0.0,0.0,2.8065052559700376e-08,3.3865877435701464e-08,2.6944527279184925e-07,0.0,1.1102230246251565e-16,2.220446049250313e-16,0.0
8,102,0,379,0,5,0.04884641733158032,0.048846424089447296,1.2325266612878139e-08,6.623342994921417e-09,2.5232689685345605e-07,0.04884645503095748,0.04884645503095747,6.938893903907228e-18,4.788546822728681e-18,1.4205521975974628e-16,9.145744229305253e-08,1.0378270891286956e-07,2.1246722786145908e-06,0.0,1.1102230246251565e-16,2.014338581022504e-17,5.551115123125783e-17
8,103,0,104,1,5,0.05985984339328909,0.059859689040512774,1.5435277631731248e-07,6.809276799122799e-08,2.5785696648617864e-06,0.059859735871278734,0.059859735871278706,2.7755575615628914e-17,1.9982729421585202e-17,4.636768808220937e-16,1.0752201035774123e-07,7.664921065214658e-08,1.7962293962465588e-06,0.0,1.1102230246251565e-16,3.3306690738754696e-16,2.7755575615628914e-17
8,104,0,105,2,5,0.09353079122050258,0.09353070028527136,1.3974056646548494e-07,6.587123737501817e-08,1.494059492515582e-06,0.0935306290085818,0.09353062900858182,5.551115123125783e-17,2.87952244946874e-17,5.935077291756954e-16,2.0368729111708284e-07,7.1276689536659e-08,2.177756527653892e-06,0.0,1.1102230246251565e-16,1.3877787807814457e-16,1.1102230246251565e-16
8,104,2,112,1,5,0.14489441192563157,0.14489447956935333,6.76437217628223e-08,4.429358647956271e-08,4.668481640147292e-07,0.1448944087989082,0.1448944087989082,5.551115123125783e-17,3.1828700967350254e-17,3.8311451553868457e-16,8.757603633946509e-08,7.077044514303132e-08,6.044125117792847e-07,0.0,1.1102230246251565e-16,2.220446049250313e-16,2.7755575615628914e-17
8,105,0,106,1,5,0.08311496196276374,0.08311485518726251,1.0677550123239232e-07,5.724216693465899e-08,1.2846724429739703e-06,0.0831148494323456,0.08311484943234561,4.163336342344337e-17,2.539298911014709e-17,5.009136599270673e-16,1.1253041815040277e-07,3.580902732669422e-08,1.3539128875594916e-06,0.0,1.1102230246251565e-16,2.220446049250313e-16,5.551115123125783e-17
8,106,0,107,2,5,0.09595922656819403,0.09595927926266452,1.667379343761599e-07,8.511966025210168e-08,1.7375905244114696e-06,0.09595931298204806,0.09595931298204806,2.7755575615628914e-17,1.0680643503086635e-17,2.8924316726633286e-16,1.0162748409481281e-07,9.658916878818591e-08,1.0590684836793813e-06,0.0,1.1102230246251565e-16,1.1102230246251565e-16,1.1102230246251565e-16
8,106,2,114,1,5,0.17635808392509253,0.1763581133947434,3.6304080797133764e-08,2.096814427368784e-08,2.058543273020512e-07,0.17635818565219874,0.17635818565219877,5.551115123125783e-17,3.9965458843170405e-17,3.147636783967205e-16,1.0172710621092484e-07,8.098519518884295e-08,5.768210068317662e-07,0.0,1.1102230246251565e-16,2.220446049250313e-16,5.551115123125783e-17
8,107,0,108,1,5,0.09595927926266438,0.09595922656819406,1.6673793430677097e-07,8.511966026773301e-08,1.737590523688364e-06,0.09595931298204805,0.09595931298204806,5.551115123125783e-17,2.913351231064634e-17,5.784863345326657e-16,9.658916877430812e-08,1.016274841086906e-07,1.059068483824003e-06,0.0,1.1102230246251565e-16,1.6653345369377348e-16,1.1102230246251565e-16
8,108,0,109,2,5,0.08311485518726246,0.0831149619627637,1.0677550124627011e-07,5.724216691299837e-08,1.284672443140942e-06,0.0831148494323456,0.08311484943234561,1.3877787807814457e-17,8.30093329486838e-18,1.669712199756891e-16,3.580902732669422e-08,1.1253041809489162e-07,1.3539128868916083e-06,0.0,1.1102230246251565e-16,1.6653345369377348e-16,5.551115123125783e-17
8,108,2,116,1,5,0.17635808392509258,0.17635811339474328,3.630408076937819e-08,2.0968144230928663e-08,2.0585432714466942e-07,0.17635818565219874,0.17635818565219874,5.551115123125783e-17,4.1068961422585494e-17,3.1476367839672056e-16,1.017271061554137e-07,8.098519521659853e-08,5.768210065170026e-07,0.0,1.1102230246251565e-16,2.220446049250313e-16,5.551115123125783e-17
8,109,0,110,1,5,0.0935307002852713,0.09353079122050262,1.3974056645160715e-07,6.587123739532262e-08,1.4940594923672047e-06,0.0935306290085818,0.09353062900858182,6.938893903907228e-17,4.015842936598591e-17,7.418846614696194e-16,7.127668949502564e-08,2.036872910338161e-07,2.1777565267636313e-06,0.0,1.1102230246251565e-16,1.1102230246251565e-16,1.1102230246251565e-16
8,110,0,111,2,5,0.059859689040512684,0.05985984339328911,1.5435277642833478e-07,6.809276802414453e-08,2.57856966671649e-06,0.05985973587127874,0.05985973587127873,1.3877787807814457e-17,9.280725562008503e-18,2.318384404110468e-16,7.664921069377995e-08,1.075220103854968e-07,1.7962293967102341e-06,0.0,1.1102230246251565e-16,2.220446049250313e-16,2.7755575615628914e-17
8,110,2,118,1,5,0.1448944119256315,0.14489447956935336,6.76437218738446e-08,4.42935864867236e-08,4.6684816478095775e-07,0.14489440879890825,0.14489440879890825,5.551115123125783e-17,3.092850239235072e-17,3.831145155386844e-16,8.757603620068721e-08,7.077044511527575e-08,6.044125108214987e-07,0.0,1.1102230246251565e-16,1.1102230246251565e-16,2.7755575615628914e-17
8,111,0,374,0,5,0.07552349875237567,0.07552351952001538,2.3564528377206795e-08,1.4031159329776574e-08,3.120157604805703e-07,0.07552344787163652,0.07552344787163652,1.3877787807814457e-17,7.59031162386047e-18,1.837546907471948e-16,1.2165947044229242e-07,1.452239988194992e-07,1.922897658139617e-06,0.0,1.1102230246251565e-16,8.431474642217415e-17,2.7755575615628914e-17
8,112,0,113,1,5,0.058338661200167036,0.058338613465246776,4.7734920259612235e-08,2.001401015068202e-08,8.182381850661249e-07,0.05833862789576981,0.05833862789576982,1.3877787807814457e-17,1.1627986368341315e-17,2.3788334262178876e-16,3.330439722615264e-08,1.4430523047337385e-08,5.708803825970775e-07,0.0,1.1102230246251565e-16,1.1102230246251565e-16,0.0
8,113,0,114,2,5,0.09587428808746432,0.09587426390041849,1.5206144557411427e-07,6.671091202254171e-08,1.5860503228497663e-06,0.09587423735801363,0.09587423735801362,1.3877787807814457e-17,1.2103831211681469e-17,1.4474991603836193e-16,1.0236134442842548e-07,5.7977159559352565e-08,1.0676621070191743e-06,0.0,5.551115123125783e-17,2.220446049250313e-16,5.551115123125783e-17
8,113,2,119,1,5,0.15009202542055258,0.15009201417288587,3.034323392547833e-08,1.992131751133505e-08,2.0216419786765921e-07,0.15009204852490335,0.15009204852490335,2.7755575615628914e-17,1.9154187290914724e-17,1.8492369108429948e-16,7.627592724102072e-08,4.832034253277051e-08,5.081943246871268e-07,0.0,1.1102230246251565e-16,1.6653345369377348e-16,2.7755575615628914e-17
8,114,0,115,1,5,0.08188424698718906,0.08188427635694184,6.142020128607761e-08,3.627788094703501e-08,7.500854134478852e-07,0.08188428739898923,0.08188428739898924,2.7755575615628914e-17,1.4361638991275507e-17,3.389609471764362e-16,4.73212496826525e-08,3.1936590358383476e-08,5.779039078898624e-07,0.0,5.551115123125783e-17,1.6653345369377348e-16,5.551115123125783e-17
8,115,0,116,2,5,0.08188427635694187,0.08188424698718907,6.142020121668867e-08,3.627788094848594e-08,7.500854126004825e-07,0.08188428739898923,0.08188428739898926,2.7755575615628914e-17,1.755131216246425e-17,3.3896094717643614e-16,3.19365903306279e-08,4.732124966877471e-08,5.779039077203818e-07,0.0,1.1102230246251565e-16,1.6653345369377348e-16,5.551115123125783e-17
8,115,2,121,1,5,0.16360024425991335,0.1636002298837758,2.8467294688194755e-08,2.2666432962281906e-08,1.7400520895903113e-07,0.16360021052648477,0.16360021052648477,5.551115123125783e-17,2.3439384031997983e-17,3.3930977871370947e-16,4.2125152338590155e-08,3.3174495567278584e-08,2.5748832178798894e-07,0.0,1.1102230246251565e-16,1.1102230246251565e-16,5.551115123125783e-17
8,116,0,117,1,5,0.09587426390041844,0.09587428808746436,1.5206144551860312e-07,6.671091204474669e-08,1.586050322270766e-06,0.09587423735801363,0.09587423735801363,2.7755575615628914e-17,1.5914350483675127e-17,2.8949983207672386e-16,5.7977159614863716e-08,1.0236134437291433e-07,1.0676621064401746e-06,0.0,5.551115123125783e-17,1.942890293094024e-16,5.551115123125783e-17
8,117,0,118,2,5,0.058338613465246755,0.058338661200167084,4.7734920329001174e-08,2.0014010152056085e-08,8.182381862555403e-07,0.05833862789576982,0.05833862789576981,1.3877787807814457e-17,6.930605822308848e-18,2.3788334262178876e-16,1.4430523068154066e-08,3.3304397274724895e-08,5.708803834296683e-07,0.0,1.1102230246251565e-16,2.220446049250313e-16,0.0
8,117,2,123,1,5,0.1500920254205526,0.1500920141728859,3.034323378670045e-08,1.992131749176394e-08,2.021641969430406e-07,0.15009204852490335,0.15009204852490335,2.7755575615628914e-17,9.553057966537281e-18,1.8492369108429948e-16,7.627592718550957e-08,4.8320342505014935e-08,5.081943243172794e-07,0.0,1.1102230246251565e-16,1.1102230246251565e-16,2.7755575615628914e-17
8,118,0,367,0,5,0.09200790738309408,0.09200793094762244,2.3564528356390113e-08,1.4031159295467798e-08,2.5611409922699755e-07,0.09200782925189918,0.09200782925189918,2.7755575615628914e-17,1.3577962209087059e-17,3.01665367407372e-16,7.81311949027419e-08,1.0169572325913201e-07,1.1052930134579873e-06,0.0,1.1102230246251565e-16,8.431474642217415e-17,2.7755575615628914e-17
8,119,0,120,1,5,0.060840304355324656,0.06084030075560034,2.4076718826981924e-08,1.027790092379217e-08,3.9573633107367524e-07,0.06084029999050716,0.06084029999050715,1.3877787807814457e-17,1.0020602055915873e-17,2.2810189644002067e-16,1.1267077895671385e-08,1.2809640917432752e-08,2.1054531290015925e-07,0.0,1.1102230246251565e-16,2.220446049250313e-16,2.7755575615628914e-17
8,120,0,121,2,5,0.08167412510375804,0.08167413067036187,4.8352989764910426e-08,2.0826115011153698e-08,5.920233171512272e-07,0.08167413410744867,0.08167413410744868,2.7755575615628914e-17,1.4361638991275507e-17,3.3983311753405663e-16,1.755882760023919e-08,3.079416219242681e-08,3.770368982659148e-07,0.0,2.7755575615628914e-17,1.942890293094024e-16,2.7755575615628914e-17
8,120,2,124,1,5,0.141580139282551,0.14158014398002391,5.6942646708968425e-09,3.296823693633431e-09,4.021937335859941e-08,0.14158015285542946,0.14158015285542944,5.551115123125783e-17,2.531137373418328e-17,3.9208285986201366e-16,2.964098702595841e-08,2.927957507004031e-08,2.0935834880914035e-07,0.0,1.1102230246251565e-16,1.1102230246251565e-16,5.551115123125783e-17
8,121,0,122,1,5,0.08167413067036189,0.08167412510375803,4.835298982042158e-08,2.082611502159045e-08,5.920233178308935e-07,0.0816741341074487,0.0816741341074487,2.7755575615628914e-17,1.466111924052494e-17,3.398331175340566e-16,3.0794162289571325e-08,1.7558827558605827e-08,3.7703689945533063e-07,0.0,2.7755575615628914e-17,1.6653345369377348e-16,2.7755575615628914e-17
8,122,0,123,2,5,0.06084030075560026,0.0608403043553247,2.4076718722898516e-08,1.0277900907282125e-08,3.957363293629109e-07,0.06084029999050714,0.06084029999050715,2.7755575615628914e-17,1.416572690613451e-17,4.562037928800415e-16,1.280964089661607e-08,1.126707779852687e-08,2.105453125580063e-07,0.0,5.551115123125783e-17,1.6653345369377348e-16,2.7755575615628914e-17
8,122,2,126,1,5,0.14158013928255106,0.14158014398002383,5.694264504363389e-09,3.2968236088863597e-09,4.021937218235078e-08,0.14158015285542944,0.14158015285542952,8.326672684688674e-17,4.599515303075612e-17,5.8812428979302025e-16,2.9640986914936107e-08,2.9279575097795885e-08,2.0935834802497453e-07,0.0,1.1102230246251565e-16,1.3877787807814457e-16,5.551115123125783e-17
8,123,0,358,0,5,0.09131301544165457,0.09131302776692117,1.232526659900035e-08,6.623342959085789e-09,1.3497818329341688e-07,0.09131298664196541,0.09131298664196538,2.7755575615628914e-17,1.265568686709164e-17,3.039608782533576e-16,3.211347247844554e-08,4.112495578800779e-08,4.503733672371514e-07,0.0,1.1102230246251565e-16,2.014338581022504e-17,5.551115123125783e-17
8,124,0,125,1,5,0.06308936441704825,0.06308936742346297,8.920357640052057e-09,4.257514704792248e-09,1.4139240896453452e-07,0.06308936798007464,0.06308936798007464,1.3877787807814457e-17,1.1121488249010074e-17,2.1997030961219082e-16,3.822685785970226e-09,5.097671867959619e-09,8.080080734949833e-08,0.0,2.7755575615628914e-17,1.3877787807814457e-16,0.0
8,125,0,126,2,5,0.06308936742346295,0.06308936441704825,8.92035752209086e-09,4.257514686545637e-09,1.413924070947869e-07,0.06308936798007464,0.06308936798007461,2.7755575615628914e-17,2.2381099547504727e-17,4.3994061922438165e-16,5.0976718263262555e-09,3.822685716581287e-09,8.08008066895874e-08,0.0,2.7755575615628914e-17,1.1102230246251565e-16,0.0
8,125,2,127,1,5,0.12629677984286916,0.12629677742505163,2.741943505579769e-09,2.5382841317574743e-09,2.1710320001754043e-08,0.12629677667993108,0.12629677667993108,8.326672684688674e-17,3.204193050925991e-17,6.592941564764262e-16,5.54591254864345e-09,7.7791311170472e-09,6.159405747894385e-08,0.0,7.806255641895632e-18,1.1102230246251565e-16,5.551115123125783e-17
8,126,0,347,0,5,0.07869427162263831,0.07869427570441961,4.081781301845666e-09,1.993622427777655e-09,5.186884643524873e-08,0.07869426804713833,0.07869426804713832,1.3877787807814457e-17,9.577093645457362e-18,1.7635068159604177e-16,1.97523802730748e-08,1.9466170342319344e-08,2.5100148767193584e-07,0.0,2.7755575615628914e-17,3.592326780187918e-17,2.7755575615628914e-17
8,127,0,334,0,5,0.06302314291203176,0.06302314235262094,1.111409339560332e-09,5.799789916559034e-10,1.7634939931695355e-08,0.06302314288890155,0.06302314288890155,1.3877787807814457e-17,4.7765289832686404e-18,2.202014557141096e-16,4.3585005535251575e-09,4.820337275168729e-09,7.648519341374322e-08,0.0,7.806255641895632e-18,2.1298947178887054e-17,2.7755575615628914e-17
8,128,0,129,1,5,0.06979253064645809,0.06979252156717368,1.1312502934401891e-08,5.8424280443045375e-09,1.62087587734949e-07,0.06979247877189657,0.06979247877189654,2.7755575615628914e-17,1.1941322458171601e-17,3.9768720217464593e-16,5.965369265920062e-08,4.834118974561541e-08,8.547288958668529e-07,0.0,7.806255641895632e-18,1.1102230246251565e-16,5.551115123125783e-17
8,128,1,192,2,5,0.008480334479588467,0.008480334017751737,1.1114093260078048e-09,5.799790181572512e-10,1.3105725118306173e-07,0.008480363384296884,0.008480363384296884,4.336808689942018e-19,2.594041654646369e-19,5.113942048724587e-17,2.8904708416696567e-08,2.9366545147013756e-08,3.4628875929293173e-06,0.0,7.806255641895632e-18,2.1298947178887057e-17,2.7755575615628914e-17
8,129,0,130,2,5,0.08397190770133375,0.0839718584752194,4.922611435143054e-08,2.3596860428628752e-08,5.862212220605376e-07,0.08397189316590982,0.0839718931659098,1.3877787807814457e-17,4.7765289832686404e-18,1.6526705882878012e-16,2.027878737154154e-08,3.4690690403627045e-08,4.131225710271203e-07,0.0,2.7755575615628914e-17,1.1102230246251565e-16,0.0
8,129,2,143,1,5,0.021065906539223384,0.021065852981021774,5.355820160979352e-08,2.301683138069659e-08,2.54241143195388e-06,0.02106589116483918,0.02106589116483918,3.469446951953614e-18,1.1941322458171601e-18,1.6469500031142405e-16,1.5374384203237224e-08,3.81838174065563e-08,1.812588379971232e-06,0.0,2.7755575615628914e-17,1.1102230246251565e-16,0.0
8,130,0,131,1,5,0.06955566339403493,0.0695556080461085,5.5347926436466466e-08,2.9884476793394114e-08,7.957357278431635e-07,0.06955556047663879,0.0695555604766388,2.7755575615628914e-17,1.5052428242252365e-17,3.990417937175707e-16,1.0291739614698425e-07,9.594624644782002e-08,1.4796407815702095e-06,0.0,1.1102230246251565e-16,1.1102230246251565e-16,5.551115123125783e-17
8,130,1,207,2,5,0.02453402552332265,0.02453402580953265,4.081781333070689e-09,1.9936224550176813e-09,1.6637226049891577e-07,0.02453407823855643,0.024534078238556425,5.204170427930421e-18,2.8120091139740038e-18,2.1212007140956405e-16,5.2715233778838355e-08,5.2429023775224515e-08,2.148653528625092e-06,0.0,2.7755575615628914e-17,4.310792136225502e-17,2.7755575615628914e-17
8,131,0,132,2,5,0.10263775275534195,0.10263771235138673,4.0403955223200505e-08,2.0328780284964762e-08,3.9365588332308466e-07,0.10263773368800905,0.10263773368800905,2.7755575615628914e-17,2.1203286335313786e-17,2.704227248430714e-16,1.9067332907019008e-08,2.1336622316181497e-08,2.0788278916279172e-07,0.0,1.1102230246251565e-16,1.1102230246251565e-16,2.7755575615628914e-17
8,131,2,145,1,5,0.04264644474858783,0.042646316360046406,1.2838854142327438e-07,5.876271181169704e-08,3.01053328548626e-06,0.042646380552299565,0.042646380552299565,3.469446951953614e-18,1.1941322458171601e-18,8.135384309340961e-17,6.419628826442869e-08,6.419225315884569e-08,1.5053139515587511e-06,0.0,2.7755575615628914e-17,1.1102230246251565e-16,2.7755575615628914e-17
8,132,0,133,1,5,0.06532131876402081,0.06532117065793216,1.481060886432406e-07,7.487157013080795e-08,2.267346885299228e-06,0.06532117506874453,0.06532117506874453,1.3877787807814457e-17,5.859846007999496e-18,2.1245465644500977e-16,1.4369527627511314e-07,1.2717783412496964e-07,2.1998220335113774e-06,0.0,1.1102230246251565e-16,2.220446049250313e-16,2.7755575615628914e-17
8,132,1,220,2,5,0.04884641733158028,0.04884642408944733,1.2325266605939245e-08,6.623342999964067e-09,2.523268967114006e-07,0.04884645503095748,0.04884645503095747,6.938893903907228e-18,4.788546822728681e-18,1.4205521975974628e-16,9.145744227223584e-08,1.0378270888511398e-07,2.1246722780463697e-06,0.0,1.1102230246251565e-16,4.028677162045008e-17,5.551115123125783e-17
8,133,0,134,2,5,0.125687378675548,0.12568740614671461,2.7471166619275067e-08,1.5100453024571336e-08,2.1856737648963842e-07,0.12568737228083715,0.12568737228083715,2.7755575615628914e-17,1.660186658973676e-17,2.2083026410649727e-16,2.806505265684489e-08,3.386587746345704e-08,2.694452730126794e-07,0.0,1.1102230246251565e-16,2.220446049250313e-16,0.0
8,133,2,147,1,5,0.07115965782959073,0.07115948367252041,1.741570703206463e-07,7.833183031399139e-08,2.4474129813511494e-06,0.0711594959334876,0.0711594959334876,2.0816681711721685e-17,1.246985030804343e-17,2.9253554200522903e-16,1.6189610313466218e-07,1.21711734690777e-07,2.2751107589972135e-06,0.0,5.551115123125783e-17,1.1102230246251565e-16,5.551115123125783e-17
8,134,0,135,1,5,0.05985984339328913,0.05985968904051278,1.5435277635200695e-07,6.809276800214611e-08,2.5785696654413797e-06,0.059859735871278734,0.05985973587127872,1.3877787807814457e-17,7.717244532453508e-18,2.3183844041104684e-16,1.0752201039937459e-07,7.664921066602437e-08,1.7962293969420717e-06,0.0,1.1102230246251565e-16,3.3306690738754696e-16,2.7755575615628914e-17
8,134,1,231,2,5,0.0755234987523757,0.07552351952001549,2.356452840496237e-08,1.4031159353750199e-08,3.120157608480789e-07,0.07552344787163652,0.07552344787163652,1.3877787807814457e-17,7.59031162386047e-18,1.837546907471948e-16,1.2165947040065905e-07,1.4522399880562142e-07,1.9228976579558594e-06,0.0,1.1102230246251565e-16,1.6862949284434832e-16,2.7755575615628914e-17
8,135,0,136,2,5,0.1448944119256315,0.14489447956935333,6.764372184608902e-08,4.42935864667383e-08,4.668481645894007e-07,0.1448944087989082,0.1448944087989082,5.551115123125783e-17,2.7155924418174118e-17,3.8311451553868457e-16,8.757603636722067e-08,7.077044514303132e-08,6.044125119708418e-07,0.0,1.1102230246251565e-16,2.220446049250313e-16,2.7755575615628914e-17
8,135,2,149,1,5,0.09353079122050266,0.0935307002852713,1.3974056647936273e-07,6.587123741452123e-08,1.4940594926639574e-06,0.09353062900858179,0.09353062900858182,4.163336342344337e-17,2.6276117563370344e-17,4.451307968817716e-16,2.0368729110320505e-07,7.127668948114785e-08,2.1777565275055136e-06,0.0,1.1102230246251565e-16,1.6653345369377348e-16,1.1102230246251565e-16
8,136,0,137,1,5,0.058338661200166994,0.05833861346524674,4.773492025267334e-08,2.0014010132967086e-08,8.182381849471839e-07,0.05833862789576981,0.05833862789576981,1.3877787807814457e-17,1.0601643167656893e-17,2.378833426217888e-16,3.3304397184519274e-08,1.4430523068154066e-08,5.708803818834283e-07,0.0,1.1102230246251565e-16,1.1102230246251565e-16,0.0
8,136,1,240,2,5,0.09200790738309414,0.09200793094762254,2.3564528398023477e-08,1.4031159339140495e-08,2.5611409967949483e-07,0.09200782925189918,0.09200782925189918,2.7755575615628914e-17,1.3577962209087059e-17,3.01665367407372e-16,7.813119495825305e-08,1.0169572335627652e-07,1.1052930145138137e-06,0.0,1.1102230246251565e-16,1.1241966189623221e-16,2.7755575615628914e-17
8,137,0,138,2,5,0.15009202542055256,0.15009201417288584,3.034323386996718e-08,1.9921317487677094e-08,2.021641974978118e-07,0.15009204852490335,0.15009204852490335,5.551115123125783e-17,2.878723931740601e-17,3.6984738216859895e-16,7.627592729653188e-08,4.832034264379281e-08,5.081943250569742e-07,0.0,1.1102230246251565e-16,2.220446049250313e-16,2.7755575615628914e-17
8,137,2,151,1,5,0.09587428808746437,0.09587426390041844,1.5206144561574764e-07,6.671091205991102e-08,1.5860503232840149e-06,0.09587423735801366,0.09587423735801362,4.163336342344337e-17,1.6560270399902974e-17,4.342497481150857e-16,1.0236134447005885e-07,5.797715958710814e-08,1.0676621074534233e-06,0.0,5.551115123125783e-17,1.1102230246251565e-16,5.551115123125783e-17
8,138,0,139,1,5,0.06084030435532471,0.06084030075560031,2.407671876453188e-08,1.0277900894978214e-08,3.957363300472164e-07,0.06084029999050715,0.06084029999050715,2.7755575615628914e-17,1.3861211644617696e-17,4.562037928800415e-16,1.126707783322134e-08,1.2809640903554964e-08,2.105453126720572e-07,0.0,1.1102230246251565e-16,1.1102230246251565e-16,2.7755575615628914e-17
8,138,1,247,2,5,0.09131301544165459,0.09131302776692121,1.2325266626755926e-08,6.623343006156033e-09,1.3497818359737756e-07,0.09131298664196541,0.09131298664196538,2.7755575615628914e-17,1.265568686709164e-17,3.039608782533576e-16,3.21134725200789e-08,4.112495582964115e-08,4.503733676930923e-07,0.0,1.1102230246251565e-16,1.5633582962034095e-16,5.551115123125783e-17
8,139,0,140,2,5,0.141580139282551,0.14158014398002383,5.6942645321189644e-09,3.2968236664002057e-09,4.021937237839222e-08,0.14158015285542944,0.1415801528554295,5.551115123125783e-17,3.712290224803401e-17,3.920828598620136e-16,2.9640987109225136e-08,2.927957512555146e-08,2.093583493972646e-07,0.0,1.1102230246251565e-16,2.220446049250313e-16,5.551115123125783e-17
8,139,2,153,1,5,0.08167412510375809,0.08167413067036187,4.8352989695521487e-08,2.082611499707564e-08,5.920233163016444e-07,0.0816741341074487,0.08167413410744868,1.3877787807814457e-17,1.1739292445957246e-17,1.699165587670283e-16,1.755882754472804e-08,3.0794162164671235e-08,3.770368979260816e-07,0.0,2.7755575615628914e-17,1.3877787807814457e-16,2.7755575615628914e-17
8,140,0,141,1,5,0.06308936441704822,0.06308936742346294,8.920357667807632e-09,4.257514719711256e-09,1.413924094044752e-07,0.06308936798007464,0.06308936798007464,1.3877787807814457e-17,7.77726266683954e-18,2.1997030961219082e-16,3.822685813725801e-09,5.097671861020725e-09,8.080080723951316e-08,0.0,2.7755575615628914e-17,1.1102230246251565e-16,0.0
8,140,1,252,2,5,0.07869427162263835,0.07869427570441974,4.081781385112393e-09,1.993622475536578e-09,5.186884749335263e-08,0.07869426804713833,0.07869426804713832,1.3877787807814457e-17,9.577093645457362e-18,1.7635068159604177e-16,1.9752380356341526e-08,1.9466170342319344e-08,2.5100148873003944e-07,0.0,2.7755575615628914e-17,5.897706789843556e-17,2.7755575615628914e-17
8,141,0,142,2,5,0.12629677984286916,0.12629677742505155,2.741943533335345e-09,2.538284159933253e-09,2.1710320221518756e-08,0.12629677667993108,0.12629677667993108,4.163336342344337e-17,1.5104710896937204e-17,3.296470782382131e-16,5.545912590276814e-09,7.779131130924988e-09,6.15940575888262e-08,0.0,7.806255641895632e-18,1.1102230246251565e-16,5.551115123125783e-17
8,141,2,155,1,5,0.06308936742346295,0.06308936441704824,8.920357667807632e-09,4.257514725128469e-09,1.4139240940447517e-07,0.06308936798007463,0.06308936798007461,1.3877787807814457e-17,7.196809829351503e-18,2.1997030961219087e-16,5.097671930409664e-09,3.822685744336862e-09,8.080080833936473e-08,0.0,2.7755575615628914e-17,1.1102230246251565e-16,0.0
8,142,0,447,0,5,0.06302314291203177,0.06302314235262088,1.1114093118047563e-09,5.799790044187626e-10,1.763493949129244e-08,0.06302314288890155,0.06302314288890155,1.3877787807814457e-17,4.7765289832686404e-18,2.202014557141096e-16,4.358500581280733e-09,4.820337268229835e-09,7.648519330364248e-08,0.0,7.806255641895632e-18,2.1298947178887054e-17,2.7755575615628914e-17
8,142,1,255,2,5,0.0630231429120318,0.06302314235262091,1.1114093534381198e-09,5.799790512141699e-10,1.76349401518968e-08,0.06302314288890155,0.06302314288890155,1.3877787807814457e-17,4.7765289832686404e-18,2.202014557141096e-16,4.358500532708476e-09,4.820337275168729e-09,7.648519341374317e-08,0.0,7.806255641895632e-18,4.2933310848780213e-17,2.7755575615628914e-17
8,143,0,144,1,5,0.08601793311397422,0.08601793142106974,6.104219103797437e-08,3.284718629113629e-08,7.096449406322416e-07,0.08601786511581029,0.08601786511581028,4.163336342344337e-17,2.299757651537806e-17,4.840083320760196e-16,1.0120025663307164e-07,6.630525946349497e-08,1.1765018405985268e-06,0.0,1.1102230246251565e-16,1.1102230246251565e-16,5.551115123125783e-17
8,144,0,145,2,5,0.12225435597863507,0.12225427594308347,8.00355516028528e-08,4.5670520707101905e-08,6.546642118571191e-07,0.12225430934117436,0.12225430934117436,4.163336342344337e-17,2.5591334735987345e-17,3.405472056388409e-16,4.663746071276176e-08,5.864770420693777e-08,4.797187285268341e-07,0.0,2.7755575615628914e-17,2.220446049250313e-16,2.7755575615628914e-17
8,144,2,156,1,5,0.041797451999741664,0.04179740799606198,4.400367968615537e-08,1.7188920613505355e-08,1.0527837841987914e-06,0.04179743369750191,0.0417974336975019,1.3877787807814457e-17,5.3403217515433176e-18,3.320248776097439e-16,1.830223975152201e-08,2.5701439920755575e-08,6.149044664472473e-07,0.0,1.1102230246251565e-16,1.6653345369377348e-16,2.7755575615628914e-17
8,145,0,146,1,5,0.08873584629346117,0.08873578542762417,8.933313178083324e-08,4.2138512663490795e-08,1.0067310507796e-06,0.08873570269064561,0.08873570269064558,2.7755575615628914e-17,1.466111924052494e-17,3.1278926941494617e-16,1.7677731112275552e-07,8.744417935580007e-08,1.992174735541819e-06,0.0,1.1102230246251565e-16,2.220446049250313e-16,5.551115123125783e-17
8,146,0,147,2,5,0.14859363659981947,0.14859359022413338,4.637568609688891e-08,2.9647634973966113e-08,3.120973896196121e-07,0.14859356189090617,0.14859356189090614,5.551115123125783e-17,3.2370251416163967e-17,3.735770952984678e-16,7.470891330574325e-08,7.405706378693644e-08,5.027733018402621e-07,0.0,5.551115123125783e-17,1.6653345369377348e-16,5.551115123125783e-17
8,146,2,158,1,5,0.06725780963180185,0.06725770611259582,1.0351920602669207e-07,4.281228035734434e-08,1.539140310893273e-06,0.06725772510061832,0.06725772510061834,1.3877787807814457e-17,8.30093329486838e-18,2.0633745472439224e-16,8.453118352513833e-08,3.477082589908864e-08,1.2568233189260601e-06,0.0,5.551115123125783e-17,2.220446049250313e-16,5.551115123125783e-17
8,147,0,148,1,5,0.08677363482689243,0.08677348635895907,1.484679333640937e-07,6.790664278738976e-08,1.710979765458451e-06,0.08677344931601202,0.086773449316012,2.7755575615628914e-17,1.4361638991275507e-17,3.198625366907855e-16,1.8551088040719144e-07,9.725159197393474e-08,2.137871494922083e-06,0.0,1.1102230246251565e-16,1.1102230246251565e-16,5.551115123125783e-17
8,148,0,149,2,5,0.17062447811175688,0.17062447750678722,1.4058500308333777e-08,8.572241881269105e-09,8.239439301977315e-08,0.17062457831112854,0.1706245783111285,8.326672684688674e-17,5.5045458415479127e-17,4.880113268034133e-16,1.0019937166094728e-07,1.0080434129089433e-07,5.907961343475428e-07,0.0,1.1102230246251565e-16,1.6653345369377348e-16,5.551115123125783e-17
8,148,2,160,1,5,0.09065589316980449,0.09065575657526677,1.3659453772241203e-07,7.696844589524408e-08,1.5067364398093947e-06,0.09065573764471806,0.09065573764471804,4.163336342344337e-17,2.509503531229897e-17,4.592468662778465e-16,1.604603364624424e-07,5.2849029721913077e-08,1.7699934428078445e-06,0.0,1.1102230246251565e-16,1.1102230246251565e-16,1.1102230246251565e-16
8,149,0,150,1,5,0.08311496196276363,0.08311485518726246,1.0677550117688117e-07,5.724216692730678e-08,1.284672442306088e-06,0.08311484943234562,0.0831148494323456,4.163336342344337e-17,2.7522729207739563e-17,5.009136599270672e-16,1.1253041801162489e-07,3.5809027368327584e-08,1.3539128858897835e-06,0.0,1.1102230246251565e-16,3.3306690738754696e-16,5.551115123125783e-17
8,150,0,151,2,5,0.1763580839250925,0.17635811339474328,3.630408076937819e-08,2.096814426485584e-08,2.0585432714466942e-07,0.17635818565219877,0.17635818565219877,5.551115123125783e-17,3.758825405354379e-17,3.147636783967205e-16,1.01727106266436e-07,8.09851952443541e-08,5.768210071465299e-07,0.0,1.1102230246251565e-16,2.220446049250313e-16,5.551115123125783e-17
8,150,2,162,1,5,0.09595922656819407,0.0959592792626645,1.6673793447330443e-07,8.511966030621557e-08,1.7375905254238215e-06,0.09595931298204806,0.09595931298204806,5.551115123125783e-17,2.392111939118835e-17,5.784863345326657e-16,1.0162748413644618e-07,9.658916881594148e-08,1.0590684841132462e-06,0.0,1.1102230246251565e-16,1.1102230246251565e-16,1.1102230246251565e-16
8,151,0,152,1,5,0.081884246987189,0.08188427635694182,6.142020132771098e-08,3.62778809624956e-08,7.500854139563269e-07,0.08188428739898926,0.08188428739898924,2.7755575615628914e-17,1.5434489064907016e-17,3.3896094717643614e-16,4.7321249585507985e-08,3.1936590372261264e-08,5.77903906703499e-07,0.0,5.551115123125783e-17,1.1102230246251565e-16,5.551115123125783e-17
8,152,0,153,2,5,0.16360024425991354,0.16360022988377568,2.8467294632683604e-08,2.2666433072274504e-08,1.7400520861972122e-07,0.16360021052648477,0.16360021052648477,5.551115123125783e-17,3.587267699524343e-17,3.3930977871370947e-16,4.212515242185688e-08,3.3174495428500705e-08,2.574883222969532e-07,0.0,1.1102230246251565e-16,2.220446049250313e-16,5.551115123125783e-17
8,152,2,164,1,5,0.08188427635694179,0.08188424698718905,6.142020131383319e-08,3.627788098973422e-08,7.500854137868468e-07,0.08188428739898926,0.08188428739898924,1.3877787807814457e-17,8.30093329486838e-18,1.6948047358821807e-16,3.1936590372261264e-08,4.7321249710408075e-08,5.779039082288232e-07,0.0,1.1102230246251565e-16,1.1102230246251565e-16,5.551115123125783e-17
8,153,0,154,1,5,0.08167413067036187,0.0816741251037581,4.8352989695521487e-08,2.0826114975602633e-08,5.920233163016444e-07,0.0816741341074487,0.0816741341074487,2.7755575615628914e-17,1.3861211644617696e-17,3.398331175340566e-16,3.079416219242681e-08,1.7558827530850252e-08,3.7703689826591473e-07,0.0,2.7755575615628914e-17,1.3877787807814457e-16,2.7755575615628914e-17
8,154,0,155,2,5,0.1415801392825511,0.1415801439800239,5.69426455987454e-09,3.2968236565672682e-09,4.021937257443365e-08,0.1415801528554295,0.14158015285542944,5.551115123125783e-17,3.033094235314208e-17,3.920828598620136e-16,2.964098708146956e-08,2.9279575014529158e-08,2.0935834920122317e-07,0.0,1.1102230246251565e-16,2.220446049250313e-16,5.551115123125783e-17
8,154,2,166,1,5,0.06084030075560032,0.060840304355324726,2.4076718806165243e-08,1.0277900927269998e-08,3.95736330731522e-07,0.06084029999050715,0.06084029999050714,6.938893903907228e-18,3.377516034603341e-18,1.1405094822001038e-16,1.2809640959066115e-08,1.1267077854038021e-08,2.1054531358446465e-07,0.0,5.551115123125783e-17,1.1102230246251565e-16,2.7755575615628914e-17
8,155,0,446,0,5,0.07869427162263831,0.07869427570441963,4.081781315723454e-09,1.9936224653461587e-09,5.186884661159939e-08,0.07869426804713832,0.07869426804713833,1.3877787807814457e-17,9.577093645457362e-18,1.7635068159604177e-16,1.9752380370219313e-08,1.946617037007492e-08,2.5100148890639043e-07,0.0,2.7755575615628914e-17,3.592326780187918e-17,2.7755575615628914e-17
8,156,0,157,1,5,0.09526002916654155,0.09526003097458242,1.3033300384768243e-07,6.116871256181112e-08,1.3681814136976114e-06,0.09525998007267551,0.09525998007267553,4.163336342344337e-17,2.0919550881140998e-17,4.3704988591936024e-16,1.0540883595144823e-07,5.09019068978267e-08,1.1065379138872392e-06,0.0,1.1102230246251565e-16,2.220446049250313e-16,2.7755575615628914e-17
8,157,0,158,2,5,0.15938941980964827,0.15938942855774466,3.741618528896318e-08,2.379149229381192e-08,2.347469692785039e-07,0.15938947608157608,0.15938947608157605,2.7755575615628914e-17,2.1447215017685024e-17,1.7413681441190958e-16,6.063234386788352e-08,9.516932991671112e-08,5.970866600251772e-07,0.0,5.551115123125783e-17,1.1102230246251565e-16,5.551115123125783e-17
8,157,2,167,1,5,0.06734876521030132,0.06734874494654748,3.902575026332178e-08,1.891839896731549e-08,5.794575467190985e-07,0.06734874438506734,0.06734874438506734,2.0816681711721685e-17,9.870386516031736e-18,3.0908789617074417e-16,2.4907999919554502e-08,1.4191410116493053e-08,3.698360295363619e-07,0.0,1.1102230246251565e-16,2.220446049250313e-16,0.0
8,158,0,159,1,5,0.09768564075493165,0.09768557489499823,1.8477201431388313e-07,8.281861702240437e-08,1.8914961593734024e-06,0.09768553912016285,0.09768553912016284,1.3877787807814457e-17,1.2103831211681469e-17,1.4206593865181426e-16,1.5753669035944995e-07,7.337042086386081e-08,1.612690351846791e-06,0.0,1.1102230246251565e-16,1.1102230246251565e-16,5.551115123125783e-17
8,159,0,160,2,5,0.18374798146392562,0.18374795762678414,3.0143396917425846e-08,1.735410941627103e-08,1.640474996093699e-07,0.183748094981375,0.18374809498137498,8.326672684688674e-17,4.484884182138016e-17,4.531569530303255e-16,1.1351744938492558e-07,1.373545908400775e-07,7.475157271916206e-07,0.0,1.1102230246251565e-16,1.6653345369377348e-16,1.1102230246251565e-16
8,159,2,169,1,5,0.08815439391189295,0.08815444613239805,9.905153930400701e-08,6.050567000125793e-08,1.1236136536464962e-06,0.0881544683780588,0.0881544683780588,4.163336342344337e-17,1.9936655948501828e-17,4.722774033971226e-16,8.078982699499804e-08,5.751532368425405e-08,9.164575373368845e-07,0.0,1.1102230246251565e-16,2.220446049250313e-16,5.551115123125783e-17
8,160,0,161,1,5,0.09604436674594188,0.09604443955892188,1.6605160824134657e-07,9.369297916683458e-08,1.7289039220170191e-06,0.09604448021688161,0.09604448021688161,2.7755575615628914e-17,1.627140090723812e-17,2.8898668151415904e-16,1.179549026092408e-07,1.0449708263970958e-07,1.2281278668267292e-06,0.0,1.1102230246251565e-16,1.1102230246251565e-16,5.551115123125783e-17
8,161,0,162,2,5,0.19163546393229794,0.19163545709120786,2.6666071989422946e-08,1.7975490576470303e-08,1.3914998530148724e-07,0.19163535529594294,0.19163535529594294,1.1102230246251565e-16,5.494512848111396e-17,5.793414388021649e-16,1.4515504243028943e-07,1.279711579205145e-07,7.574539672968392e-07,0.0,1.1102230246251565e-16,2.220446049250313e-16,5.551115123125783e-17
8,161,2,171,1,5,0.09604443955892188,0.09604436674594197,1.6605160815807984e-07,9.369297918099091e-08,1.7289039211500587e-06,0.09604448021688161,0.09604448021688163,1.3877787807814457e-17,8.30093329486838e-18,1.444933407570795e-16,1.0449708266746516e-07,1.1795490248434071e-07,1.2281278655262888e-06,0.0,1.1102230246251565e-16,1.1102230246251565e-16,5.551115123125783e-17
8,162,0,163,1,5,0.09595927926266445,0.09595922656819406,1.6673793443167106e-07,8.511966031898123e-08,1.7375905249899575e-06,0.09595931298204803,0.09595931298204805,6.938893903907228e-17,3.697573566991085e-17,7.231079181658322e-16,9.658916882981927e-08,1.0162748409481281e-07,1.0590684836793815e-06,0.0,1.1102230246251565e-16,2.220446049250313e-16,1.1102230246251565e-16
8,163,0,164,2,5,0.17635808392509258,0.1763581133947433,3.6304080797133764e-08,2.0968144256237183e-08,2.058543273020513e-07,0.17635818565219877,0.17635818565219874,5.551115123125783e-17,3.712290224803401e-17,3.147636783967205e-16,1.0172710618316927e-07,8.09851950223095e-08,5.768210066743844e-07,0.0,1.1102230246251565e-16,1.1102230246251565e-16,5.551115123125783e-17
8,163,2,173,1,5,0.0831148551872624,0.08311496196276373,1.0677550132953684e-07,5.7242166971980475e-08,1.2846724441427676e-06,0.08311484943234561,0.0831148494323456,2.7755575615628914e-17,2.0647138206237214e-17,3.339424399513782e-16,3.580902738220537e-08,1.1253041813652498e-07,1.3539128873925207e-06,0.0,1.1102230246251565e-16,1.1102230246251565e-16,5.551115123125783e-17
8,164,0,165,1,5,0.09587426390041841,0.09587428808746427,1.5206144550472533e-07,6.671091203360248e-08,1.5860503221260177e-06,0.09587423735801363,0.09587423735801363,2.7755575615628914e-17,1.688885222554393e-17,2.8949983207672386e-16,5.7977159614863716e-08,1.0236134440066991e-07,1.0676621067296752e-06,0.0,5.551115123125783e-17,1.942890293094024e-16,5.551115123125783e-17
8,165,0,166,2,5,0.15009202542055267,0.15009201417288592,3.03432337311893e-08,1.9921317482551555e-08,2.0216419657319308e-07,0.15009204852490335,0.15009204852490335,2.7755575615628914e-17,1.9154187290914724e-17,1.8492369108429948e-16,7.627592729653188e-08,4.832034233848148e-08,5.081943250569742e-07,0.0,1.1102230246251565e-16,1.1102230246251565e-16,2.7755575615628914e-17
8,165,2,175,1,5,0.05833861346524673,0.0583386612001671,4.773492037063454e-08,2.0014010172695982e-08,8.182381869691897e-07,0.05833862789576982,0.05833862789576981,1.3877787807814457e-17,5.3403217515433176e-18,2.3788334262178876e-16,1.4430523095909642e-08,3.330439728860268e-08,5.708803836675513e-07,0.0,1.1102230246251565e-16,2.220446049250313e-16,0.0
8,166,0,443,0,5,0.09131301544165459,0.09131302776692127,1.2325266682267078e-08,6.623343027146279e-09,1.3497818420529896e-07,0.09131298664196538,0.09131298664196541,2.7755575615628914e-17,1.265568686709164e-17,3.039608782533576e-16,3.211347250620111e-08,4.112495585739673e-08,4.5037336799705277e-07,0.0,1.1102230246251565e-16,2.014338581022504e-17,5.551115123125783e-17
8,167,0,168,1,5,0.0879103977275744,0.08791041099372157,8.670905450591793e-08,3.880565607872765e-08,9.863343092789153e-07,0.0879104203250802,0.08791042032508019,2.7755575615628914e-17,1.8189661562334544e-17,3.157256615654066e-16,3.6751565235526584e-08,4.995748928426913e-08,5.682772201467522e-07,0.0,1.1102230246251565e-16,3.3306690738754696e-16,2.7755575615628914e-17
8,168,0,169,2,5,0.175964426373179,0.17596444490793087,4.880533524542763e-08,3.5714926480160845e-08,2.7735907257266565e-07,0.1759643849980197,0.1759643849980197,1.1102230246251565e-16,5.836164413878731e-17,6.309362116871837e-16,4.388105442898471e-08,7.968276391490114e-08,4.5283445730524265e-07,0.0,1.1102230246251565e-16,1.3877787807814457e-16,1.1102230246251565e-16
8,168,2,176,1,5,0.08791041099372157,0.0879103977275744,8.670905456142908e-08,3.8805656099681266e-08,9.863343099103667e-07,0.0879104203250802,0.08791042032508022,4.163336342344337e-17,2.6249855916910178e-17,4.735884923481098e-16,4.9957489312024705e-08,3.6751565291037736e-08,5.682772204624778e-07,0.0,1.1102230246251565e-16,2.220446049250313e-16,2.7755575615628914e-17
8,169,0,170,1,5,0.08815444613239808,0.08815439391189295,9.905153929012922e-08,6.05056699962153e-08,1.12361365348907e-06,0.0881544683780588,0.0881544683780588,2.7755575615628914e-17,1.466111924052494e-17,3.148516022647484e-16,5.7515323767520776e-08,8.07898269256091e-08,9.164575365497556e-07,0.0,1.1102230246251565e-16,2.220446049250313e-16,5.551115123125783e-17
8,170,0,171,2,5,0.1837479814639258,0.18374795762678411,3.0143396806403544e-08,1.7354109487568608e-08,1.640474990051601e-07,0.18374809498137498,0.18374809498137498,1.1102230246251565e-16,4.272257401234654e-17,6.042092707071007e-16,1.1351744919063655e-07,1.3735459086783308e-07,7.47515727342673e-07,0.0,1.1102230246251565e-16,1.1102230246251565e-16,1.1102230246251565e-16
8,170,2,178,1,5,0.09768557489499821,0.09768564075493165,1.8477201425837197e-07,8.281861697423761e-08,1.8914961588051392e-06,0.09768553912016285,0.09768553912016284,4.163336342344337e-17,2.1457931824774084e-17,4.2619781595544274e-16,7.337042089161638e-08,1.575366903039388e-07,1.6126903512785278e-06,0.0,1.1102230246251565e-16,2.220446049250313e-16,5.551115123125783e-17
8,171,0,172,1,5,0.09065575657526671,0.09065589316980445,1.3659453773628982e-07,7.696844587171925e-08,1.5067364399624775e-06,0.09065573764471807,0.09065573764471807,2.7755575615628914e-17,2.057921579676464e-17,3.061645775185643e-16,5.2849029735790864e-08,1.6046033636529788e-07,1.7699934417362711e-06,0.0,1.1102230246251565e-16,1.6653345369377348e-16,1.1102230246251565e-16
8,172,0,173,2,5,0.17062447811175696,0.17062447750678716,1.4058500141800323e-08,8.572241832952422e-09,8.239439204374988e-08,0.1706245783111285,0.17062457831112854,1.1102230246251565e-16,4.055287563100475e-17,6.506817690712178e-16,1.0019937154992498e-07,1.0080434137416106e-07,5.907961348355541e-07,0.0,1.1102230246251565e-16,1.6653345369377348e-16,5.551115123125783e-17
8,172,2,180,1,5,0.08677348635895901,0.08677363482689246,1.4846793344736042e-07,6.790664280574106e-08,1.710979766418036e-06,0.08677344931601201,0.086773449316012,1.3877787807814457e-17,8.30093329486838e-18,1.5993126834539278e-16,9.72515919045458e-08,1.855108804627026e-07,2.137871495561806e-06,0.0,1.1102230246251565e-16,2.220446049250313e-16,5.551115123125783e-17
8,173,0,174,1,5,0.09353070028527127,0.0935307912205026,1.3974056636834042e-07,6.587123735144202e-08,1.494059491476945e-06,0.09353062900858179,0.0935306290085818,5.551115123125783e-17,3.461050518559701e-17,5.935077291756955e-16,7.127668948114785e-08,2.0368729107544947e-07,2.1777565272087615e-06,0.0,1.1102230246251565e-16,1.1102230246251565e-16,1.1102230246251565e-16
8,174,0,175,2,5,0.14489441192563146,0.14489447956935333,6.76437218738446e-08,4.429358647875194e-08,4.6684816478095785e-07,0.14489440879890825,0.14489440879890825,2.7755575615628914e-17,2.0087037785085565e-17,1.915572577693422e-16,8.757603628395394e-08,7.077044508752017e-08,6.044125113961703e-07,0.0,1.1102230246251565e-16,2.220446049250313e-16,2.7755575615628914e-17
8,174,2,182,1,5,0.05985968904051273,0.05985984339328912,1.5435277638670142e-07,6.809276802511235e-08,2.5785696660209755e-06,0.05985973587127873,0.05985973587127873,6.938893903907228e-18,2.3882644916343202e-18,1.1591922020552342e-16,7.664921065214658e-08,1.075220103924357e-07,1.7962293968261531e-06,0.0,1.1102230246251565e-16,1.1102230246251565e-16,2.7755575615628914e-17
8,175,0,438,0,5,0.09200790738309411,0.09200793094762244,2.3564528328634538e-08,1.4031159350375559e-08,2.5611409892533254e-07,0.09200782925189918,0.09200782925189918,2.7755575615628914e-17,1.3577962209087059e-17,3.01665367407372e-16,7.813119493049747e-08,1.0169572325913201e-07,1.1052930134579873e-06,0.0,1.1102230246251565e-16,8.431474642217415e-17,2.7755575615628914e-17
8,176,0,177,1,5,0.06734874494654747,0.06734876521030124,3.902575027026067e-08,1.891839893855461e-08,5.794575468221286e-07,0.06734874438506731,0.06734874438506734,2.7755575615628914e-17,1.6772769048234674e-17,4.1211719489432557e-16,1.4191410088737477e-08,2.4907999926493396e-08,3.6983602963939164e-07,0.0,1.1102230246251565e-16,1.1102230246251565e-16,0.0
8,177,0,178,2,5,0.15938941980964833,0.1593894285577447,3.741618531671875e-08,2.379149230272423e-08,2.347469694526407e-07,0.15938947608157605,0.15938947608157608,2.7755575615628914e-17,1.660186658973676e-17,1.7413681441190958e-16,6.063234386788352e-08,9.516932980568882e-08,5.970866593286299e-07,0.0,5.551115123125783e-17,2.220446049250313e-16,5.551115123125783e-17
8,177,2,183,1,5,0.09526003097458237,0.0952600291665415,1.3033300393094915e-07,6.116871259135702e-08,1.3681814145717115e-06,0.0952599800726755,0.09525998007267551,1.3877787807814457e-17,8.30093329486838e-18,1.4568329530645344e-16,5.090190687007112e-08,1.0540883590981487e-07,1.1065379134501903e-06,0.0,1.1102230246251565e-16,1.6653345369377348e-16,2.7755575615628914e-17
8,178,0,179,1,5,0.06725770611259572,0.06725780963180183,1.035192061099588e-07,4.2812280370744736e-08,1.5391403121312964e-06,0.06725772510061831,0.06725772510061832,1.3877787807814457e-17,1.0813824052113838e-17,2.063374547243923e-16,3.4770825871333066e-08,8.453118351126054e-08,1.2568233187197231e-06,0.0,5.551115123125783e-17,1.6653345369377348e-16,5.551115123125783e-17
8,179,0,180,2,5,0.1485936365998194,0.1485935902241332,4.637568618015564e-08,2.9647634954479038e-08,3.1209739017997767e-07,0.14859356189090614,0.14859356189090614,8.326672684688674e-17,4.1839101762281996e-17,5.603656429477018e-16,7.47089132502321e-08,7.405706373142529e-08,5.027733014666855e-07,0.0,1.1102230246251565e-16,1.6653345369377348e-16,5.551115123125783e-17
8,179,2,185,1,5,0.08873578542762411,0.0887358462934612,8.933313179471103e-08,4.2138512676041276e-08,1.006731050935994e-06,0.08873570269064557,0.08873570269064558,4.163336342344337e-17,2.493970061608686e-17,4.691839041224194e-16,8.744417927253334e-08,1.7677731106724437e-07,1.992174734916241e-06,0.0,1.1102230246251565e-16,1.1102230246251565e-16,5.551115123125783e-17
8,180,0,181,1,5,0.07115948367252038,0.07115965782959068,1.7415707029289074e-07,7.833183033710914e-08,2.4474129809611047e-06,0.0711594959334876,0.0711594959334876,0.0,0.0,0.0,1.217117346977159e-07,1.6189610307915103e-07,2.2751107582171224e-06,0.0,5.551115123125783e-17,1.942890293094024e-16,5.551115123125783e-17
8,181,0,182,2,5,0.12568737867554794,0.12568740614671453,2.747116659151949e-08,1.5100453039084683e-08,2.1856737626880836e-07,0.12568737228083715,0.12568737228083715,2.7755575615628914e-17,1.660186658973676e-17,2.2083026410649727e-16,2.8065052629089315e-08,3.386587738019031e-08,2.6944527235018896e-07,0.0,1.1102230246251565e-16,2.220446049250313e-16,0.0
8,181,2,187,1,5,0.06532117065793212,0.06532131876402082,1.4810608869875175e-07,7.487157013188443e-08,2.2673468861490443e-06,0.06532117506874455,0.06532117506874455,1.3877787807814457e-17,8.485775197262672e-18,2.1245465644500972e-16,1.2717783408333627e-07,1.4369527627511314e-07,2.199822033511377e-06,0.0,1.1102230246251565e-16,1.1102230246251565e-16,2.7755575615628914e-17
8,182,0,431,0,5,0.07552349875237567,0.0755235195200154,2.356452831475675e-08,1.4031159338692365e-08,3.120157596536749e-07,0.07552344787163652,0.07552344787163652,1.3877787807814457e-17,7.59031162386047e-18,1.837546907471948e-16,1.216594704492313e-07,1.4522399876398806e-07,1.922897657404598e-06,0.0,1.1102230246251565e-16,8.431474642217415e-17,2.7755575615628914e-17
8,183,0,184,1,5,0.04179740799606198,0.041797451999741615,4.4003679637583115e-08,1.718892058554788e-08,1.0527837830367062e-06,0.0417974336975019,0.0417974336975019,1.3877787807814457e-17,5.859846007999496e-18,3.32024877609744e-16,2.5701439920755575e-08,1.830223971682754e-08,6.149044664472479e-07,0.0,1.1102230246251565e-16,2.220446049250313e-16,2.7755575615628914e-17
8,184,0,185,2,5,0.12225435597863507,0.12225427594308329,8.003555178326405e-08,4.5670520701876744e-08,6.546642133328231e-07,0.12225430934117436,0.12225430934117436,4.163336342344337e-17,2.0602550603750668e-17,3.405472056388409e-16,4.663746071276176e-08,5.8647704040404314e-08,4.797187271646457e-07,0.0,2.7755575615628914e-17,1.942890293094024e-16,2.7755575615628914e-17
8,184,2,188,1,5,0.08601793142106968,0.08601793311397421,6.104219109348552e-08,3.28471863052826e-08,7.096449412775856e-07,0.08601786511581028,0.08601786511581028,4.163336342344337e-17,2.0875545126805518e-17,4.840083320760197e-16,6.630525940798382e-08,1.0120025660531606e-07,1.176501840275855e-06,0.0,1.1102230246251565e-16,1.1102230246251565e-16,5.551115123125783e-17
8,185,0,186,1,5,0.0426463163600464,0.04264644474858782,1.2838854142327438e-07,5.876271179792779e-08,3.0105332854862606e-06,0.042646380552299586,0.04264638055229957,2.0816681711721685e-17,1.596940329674568e-17,4.881230585604575e-16,6.419225318660127e-08,6.41962882505509e-08,1.5053139512333363e-06,0.0,2.7755575615628914e-17,1.6653345369377348e-16,2.7755575615628914e-17
8,186,0,187,2,5,0.10263775275534197,0.10263771235138669,4.0403955278711656e-08,2.0328780289821954e-08,3.9365588386392997e-07,0.10263773368800905,0.10263773368800905,4.163336342344337e-17,2.0919550881140998e-17,4.0563408726460716e-16,1.9067332920896796e-08,2.133662235781486e-08,2.0788278956842572e-07,0.0,5.551115123125783e-17,1.6653345369377348e-16,2.7755575615628914e-17
8,186,2,190,1,5,0.06955560804610847,0.06955566339403493,5.534792646422204e-08,2.988447680026062e-08,7.957357282422046e-07,0.06955556047663876,0.0695555604766388,4.163336342344337e-17,2.1201035025867186e-17,5.985626905763561e-16,9.594624642700333e-08,1.0291739613310646e-07,1.4796407813706887e-06,0.0,1.1102230246251565e-16,1.3877787807814457e-16,5.551115123125783e-17
8,187,0,422,0,5,0.048846417331580266,0.048846424089447255,1.2325266592061457e-08,6.6233429987097506e-09,2.523268964272903e-07,0.04884645503095747,0.04884645503095748,6.938893903907228e-18,4.788546822728681e-18,1.4205521975974628e-16,9.145744230693031e-08,1.0378270889205288e-07,2.1246722781884252e-06,0.0,1.1102230246251565e-16,2.014338581022504e-17,5.551115123125783e-17
8,188,0,189,1,5,0.021065852981021718,0.02106590653922337,5.3558201651426884e-08,2.3016831396086846e-08,2.54241143393022e-06,0.02106589116483919,0.02106589116483918,1.0408340855860843e-17,7.462705370040912e-18,4.94085000934272e-16,3.818381747247579e-08,1.5374384189359436e-08,1.812588383100436e-06,0.0,2.7755575615628914e-17,1.3877787807814457e-16,0.0
8,189,0,190,2,5,0.08397190770133374,0.08397185847521933,4.922611440694169e-08,2.359686044385249e-08,5.862212227216058e-07,0.0839718931659098,0.08397189316590982,1.3877787807814457e-17,1.0723607508842512e-17,1.6526705882878012e-16,2.0278787399297116e-08,3.469069048689377e-08,4.1312257201872255e-07,0.0,2.7755575615628914e-17,1.1102230246251565e-16,0.0
8,189,2,191,1,5,0.06979252156717371,0.06979253064645807,1.131250296909636e-08,5.842428038895284e-09,1.6208758823205765e-07,0.06979247877189657,0.06979247877189654,2.7755575615628914e-17,1.3510064138413364e-17,3.9768720217464593e-16,4.834118965540979e-08,5.965369265226173e-08,8.547288957674314e-07,0.0,7.806255641895632e-18,1.1102230246251565e-16,5.551115123125783e-17
8,190,0,411,0,5,0.024534025523322678,0.024534025809532622,4.0817813434790295e-09,1.9936224409235195e-09,1.66372260923157e-07,0.024534078238556425,0.02453407823855643,5.204170427930421e-18,2.8120091139740038e-18,2.1212007140956405e-16,5.271523374761333e-08,5.242902380644954e-08,2.1486535273523716e-06,0.0,2.7755575615628914e-17,3.592326780187918e-17,2.7755575615628914e-17
8,191,0,398,0,5,0.008480334479588444,0.008480334017751737,1.1114092979269685e-09,5.799790033329487e-10,1.3105724787177333e-07,0.008480363384296884,0.008480363384296884,4.336808689942018e-19,2.594041654646369e-19,5.113942048724587e-17,2.8904708439247973e-08,2.9366545147013756e-08,3.4628875929293173e-06,0.0,7.806255641895632e-18,2.1298947178887054e-17,2.7755575615628914e-17
8,192,0,193,1,5,0.07093433899563692,0.07093433150055357,9.728302004241574e-09,4.743513746079736e-09,1.3714517033618863e-07,0.07093427954276604,0.07093427954276603,1.3877787807814457e-17,6.755032069206682e-18,1.9564289504692276e-16,6.723200202812807e-08,5.750370003776428e-08,9.478061398762512e-07,0.0,7.806255641895632e-18,1.1102230246251565e-16,5.551115123125783e-17
8,193,0,194,2,5,0.008024879992413442,0.008024924129667427,7.021449351021086e-08,3.142956419501401e-08,8.749552316717134e-06,0.008024901649182108,0.008024901649182105,7.806255641895632e-18,5.707167693361554e-18,9.727540577012853e-16,2.1656768666583615e-08,5.2204887602061434e-08,6.505343447306203e-06,0.0,2.7755575615628914e-17,1.1102230246251565e-16,0.0
8,193,2,207,1,5,0.07016013881991912,0.07016017403681549,7.454658069311337e-08,3.1134368866074325e-08,1.0625198941780871e-06,0.0701601553790159,0.07016015537901592,1.3877787807814457e-17,8.637667558308538e-18,1.9780155464087159e-16,1.8848566110674092e-08,5.569801457550039e-08,7.938693901510806e-07,0.0,2.7755575615628914e-17,1.1102230246251565e-16,0.0
8,194,0,195,1,5,0.06921645327987137,0.06921638642962011,6.685025126518251e-08,3.955829701103928e-08,9.658144573643306e-07,0.06921631360903385,0.06921631360903385,2.7755575615628914e-17,1.3577962209087059e-17,4.009975996757845e-16,1.3967083752064458e-07,1.3737895030591085e-07,2.0178849233418005e-06,0.0,1.1102230246251565e-16,1.1102230246251565e-16,5.551115123125783e-17
8,195,0,196,2,5,0.015280292576373838,0.015280341888167393,7.15821380729148e-08,3.3554544399765874e-08,4.68459008291861e-06,0.015280307252150759,0.015280307252150759,4.0115480381963664e-18,2.7545926302257793e-18,2.625305873762274e-16,2.0566503457306734e-08,5.101563461560807e-08,3.3386448411283874e-06,0.0,1.1102230246251565e-16,1.1102230246251565e-16,2.7755575615628914e-17
8,195,2,209,1,5,0.07379748323701214,0.07379756964667905,2.178745948655525e-07,9.869383339617649e-08,2.952327507649258e-06,0.07379747827634149,0.07379747827634148,1.3877787807814457e-17,5.859846007999496e-18,1.8805233094615774e-16,1.0003476152986579e-07,1.178398333356867e-07,1.5967982943052053e-06,0.0,2.7755575615628914e-17,1.1102230246251565e-16,2.7755575615628914e-17
8,196,0,197,1,5,0.05701945465778548,0.057019223860619014,2.3079716646862147e-07,1.2577362659906171e-07,4.047691579195212e-06,0.05701921853840128,0.05701921853840128,6.938893903907228e-18,3.598404914675751e-18,1.2169394954499463e-16,2.3611938420459166e-07,2.325063640958025e-07,4.141031962191026e-06,0.0,1.1102230246251565e-16,2.220446049250313e-16,2.7755575615628914e-17
8,197,0,198,2,5,0.014013910737036554,0.014013880729408608,8.18255105651533e-08,3.4812463425741755e-08,5.83887767665748e-06,0.014013846011986734,0.014013846011986734,5.204170427930421e-18,3.848366472353213e-18,3.713591845863753e-16,6.472504981980265e-08,4.8443915752136024e-08,4.618628663642373e-06,0.0,1.1102230246251565e-16,2.220446049250313e-16,0.0
8,197,2,211,1,5,0.05942072862479414,0.05942081274203237,3.601218025242603e-07,1.7113080130595435e-07,6.060533101216263e-06,0.059420535466291495,0.059420535466291495,6.938893903907228e-18,3.598404914675751e-18,1.167760244746292e-16,3.31465670428549e-07,2.7727574087449414e-07,5.57827560971883e-06,0.0,5.551115123125783e-17,1.1102230246251565e-16,5.551115123125783e-17
8,198,0,199,1,5,0.03468500986003528,0.0346847069927686,3.028672666827159e-07,1.4563343329906425e-07,8.73193543565012e-06,0.03468479881492794,0.034684798814927933,1.6696713456276768e-17,7.939622206367871e-18,4.813841805849165e-16,2.1104510734143433e-07,2.074454572820704e-07,6.0846200763115384e-06,0.0,1.1102230246251565e-16,3.3306690738754696e-16,2.7755575615628914e-17
8,199,0,200,2,5,0.03468470699276859,0.034685009860035275,3.028672666827159e-07,1.4563343329612153e-07,8.731935435650122e-06,0.034684798814927933,0.034684798814927933,1.6696713456276768e-17,6.8868334236125925e-18,4.813841805849166e-16,2.074454572944303e-07,2.1104510734143433e-07,6.084620076311539e-06,0.0,1.1102230246251565e-16,2.220446049250313e-16,2.7755575615628914e-17
8,199,2,213,1,5,0.021368345663211056,0.02136817814941606,1.6751379499496677e-07,8.438775782988729e-08,7.839343187122245e-06,0.021367887252996584,0.021367887252996584,2.7755575615628914e-17,1.6494371136353095e-17,1.2989386965122878e-15,4.584102144926383e-07,2.9089641949073264e-07,2.1452770453908514e-05,0.0,1.1102230246251565e-16,1.6653345369377348e-16,1.1102230246251565e-16
8,200,0,201,1,5,0.01401388072940862,0.01401391073703659,8.182551055127552e-08,3.481246342879231e-08,5.838877675667178e-06,0.014013846011986734,0.014013846011986731,3.469446951953614e-18,2.456573223669222e-18,2.475727897242502e-16,4.8443915746931854e-08,6.472504985970129e-08,4.618628666489436e-06,0.0,1.1102230246251565e-16,1.1102230246251565e-16,0.0
8,201,0,202,2,5,0.05701922386061906,0.05701945465778547,2.3079716640617143e-07,1.257736265710633e-07,4.047691578099971e-06,0.05701921853840128,0.05701921853840128,3.469446951953614e-18,1.1941322458171601e-18,6.084697477249732e-17,2.3250636411661918e-07,2.3611938419071388e-07,4.14103196194764e-06,0.0,1.1102230246251565e-16,2.220446049250313e-16,2.7755575615628914e-17
8,201,2,215,1,5,0.05942072862479421,0.05942081274203238,3.60121802545077e-07,1.7113080130317984e-07,6.060533101566588e-06,0.059420535466291495,0.05942053546629149,1.3877787807814457e-17,8.775656081232124e-18,2.335520489492584e-16,3.314656704493657e-07,2.772757408953108e-07,5.578275610069155e-06,0.0,5.551115123125783e-17,1.1102230246251565e-16,5.551115123125783e-17
8,202,0,203,1,5,0.015280341888167383,0.015280292576373864,7.158213814490583e-08,3.355454441274163e-08,4.684590087629962e-06,0.015280307252150757,0.015280307252150759,2.6834003769016235e-18,1.8978835666312616e-18,1.7561167669085484e-16,5.1015634679359156e-08,2.0566503468148756e-08,3.338644845300488e-06,0.0,1.1102230246251565e-16,1.1102230246251565e-16,2.7755575615628914e-17
8,203,0,204,2,5,0.06921638642962011,0.06921645327987141,6.685025130681588e-08,3.9558297017739154e-08,9.658144579658253e-07,0.06921631360903382,0.06921631360903385,2.7755575615628914e-17,1.3544055721522987e-17,4.009975996757845e-16,1.3737895030591085e-07,1.3967083756227794e-07,2.0178849239432947e-06,0.0,1.1102230246251565e-16,2.220446049250313e-16,5.551115123125783e-17
8,203,2,217,1,5,0.07379748323701217,0.07379756964667901,2.1787459487943028e-07,9.869383340017623e-08,2.9523275078373116e-06,0.07379747827634148,0.07379747827634149,1.3877787807814457e-17,4.7765289832686404e-18,1.8805233094615774e-16,1.0003476155762137e-07,1.1783983332180892e-07,1.5967982941171542e-06,0.0,2.7755575615628914e-17,1.3877787807814457e-16,2.7755575615628914e-17
8,204,0,205,1,5,0.008024924129667432,0.008024879992413442,7.021449352322129e-08,3.1429564200648696e-08,8.74955231833838e-06,0.0080249016491821,0.008024901649182105,8.673617379884035e-18,5.663314478360898e-18,1.0808378418903174e-15,5.22048876254802e-08,2.1656768663114168e-08,6.505343450224453e-06,0.0,2.7755575615628914e-17,1.1102230246251565e-16,0.0
8,205,0,206,2,5,0.07093433150055353,0.07093433899563693,9.728301948730422e-09,4.743513748743058e-09,1.371451695536177e-07,0.07093427954276604,0.07093427954276603,1.3877787807814457e-17,6.755032069206682e-18,1.9564289504692276e-16,5.750370005164207e-08,6.723200201425028e-08,9.478061396806083e-07,0.0,7.806255641895632e-18,1.1102230246251565e-16,5.551115123125783e-17
8,205,2,219,1,5,0.0701601388199192,0.07016017403681551,7.454658079025789e-08,3.113436889048596e-08,1.0625198955626974e-06,0.07016015537901592,0.07016015537901592,1.3877787807814457e-17,7.196809829351503e-18,1.9780155464087159e-16,1.88485662147575e-08,5.569801458243928e-08,7.93869390249981e-07,0.0,2.7755575615628914e-17,1.1102230246251565e-16,0.0
8,206,0,511,0,5,0.008480334017751737,0.008480334479588444,1.1114092979269685e-09,5.799790033329487e-10,1.3105724787177333e-07,0.008480363384296884,0.008480363384296884,4.336808689942018e-19,2.594041654646369e-19,5.113942048724587e-17,2.9366545147013756e-08,2.8904708439247973e-08,3.4628875929293173e-06,0.0,7.806255641895632e-18,2.1298947178887054e-17,2.7755575615628914e-17
8,207,0,208,1,5,0.09291057060456889,0.09291058082586888,7.254451582505705e-08,4.2298237840216786e-08,7.807992930430444e-07,0.09291047308790563,0.09291047308790563,2.7755575615628914e-17,1.6185125708081983e-17,2.987346280044065e-16,1.3795369797897639e-07,1.0773796324525797e-07,1.484800727244687e-06,0.0,1.1102230246251565e-16,1.1102230246251565e-16,5.551115123125783e-17
8,208,0,209,2,5,0.027861843733603432,0.027861674211998366,1.695216050659476e-07,8.448790887525928e-08,6.084364218204701e-06,0.02786176125766951,0.027861761257669503,1.0408340855860843e-17,8.170131791247502e-18,3.7357081483841005e-16,8.24759339226877e-08,9.649454656927153e-08,3.4633223663117462e-06,0.0,2.7755575615628914e-17,2.220446049250313e-16,2.7755575615628914e-17
8,208,2,220,1,5,0.07239527692392887,0.07239530215900367,7.518186250637937e-08,3.0245990814047746e-08,1.0384909001589014e-06,0.07239527879006485,0.07239527879006484,2.0816681711721685e-17,8.61101008395748e-18,2.8754197869845703e-16,1.980141026841631e-08,5.538045221714638e-08,7.649730102032431e-07,0.0,1.1102230246251565e-16,1.6653345369377348e-16,2.7755575615628914e-17
8,209,0,210,1,5,0.09611948124987456,0.09611941504970004,9.466746919706281e-08,4.1726800301492076e-08,9.848936757259743e-07,0.09611921922048221,0.09611921922048217,4.163336342344337e-17,1.432958694980592e-17,4.331429630940203e-16,2.952038879039387e-07,2.0053641870687589e-07,3.071218072187879e-06,0.0,1.1102230246251565e-16,2.220446049250313e-16,5.551115123125783e-17
8,210,0,211,2,5,0.039101652021885966,0.03910149348856539,1.5853332057530478e-07,8.350454863647568e-08,4.054389325713669e-06,0.039101501721279235,0.039101501721279214,2.0816681711721685e-17,8.326845784126882e-18,5.323755046572326e-16,1.5030060673132395e-07,1.8647530744975854e-07,4.768987953383265e-06,0.0,5.551115123125783e-17,1.6653345369377348e-16,5.551115123125783e-17
8,210,2,222,1,5,0.071348041870945,0.07134808555149418,2.1567684039408563e-07,9.180061168206948e-08,3.0228819557943824e-06,0.07134793836242455,0.07134793836242456,1.3877787807814457e-17,1.1739292445957246e-17,1.9450860285996999e-16,1.6012287684663562e-07,1.471890696130851e-07,2.2442491008545684e-06,0.0,5.551115123125783e-17,2.220446049250313e-16,5.551115123125783e-17
8,211,0,212,1,5,0.08545796732234279,0.08545770644306841,2.6087927437745684e-07,1.122044918089965e-07,3.05272033201345e-06,0.0854575237831114,0.08545752378311137,2.7755575615628914e-17,1.6509429061363748e-17,3.2478796935506486e-16,4.4353923138451545e-07,3.7599971507845664e-07,5.190144878025353e-06,0.0,1.1102230246251565e-16,1.1102230246251565e-16,5.551115123125783e-17
8,212,0,213,2,5,0.06156701055123805,0.06156715934807575,1.4879683770535612e-07,6.327519269993003e-08,2.4168215535837726e-06,0.061566859673718895,0.06156685967371885,4.163336342344337e-17,1.8321685973019103e-17,6.762300959328521e-16,3.0225969517919116e-07,2.9967435689892685e-07,4.90943058571758e-06,0.0,1.1102230246251565e-16,1.6653345369377348e-16,5.551115123125783e-17
8,212,2,224,1,5,0.04539900592320765,0.0453989434723948,2.7533445600856285e-07,1.1417827273102698e-07,6.06476838885615e-06,0.04539855927201692,0.045398559272016914,1.3877787807814457e-17,9.005039937969642e-18,3.056878462741998e-16,4.951947047996882e-07,3.842003778870007e-07,1.0907611185084302e-05,0.0,1.1102230246251565e-16,1.1102230246251565e-16,1.1102230246251565e-16
8,213,0,214,1,5,0.061567159348075724,0.061567010551238074,1.4879683764984497e-07,6.327519268475729e-08,2.416821552682138e-06,0.06156685967371888,0.06156685967371885,2.7755575615628914e-17,1.866122468951391e-17,4.508200639552349e-16,2.996743568434157e-07,3.0225969517225226e-07,4.909430585604878e-06,0.0,1.1102230246251565e-16,3.3306690738754696e-16,5.551115123125783e-17
8,214,0,215,2,5,0.08545770644306838,0.08545796732234284,2.6087927446072356e-07,1.1220449182894977e-07,3.052720332987807e-06,0.0854575237831114,0.08545752378311136,4.163336342344337e-17,1.9717467067039004e-17,4.871819540325973e-16,3.7599971508539554e-07,4.4353923148165997e-07,5.190144879162102e-06,0.0,1.1102230246251565e-16,2.220446049250313e-16,5.551115123125783e-17
8,214,2,226,1,5,0.04539900592320769,0.04539894347239481,2.753344560237417e-07,1.1417827274708531e-07,6.064768389190487e-06,0.045398559272016914,0.045398559272016914,2.3852447794681098e-17,1.3513850861632995e-17,5.25400985783781e-16,4.951947048179028e-07,3.8420037789393957e-07,1.0907611185485503e-05,0.0,1.1102230246251565e-16,1.1102230246251565e-16,1.1102230246251565e-16
8,215,0,216,1,5,0.03910149348856537,0.039101652021885966,1.5853332059612146e-07,8.350454862878768e-08,4.054389326246043e-06,0.03910150172127922,0.039101501721279214,1.3877787807814457e-17,7.47917826758931e-18,3.5491700310482193e-16,1.864753074280745e-07,1.5030060675214063e-07,4.768987952828709e-06,0.0,5.551115123125783e-17,1.1102230246251565e-16,5.551115123125783e-17
8,216,0,217,2,5,0.09611941504970004,0.09611948124987461,9.466746919706281e-08,4.1726800320176015e-08,9.848936757259736e-07,0.09611921922048218,0.09611921922048218,2.7755575615628914e-17,9.553057966537281e-18,2.887619753960136e-16,2.005364186929981e-07,2.9520388786230534e-07,3.071218071754735e-06,0.0,1.1102230246251565e-16,2.220446049250313e-16,5.551115123125783e-17
8,216,2,228,1,5,0.07134804187094505,0.0713480855514942,2.156768404287801e-07,9.180061169160028e-08,3.0228819562806517e-06,0.07134793836242455,0.07134793836242456,1.3877787807814457e-17,1.0020602055915873e-17,1.9450860285996999e-16,1.601228768674523e-07,1.4718906964084066e-07,2.2442491011463298e-06,0.0,1.1102230246251565e-16,1.1102230246251565e-16,5.551115123125783e-17
8,217,0,218,1,5,0.02786167421199834,0.02786184373360352,1.6952160518043935e-07,8.448790890721308e-08,6.084364222313949e-06,0.027861761257669485,0.027861761257669496,1.0408340855860843e-17,7.625009843948262e-18,3.735708148384102e-16,9.649454658661877e-08,8.247593402330167e-08,3.4633223669343514e-06,0.0,2.7755575615628914e-17,1.3877787807814457e-16,2.7755575615628914e-17
8,218,0,219,2,5,0.09291058082586887,0.09291057060456893,7.254451582505705e-08,4.22982378402825e-08,7.807992930430445e-07,0.09291047308790565,0.09291047308790563,2.7755575615628914e-17,1.7275335116617076e-17,2.9873462800440647e-16,1.077379632175024e-07,1.3795369797897639e-07,1.4848007272446872e-06,0.0,1.1102230246251565e-16,2.220446049250313e-16,5.551115123125783e-17
8,218,2,230,1,5,0.0723952769239289,0.07239530215900367,7.518186249944048e-08,3.0245990807762966e-08,1.038490900063054e-06,0.07239527879006484,0.07239527879006485,2.0816681711721685e-17,1.2896899764738639e-17,2.8754197869845703e-16,1.980141032392746e-08,5.53804521963297e-08,7.649730099157013e-07,0.0,5.551115123125783e-17,1.1102230246251565e-16,2.7755575615628914e-17
8,219,0,510,0,5,0.024534025809532622,0.024534025523322678,4.0817813434790295e-09,1.9936224409235195e-09,1.66372260923157e-07,0.02453407823855643,0.024534078238556425,5.204170427930421e-18,2.8120091139740038e-18,2.1212007140956405e-16,5.242902380644954e-08,5.271523374761333e-08,2.1486535273523716e-06,0.0,2.7755575615628914e-17,3.592326780187918e-17,2.7755575615628914e-17
8,220,0,221,1,5,0.11616428343226931,0.11616433944329274,2.1302408169387999e-07,1.0954655538645559e-07,1.8338164940702021e-06,0.11616418321285585,0.11616418321285582,2.7755575615628914e-17,1.1719692015998991e-17,2.389340229317535e-16,1.9783294392949902e-07,1.5623043692070127e-07,1.7030436782716262e-06,0.0,1.1102230246251565e-16,2.220446049250313e-16,2.7755575615628914e-17
8,221,0,222,2,5,0.06436501800564028,0.06436480994528337,2.0806035690157376e-07,1.14840052686736e-07,3.232506776947402e-06,0.06436478890131427,0.06436478890131427,1.3877787807814457e-17,6.930605822308848e-18,2.156114864152236e-16,2.2910432601053188e-07,2.5073333607961157e-07,3.895490809272204e-06,0.0,5.551115123125783e-17,1.1102230246251565e-16,5.551115123125783e-17
8,221,2,231,1,5,0.06333352663439454,0.06333348129397606,4.534041847525927e-08,2.382267381695697e-08,7.158991593346114e-07,0.06333346506639737,0.06333346506639739,2.7755575615628914e-17,1.265568686709164e-17,4.382450192253114e-16,6.156799717271788e-08,1.6227578669703036e-08,9.721233041092353e-07,0.0,1.1102230246251565e-16,2.220446049250313e-16,0.0
8,222,0,223,1,5,0.12442200480664792,0.12442201448902417,2.971833552717351e-07,1.307802685235345e-07,2.3885110403669845e-06,0.12442169996606572,0.12442169996606568,4.163336342344337e-17,2.370266382350257e-17,3.346149701764104e-16,4.155650412951406e-07,3.14522958483332e-07,3.339963936460774e-06,0.0,1.1102230246251565e-16,1.1102230246251565e-16,5.551115123125783e-17
8,223,0,224,2,5,0.08916648519414092,0.08916637659761945,1.0859652146977261e-07,5.8798111271982075e-08,1.2179073923719988e-06,0.0891660916269203,0.08916609162692034,4.163336342344337e-17,1.7971530293954858e-17,4.669192364922918e-16,3.935672206190066e-07,4.1396156980066934e-07,4.6425691098999444e-06,0.0,1.1102230246251565e-16,1.6653345369377348e-16,1.1102230246251565e-16
8,223,2,233,1,5,0.05328701242573861,0.05328691393643607,9.848930253991695e-08,5.303775425648462e-08,1.8482796849827667e-06,0.05328672791011178,0.0532867279101118,3.469446951953614e-17,2.3912565099284163e-17,6.510902598121895e-16,2.8451562683606824e-07,1.8714393872423796e-07,5.339305280673644e-06,0.0,1.1102230246251565e-16,2.220446049250313e-16,5.551115123125783e-17
8,224,0,225,1,5,0.11472797044251985,0.11472788565601283,1.1145257905464945e-07,5.190186642017968e-08,9.71450803363497e-07,0.11472747419158846,0.11472747419158841,5.551115123125783e-17,2.3439384031997983e-17,4.838522910262743e-16,5.080303647486684e-07,4.1146442442130393e-07,4.428129973790462e-06,0.0,1.1102230246251565e-16,1.1102230246251565e-16,5.551115123125783e-17
8,225,0,226,2,5,0.11472788565601282,0.1147279704425199,1.1145257901301608e-07,5.190186641814047e-08,9.714508030006089e-07,0.11472747419158846,0.11472747419158841,5.551115123125783e-17,2.138280138157262e-17,4.838522910262743e-16,4.11464424351915e-07,5.08030364707035e-07,4.428129973427573e-06,0.0,1.1102230246251565e-16,2.220446049250313e-16,5.551115123125783e-17
8,225,2,235,1,5,0.019628100517533626,0.019628045918504523,5.5066777646453624e-08,4.645063490026723e-08,2.8055072164146963e-06,0.019627655843042324,0.019627655843042324,2.0816681711721685e-17,8.405312329657214e-18,1.0605791072651627e-15,4.4467449131571635e-07,3.9007546219840816e-07,2.2654993585267823e-05,0.0,1.1102230246251565e-16,1.1102230246251565e-16,5.551115123125783e-17
8,226,0,227,1,5,0.08916637659761936,0.089166485194141,1.0859652163630606e-07,5.879811128119892e-08,1.2179073942396664e-06,0.08916609162692034,0.08916609162692034,2.0816681711721685e-17,1.0437772563402759e-17,2.334596182461459e-16,4.1396156980066934e-07,3.9356722066064e-07,4.64256910989994e-06,0.0,1.1102230246251565e-16,2.220446049250313e-16,1.1102230246251565e-16
8,227,0,228,2,5,0.12442201448902415,0.12442200480664793,2.971833552856129e-07,1.3078026854071571e-07,2.3885110404785227e-06,0.12442169996606572,0.12442169996606568,4.163336342344337e-17,1.6560270399902974e-17,3.346149701764104e-16,3.1452295842782085e-07,4.1556504135065175e-07,3.3399639369069265e-06,0.0,1.1102230246251565e-16,1.1102230246251565e-16,5.551115123125783e-17
8,227,2,237,1,5,0.05328701242573865,0.05328691393643605,9.84893025954281e-08,5.3037754272488013e-08,1.8482796860245044e-06,0.05328672791011179,0.05328672791011179,2.0816681711721685e-17,1.317351216194977e-17,3.906541558873138e-16,2.845156268568849e-07,1.8714393873811574e-07,5.339305281064292e-06,0.0,1.1102230246251565e-16,1.1102230246251565e-16,5.551115123125783e-17
8,228,0,229,1,5,0.06436480994528326,0.06436501800564035,2.08060357081985e-07,1.1484005273601146e-07,3.2325067797503383e-06,0.06436478890131427,0.06436478890131428,2.0816681711721685e-17,1.1989357676899518e-17,3.2341722962283534e-16,2.5073333611430604e-07,2.2910432606604303e-07,3.895490809811226e-06,0.0,5.551115123125783e-17,1.942890293094024e-16,5.551115123125783e-17
8,229,0,230,2,5,0.11616433944329271,0.11616428343226955,2.1302408162449105e-07,1.0954655536585695e-07,1.8338164934728683e-06,0.11616418321285585,0.11616418321285582,2.7755575615628914e-17,9.553057966537281e-18,2.389340229317535e-16,1.5623043686519011e-07,1.9783294386011008e-07,1.7030436776742924e-06,0.0,1.1102230246251565e-16,1.1102230246251565e-16,2.7755575615628914e-17
8,229,2,239,1,5,0.06333352663439457,0.06333348129397606,4.5340418503014845e-08,2.3822673822582603e-08,7.158991597728556e-07,0.06333346506639737,0.06333346506639737,1.3877787807814457e-17,8.30093329486838e-18,2.191225096126558e-16,6.156799720047346e-08,1.622757869745861e-08,9.721233045474796e-07,0.0,1.1102230246251565e-16,2.220446049250313e-16,0.0
8,230,0,507,0,5,0.048846424089447255,0.048846417331580266,1.2325266592061457e-08,6.6233429987097506e-09,2.523268964272903e-07,0.04884645503095748,0.04884645503095747,6.938893903907228e-18,4.788546822728681e-18,1.4205521975974628e-16,1.0378270889205288e-07,9.145744230693031e-08,2.1246722781884252e-06,0.0,1.1102230246251565e-16,2.014338581022504e-17,5.551115123125783e-17
8,231,0,232,1,5,0.13017932217352285,0.13017938771279702,2.3522354485050467e-07,1.0525851188969599e-07,1.806918506710579e-06,0.13017926784337605,0.130179267843376,5.551115123125783e-17,3.141707072386172e-17,4.264208283768007e-16,1.402746622053419e-07,1.1986942102804043e-07,1.0775489474172146e-06,0.0,1.1102230246251565e-16,3.3306690738754696e-16,2.7755575615628914e-17
8,232,0,233,2,5,0.09963599437521853,0.09963596660198999,7.65785637263372e-08,3.199205121153813e-08,7.685833237931114e-07,0.09963573965229514,0.09963573965229512,8.326672684688674e-17,4.24941437113803e-17,8.357114338435954e-16,2.9619829371163586e-07,2.2694969487035976e-07,2.972804111295208e-06,0.0,1.1102230246251565e-16,1.3877787807814457e-16,1.1102230246251565e-16
8,232,2,240,1,5,0.04282417038437187,0.04282407176322699,1.4851449033764785e-07,8.030997227707271e-08,3.4680062451798554e-06,0.04282403958812528,0.04282403958812527,1.3877787807814457e-17,1.0731287333597588e-17,3.240653600475057e-16,1.3079624659045885e-07,1.035230969385903e-07,3.054262240610533e-06,0.0,1.1102230246251565e-16,2.220446049250313e-16,2.7755575615628914e-17
8,233,0,234,1,5,0.1376699898252726,0.1376699905306949,1.410728756590096e-07,5.9128162771292e-08,1.02471769711901e-06,0.1376697766135685,0.13766977661356847,5.551115123125783e-17,3.2185111999137245e-17,4.032195925404498e-16,2.1321170409760448e-07,2.1391712642926386e-07,1.5538399153268549e-06,0.0,1.1102230246251565e-16,2.220446049250313e-16,5.551115123125783e-17
8,234,0,235,2,5,0.12534179335143517,0.1253418582244747,1.3873991835944288e-07,7.28657101101889e-08,1.1068921454074312e-06,0.12534150716058098,0.1253415071605809,8.326672684688674e-17,3.357912420694001e-17,6.643188576008566e-16,3.396696184598813e-07,3.510638937886945e-07,2.8008511981685663e-06,0.0,1.1102230246251565e-16,1.1102230246251565e-16,1.1102230246251565e-16
8,234,2,242,1,5,0.026736439594025933,0.026736364051716286,1.1241134099644959e-07,7.07651506432469e-08,4.204424474736984e-06,0.02673616084590285,0.026736160845902846,7.806255641895632e-18,6.277638502890543e-18,2.9197369386307726e-16,2.787481230837052e-07,2.5802835094696636e-07,1.042577573215805e-05,0.0,1.1102230246251565e-16,2.220446049250313e-16,5.551115123125783e-17
8,235,0,236,1,5,0.12534185822447452,0.1253417933514353,1.3873991831780952e-07,7.286571008492686e-08,1.1068921450752743e-06,0.12534150716058093,0.12534150716058093,2.7755575615628914e-17,1.5434489064907016e-17,2.2143961920028563e-16,3.510638935944055e-07,3.396696184737591e-07,2.8008511966184973e-06,0.0,1.1102230246251565e-16,1.6653345369377348e-16,1.1102230246251565e-16
8,236,0,237,2,5,0.13766999053069487,0.1376699898252727,1.410728756590096e-07,5.9128162771839044e-08,1.0247176971190103e-06,0.13766977661356847,0.1376697766135685,2.7755575615628914e-17,1.265568686709164e-17,2.016097962702249e-16,2.1391712640150828e-07,2.1321170420862678e-07,1.5538399151252456e-06,0.0,1.1102230246251565e-16,1.6653345369377348e-16,5.551115123125783e-17
8,236,2,244,1,5,0.02673643959402597,0.026736364051716303,1.1241134095785199e-07,7.076515063671922e-08,4.204424473293345e-06,0.026736160845902843,0.02673616084590284,2.0816681711721685e-17,1.124872608495123e-17,7.785965169682063e-16,2.7874812312880803e-07,2.580283509467495e-07,1.0425775733844977e-05,0.0,1.1102230246251565e-16,2.220446049250313e-16,5.551115123125783e-17
8,237,0,238,1,5,0.09963596660199,0.09963599437521853,7.657856365694826e-08,3.1992051189283024e-08,7.685833230966869e-07,0.09963573965229512,0.09963573965229512,8.326672684688674e-17,4.579167095478406e-17,8.3571143384359555e-16,2.2694969488423755e-07,2.961982936561247e-07,2.9728041107380685e-06,0.0,1.1102230246251565e-16,1.1102230246251565e-16,1.1102230246251565e-16
8,238,0,239,2,5,0.13017938771279702,0.130179322173523,2.3522354483662689e-07,1.0525851188086412e-07,1.8069185066039737e-06,0.13017926784337602,0.13017926784337602,1.3877787807814457e-17,8.30093329486838e-18,1.066052070942002e-16,1.1986942100028486e-07,1.4027466224697527e-07,1.0775489477370299e-06,0.0,1.1102230246251565e-16,2.220446049250313e-16,2.7755575615628914e-17
8,238,2,246,1,5,0.04282417038437191,0.042824071763227,1.4851449031336172e-07,8.030997227040669e-08,3.4680062446127393e-06,0.04282403958812526,0.04282403958812527,2.0816681711721685e-17,1.233751169274164e-17,4.860980400712586e-16,1.307962466529089e-07,1.0352309695593753e-07,3.0542622420688195e-06,0.0,1.1102230246251565e-16,1.1102230246251565e-16,2.7755575615628914e-17
8,239,0,502,0,5,0.0755235195200154,0.07552349875237567,2.356452831475675e-08,1.4031159338692364e-08,3.120157596536749e-07,0.07552344787163652,0.07552344787163652,1.3877787807814457e-17,7.59031162386047e-18,1.837546907471948e-16,1.4522399876398806e-07,1.216594704492313e-07,1.922897657404598e-06,0.0,1.1102230246251565e-16,8.431474642217415e-17,2.7755575615628914e-17
8,240,0,241,1,5,0.1253198074794165,0.12531981379408474,5.435434406730888e-08,2.1565894012416188e-08,4.3372506247591053e-07,0.12531977713408743,0.12531977713408746,2.7755575615628914e-17,1.660186658973676e-17,2.2147801608305999e-16,3.034532908285925e-08,3.9776305679750656e-08,3.173983784009432e-07,0.0,1.1102230246251565e-16,1.1102230246251565e-16,0.0
8,241,0,242,2,5,0.1128516150022337,0.11285168876953175,1.8596473227994181e-07,9.47628679922966e-08,1.647868404164719e-06,0.11285153320552552,0.1128515332055255,1.3877787807814457e-17,8.30093329486838e-18,1.229738525797447e-16,1.6956956741531748e-07,1.5556400624616717e-07,1.5025877704109174e-06,0.0,5.551115123125783e-17,2.220446049250313e-16,5.551115123125783e-17
8,241,2,247,1,5,0.020904308468710296,0.020904254265727843,8.269107778721696e-08,5.2702779456242066e-08,3.95569544484045e-06,0.02090420314018033,0.020904203140180315,2.42861286636753e-17,1.3272223426671659e-17,1.1617820828096773e-15,1.0532852996736342e-07,9.242410793815214e-08,5.0386038899598064e-06,0.0,1.1102230246251565e-16,1.6653345369377348e-16,2.7755575615628914e-17
8,242,0,243,1,5,0.12661031163441194,0.1266102512404578,1.1215763426331016e-07,5.471337544071572e-08,8.858491288384632e-07,0.12661019921616828,0.12661019921616828,4.163336342344337e-17,2.214882370800554e-17,3.288310395307137e-16,1.124182436584853e-07,7.559169336313065e-08,8.87907487212366e-07,0.0,5.551115123125783e-17,1.6653345369377348e-16,5.551115123125783e-17
8,243,0,244,2,5,0.12661025124045774,0.126610311634412,1.1215763438821025e-07,5.47133754640385e-08,8.85849129824955e-07,0.12661019921616828,0.12661019921616828,4.163336342344337e-17,1.7248698241541195e-17,3.288310395307137e-16,7.559169340476402e-08,1.1241824371399645e-07,8.879074876508066e-07,0.0,1.1102230246251565e-16,1.6653345369377348e-16,5.551115123125783e-17
8,243,2,249,1,5,0.007383629622075933,0.0073836349564133895,1.2571772393943359e-08,9.076827339501435e-09,1.7026535667264507e-06,0.007383516529836599,0.007383516529836606,2.3418766925686896e-17,1.081672396844752e-17,3.1717633232149268e-15,1.1309223934066748e-07,1.1842657678378526e-07,1.6039061719989356e-05,0.0,1.1102230246251565e-16,1.1102230246251565e-16,5.551115123125783e-17
8,244,0,245,1,5,0.11285168876953176,0.11285161500223366,1.8596473223830845e-07,9.476286800116984e-08,1.6478684037957976e-06,0.11285153320552552,0.11285153320552552,1.3877787807814457e-17,8.30093329486838e-18,1.229738525797447e-16,1.5556400624616717e-07,1.6956956737368412e-07,1.5025877700419962e-06,0.0,5.551115123125783e-17,1.942890293094024e-16,5.551115123125783e-17
8,245,0,246,2,5,0.12531981379408463,0.12531980747941648,5.435434401179773e-08,2.1565893993199982e-08,4.33725062032955e-07,0.12531977713408743,0.12531977713408746,2.7755575615628914e-17,1.208482204333337e-17,2.2147801608305999e-16,3.9776305624239505e-08,3.03453290273481e-08,3.173983779579876e-07,0.0,1.1102230246251565e-16,2.220446049250313e-16,0.0
8,245,2,251,1,5,0.02090430846871033,0.020904254265727857,8.269107781670726e-08,5.27027794573035e-08,3.955695446251171e-06,0.020904203140180308,0.020904203140180322,1.3877787807814457e-17,8.459091677142459e-18,6.638754758912444e-16,1.0532853002287457e-07,9.242410795549938e-08,5.038603892615286e-06,0.0,1.1102230246251565e-16,1.1102230246251565e-16,2.7755575615628914e-17
8,246,0,495,0,5,0.09200793094762244,0.09200790738309411,2.3564528328634538e-08,1.4031159350375559e-08,2.5611409892533254e-07,0.09200782925189918,0.09200782925189918,2.7755575615628914e-17,1.3577962209087059e-17,3.01665367407372e-16,1.0169572325913201e-07,7.813119493049747e-08,1.1052930134579873e-06,0.0,1.1102230246251565e-16,8.431474642217415e-17,2.7755575615628914e-17
8,247,0,248,1,5,0.10537850851229418,0.1053784921004074,3.117818282716289e-08,1.342189244286078e-08,2.958685150067903e-07,0.10537849073129062,0.1053784907312906,4.163336342344337e-17,2.299757651537806e-17,3.950840739369305e-16,2.967901223394076e-08,7.394514306424682e-09,2.8164198424271874e-07,0.0,1.1102230246251565e-16,2.220446049250313e-16,2.7755575615628914e-17
8,248,0,249,2,5,0.10236099450521602,0.10236102945492663,8.94860534561559e-08,3.99430306127148e-08,8.742199441786577e-07,0.10236099160808422,0.10236099160808422,2.7755575615628914e-17,1.555452533367908e-17,2.71153836823879e-16,3.5838473314009356e-08,5.364758012826876e-08,5.241016079453537e-07,0.0,2.7755575615628914e-17,1.942890293094024e-16,2.7755575615628914e-17
8,248,2,252,1,5,0.006892649404799144,0.006892637490594714,1.5921565349116817e-08,1.1376636515789134e-08,2.3099340201506713e-06,0.0068926079720953454,0.006892607972095358,1.3010426069826053e-17,1.0757491213924563e-17,1.8875911879071912e-15,4.1432703798242876e-08,3.6753441359294644e-08,6.0111433738954625e-06,0.0,1.1102230246251565e-16,1.1102230246251565e-16,5.551115123125783e-17
8,249,0,250,1,5,0.10236102945492655,0.10236099450521595,8.948605347003369e-08,3.9943030614379386e-08,8.742199443142353e-07,0.10236099160808422,0.1023609916080842,2.7755575615628914e-17,1.6971550394525344e-17,2.71153836823879e-16,5.364758018377991e-08,3.583847328625378e-08,5.241016084876615e-07,0.0,2.7755575615628914e-17,1.6653345369377348e-16,2.7755575615628914e-17
8,250,0,251,2,5,0.1053784921004074,0.10537850851229424,3.117818284104068e-08,1.3421892432810402e-08,2.9586851513848483e-07,0.10537849073129062,0.1053784907312906,4.163336342344337e-17,2.3978715353799035e-17,3.950840739369305e-16,7.394514361935833e-09,2.96790123033297e-08,2.8164198490119194e-07,0.0,5.551115123125783e-17,1.6653345369377348e-16,2.7755575615628914e-17
8,250,2,254,1,5,0.006892649404799172,0.006892637490594707,1.5921565349116817e-08,1.1376636510736564e-08,2.3099340201506616e-06,0.0068926079720953454,0.006892607972095358,1.3010426069826053e-17,1.0757491213924563e-17,1.8875911879071912e-15,4.143270382686581e-08,3.675344138152079e-08,6.0111433780481135e-06,0.0,1.1102230246251565e-16,1.3877787807814457e-16,5.551115123125783e-17
8,251,0,486,0,5,0.09131302776692127,0.09131301544165459,1.2325266682267078e-08,6.623343027146278e-09,1.3497818420529896e-07,0.09131298664196541,0.09131298664196538,2.7755575615628914e-17,1.265568686709164e-17,3.039608782533576e-16,4.112495585739673e-08,3.211347250620111e-08,4.5037336799705277e-07,0.0,1.1102230246251565e-16,2.014338581022504e-17,5.551115123125783e-17
8,252,0,253,1,5,0.0821810179780863,0.08218101103157135,2.0988379104136534e-08,8.213756514857608e-09,2.553920554955053e-07,0.08218101240955264,0.08218101240955264,1.3877787807814457e-17,8.808929358044601e-18,1.688685427560067e-16,1.7514197106494045e-08,3.4741819837647014e-09,2.1311730539969988e-07,0.0,2.7755575615628914e-17,1.3877787807814457e-16,0.0
8,253,0,254,2,5,0.08218101103157133,0.08218101797808637,2.0988379173525473e-08,8.213756524635497e-09,2.5539205633984773e-07,0.08218101240955264,0.08218101240955264,1.3877787807814457e-17,1.0043518892542782e-17,1.688685427560067e-16,3.4741819976424893e-09,1.7514197175882984e-08,2.1311730624404236e-07,0.0,2.7755575615628914e-17,1.1102230246251565e-16,0.0
8,253,2,255,1,5,0.0011418099333798302,0.0011418083491788345,1.5842010184143746e-09,1.252953833437706e-09,1.38744722050634e-06,0.0011418007708694853,0.0011418007708694853,2.168404344971009e-19,1.0554737608135441e-19,1.8991091968870902e-16,9.16251034505794e-09,7.57830934941181e-09,8.024549513189402e-06,0.0,7.806255641895632e-18,1.1102230246251565e-16,5.551115123125783e-17
8,254,0,475,0,5,0.07869427570441963,0.07869427162263831,4.081781315723454e-09,1.9936224653461587e-09,5.186884661159939e-08,0.07869426804713833,0.07869426804713832,1.3877787807814457e-17,9.577093645457362e-18,1.7635068159604177e-16,1.946617037007492e-08,1.9752380370219313e-08,2.5100148890639043e-07,0.0,2.7755575615628914e-17,3.592326780187918e-17,2.7755575615628914e-17
8,255,0,462,0,5,0.06302314235262088,0.06302314291203177,1.1114093118047563e-09,5.799790044187626e-10,1.763493949129244e-08,0.06302314288890155,0.06302314288890155,1.3877787807814457e-17,4.7765289832686404e-18,2.202014557141096e-16,4.820337268229835e-09,4.358500581280733e-09,7.648519330364248e-08,0.0,7.806255641895632e-18,2.1298947178887054e-17,2.7755575615628914e-17
8,256,0,257,1,5,0.06979253064645807,0.06979252156717373,1.1312502927462997e-08,5.8424280214319794e-09,1.6208758763552728e-07,0.06979247877189654,0.06979247877189657,2.7755575615628914e-17,1.1941322458171601e-17,3.9768720217464593e-16,5.965369265920062e-08,4.834118971092094e-08,8.547288958668531e-07,0.0,7.806255641895632e-18,1.1102230246251565e-16,5.551115123125783e-17
8,256,1,448,2,5,0.0707943073994842,0.07079430739948424,4.163336342344337e-17,3.470516423196761e-17,5.88089140960318e-16,0.07079433194569207,0.07079433194569207,1.3877787807814457e-17,4.7765289832686404e-18,1.9602964568491755e-16,2.4546207871845027e-08,2.4546207830211664e-08,3.4672560920095946e-07,0.0,7.806255641895632e-18,2.1298947178887057e-17,2.7755575615628914e-17
8,256,2,320,1,5,0.008480334479588474,0.008480334017751733,1.1114093257909644e-09,5.799790193829202e-10,1.3105725115749182e-07,0.008480363384296884,0.008480363384296884,4.336808689942018e-19,2.594041654646369e-19,5.113942048724587e-17,2.8904708409757673e-08,2.9366545150483203e-08,3.462887593338433e-06,0.0,7.806255641895632e-18,2.1298947178887057e-17,2.7755575615628914e-17
8,257,0,258,2,5,0.0210659065392233,0.02106585298102178,5.35582015195879e-08,2.3016831351702598e-08,2.542411427671823e-06,0.02106589116483918,0.02106589116483918,1.0408340855860843e-17,6.829644102552047e-18,4.9408500093427215e-16,1.5374384119970497e-08,3.8183817399617404e-08,1.8125883796418495e-06,0.0,2.7755575615628914e-17,1.1102230246251565e-16,0.0
8,257,2,271,1,5,0.08397190770133377,0.08397185847521933,4.9226114434697266e-08,2.3596860428825846e-08,5.862212230521396e-07,0.0839718931659098,0.08397189316590982,1.3877787807814457e-17,4.7765289832686404e-18,1.6526705882878012e-16,2.0278787343785964e-08,3.469069048689377e-08,4.1312257201872244e-07,0.0,2.7755575615628914e-17,1.1102230246251565e-16,0.0
8,258,0,259,1,5,0.08601793311397417,0.08601793142106968,6.104219096858543e-08,3.284718628249283e-08,7.096449398255622e-07,0.08601786511581029,0.08601786511581029,4.163336342344337e-17,2.3498160798039328e-17,4.840083320760196e-16,1.0120025657756049e-07,6.630525939410603e-08,1.1765018399531836e-06,0.0,1.1102230246251565e-16,1.1102230246251565e-16,5.551115123125783e-17
8,258,1,463,2,5,0.10024987255292027,0.10024987255292032,5.551115123125783e-17,3.812580123811891e-17,5.537278982769217e-16,0.10024990551577367,0.10024990551577366,1.3877787807814457e-17,9.577093645457362e-18,1.384319290518521e-16,3.2962853405149595e-08,3.2962853335760656e-08,3.288068276529508e-07,0.0,2.7755575615628914e-17,4.310792136225502e-17,2.7755575615628914e-17
8,259,0,260,2,5,0.04179745199974175,0.041797407996062005,4.4003679741666524e-08,1.7188920626480778e-08,1.0527837855268882e-06,0.04179743369750191,0.04179743369750191,1.3877787807814457e-17,7.957175241837563e-18,3.320248776097439e-16,1.8302239834788736e-08,2.5701439906877788e-08,6.149044661152213e-07,0.0,1.1102230246251565e-16,1.1102230246251565e-16,2.7755575615628914e-17
8,259,2,273,1,5,0.12225435597863517,0.12225427594308343,8.003555174163068e-08,4.567052070652301e-08,6.546642129922755e-07,0.12225430934117436,0.12225430934117436,4.163336342344337e-17,1.9740773032063472e-17,3.405472056388409e-16,4.663746080990627e-08,5.864770413754883e-08,4.797187279592552e-07,0.0,2.7755575615628914e-17,1.1102230246251565e-16,2.7755575615628914e-17
8,260,0,261,1,5,0.09526002916654143,0.09526003097458238,1.3033300395870473e-07,6.116871260435877e-08,1.3681814148630777e-06,0.09525998007267548,0.0952599800726755,5.551115123125783e-17,2.8548931108547747e-17,5.827331812258138e-16,1.0540883600695938e-07,5.090190688394891e-08,1.1065379144699726e-06,0.0,1.1102230246251565e-16,2.220446049250313e-16,2.7755575615628914e-17
8,260,1,476,2,5,0.13216960855456766,0.13216960855456772,5.551115123125783e-17,4.651194547336526e-17,4.199993617166493e-16,0.13216961414047235,0.13216961414047235,2.7755575615628914e-17,1.660186658973676e-17,2.0999967198307599e-16,6.26577530971062e-08,6.265775312486177e-08,4.7407078799721645e-07,0.0,1.1102230246251565e-16,4.028677162045008e-17,5.551115123125783e-17
8,261,0,262,2,5,0.06734876521030132,0.06734874494654752,3.902575027719957e-08,1.8918398955400393e-08,5.794575469251571e-07,0.06734874438506734,0.06734874438506734,1.3877787807814457e-17,1.1121488249010074e-17,2.0605859744716278e-16,2.490799995424897e-08,1.4191410116493053e-08,3.698360300515082e-07,0.0,1.1102230246251565e-16,2.220446049250313e-16,0.0
8,261,2,275,1,5,0.15938941980964838,0.15938942855774468,3.7416185177940875e-08,2.3791492245456787e-08,2.347469685819564e-07,0.15938947608157608,0.15938947608157608,2.7755575615628914e-17,1.3577962209087059e-17,1.7413681441190958e-16,6.063234395115025e-08,9.516932991671112e-08,5.970866600251772e-07,0.0,5.551115123125783e-17,1.1102230246251565e-16,5.551115123125783e-17
8,262,0,263,1,5,0.08791039772757442,0.0879104109937216,8.670905451979571e-08,3.880565608150937e-08,9.863343094367779e-07,0.0879104203250802,0.08791042032508019,2.7755575615628914e-17,1.755131216246425e-17,3.157256615654066e-16,3.6751565235526584e-08,4.995748929814692e-08,5.682772203046152e-07,0.0,1.1102230246251565e-16,3.3306690738754696e-16,2.7755575615628914e-17
8,262,1,487,2,5,0.1537782441329402,0.15377824413294014,1.1102230246251565e-16,6.988675367311056e-17,7.219636502452041e-16,0.15377827423782692,0.1537782742378269,2.7755575615628914e-17,1.920213830548027e-17,1.804908772269308e-16,4.3528275511794945e-08,4.3528275456283794e-08,2.830586812573795e-07,0.0,1.1102230246251565e-16,1.6862949284434832e-16,2.7755575615628914e-17
8,263,0,264,2,5,0.08791041099372164,0.08791039772757443,8.670905447816235e-08,3.8805656060146976e-08,9.863343089631888e-07,0.0879104203250802,0.08791042032508019,6.938893903907228e-17,3.7769023904042445e-17,7.893141539135165e-16,4.995748927039134e-08,3.675156524940437e-08,5.682772199888894e-07,0.0,1.1102230246251565e-16,2.220446049250313e-16,2.7755575615628914e-17
8,263,2,277,1,5,0.17596442637317894,0.17596444490793098,4.8805335273183204e-08,3.571492651123976e-08,2.773590727303995e-07,0.1759643849980197,0.1759643849980197,8.326672684688674e-17,4.795743070759807e-17,4.732021587653878e-16,4.3881054345717985e-08,7.968276388714557e-08,4.528344571475084e-07,0.0,1.1102230246251565e-16,1.6653345369377348e-16,1.1102230246251565e-16
8,264,0,265,1,5,0.06734874494654747,0.0673487652103013,3.9025750235566203e-08,1.891839893690844e-08,5.794575463069818e-07,0.06734874438506731,0.06734874438506733,2.7755575615628914e-17,2.0647138206237214e-17,4.1211719489432566e-16,1.4191410060981902e-08,2.490799993343229e-08,3.698360297424206e-07,0.0,1.1102230246251565e-16,1.1102230246251565e-16,0.0
8,264,1,496,2,5,0.15377824413294017,0.1537782441329401,5.551115123125783e-17,5.551115123125783e-17,3.6098182512260217e-16,0.1537782742378269,0.15377827423782692,2.7755575615628914e-17,1.920213830548027e-17,1.804908772269308e-16,4.352827540077264e-08,4.352827534526149e-08,2.83058680535416e-07,0.0,1.1102230246251565e-16,1.1241966189623221e-16,2.7755575615628914e-17
8,265,0,266,2,5,0.09526003097458235,0.09526002916654149,1.3033300383380464e-07,6.116871258100756e-08,1.3681814135519291e-06,0.09525998007267548,0.09525998007267551,2.7755575615628914e-17,2.1627648104227676e-17,2.9136659061290687e-16,5.090190687007112e-08,1.0540883592369266e-07,1.1065379135958736e-06,0.0,1.1102230246251565e-16,2.220446049250313e-16,2.7755575615628914e-17
8,265,2,279,1,5,0.1593894198096484,0.15938942855774466,3.74161852612076e-08,2.379149226962694e-08,2.3474696910436703e-07,0.15938947608157605,0.15938947608157605,2.7755575615628914e-17,1.660186658973676e-17,1.741368144119096e-16,6.06323437846168e-08,9.51693298334444e-08,5.970866595027668e-07,0.0,5.551115123125783e-17,1.1102230246251565e-16,5.551115123125783e-17
8,266,0,267,1,5,0.04179740799606195,0.04179745199974163,4.400367967921648e-08,1.7188920599927844e-08,1.05278378403278e-06,0.04179743369750189,0.04179743369750191,2.0816681711721685e-17,8.280135199951487e-18,4.980373164146158e-16,2.5701439941572257e-08,1.830223971682754e-08,6.149044669452849e-07,0.0,1.1102230246251565e-16,1.1102230246251565e-16,2.7755575615628914e-17
8,266,1,503,2,5,0.13216960855456764,0.13216960855456758,8.326672684688674e-17,5.554427387655981e-17,6.299990425749743e-16,0.13216961414047235,0.13216961414047235,2.7755575615628914e-17,1.660186658973676e-17,2.0999967198307599e-16,6.265775305547283e-08,6.265775302771726e-08,4.7407078747221727e-07,0.0,1.1102230246251565e-16,1.5633582962034095e-16,5.551115123125783e-17
8,267,0,268,2,5,0.08601793142106967,0.08601793311397415,6.104219092695207e-08,3.284718629349241e-08,7.096449393415543e-07,0.08601786511581028,0.08601786511581028,5.551115123125783e-17,3.1446328205300574e-17,6.453444427680263e-16,6.630525939410603e-08,1.012002565636827e-07,1.1765018397918478e-06,0.0,1.1102230246251565e-16,2.220446049250313e-16,5.551115123125783e-17
8,267,2,281,1,5,0.12225435597863507,0.12225427594308333,8.003555174163068e-08,4.567052070564795e-08,6.546642129922761e-07,0.12225430934117436,0.12225430934117436,4.163336342344337e-17,2.5591334735987345e-17,3.405472056388409e-16,4.663746071276176e-08,5.864770417918219e-08,4.797187282998027e-07,0.0,2.7755575615628914e-17,1.3877787807814457e-16,2.7755575615628914e-17
8,268,0,269,1,5,0.021065852981021746,0.021065906539223384,5.3558201637549097e-08,2.3016831393648685e-08,2.5424114332714388e-06,0.02106589116483918,0.021065891164839187,6.938893903907228e-18,6.08365912438465e-18,3.29390000622848e-16,3.818381743431187e-08,1.537438419629833e-08,1.8125883812887911e-06,0.0,2.7755575615628914e-17,1.1102230246251565e-16,0.0
8,268,1,508,2,5,0.10024987255292024,0.10024987255292024,6.938893903907228e-17,4.248927590600552e-17,6.921598728461527e-16,0.10024990551577366,0.10024990551577367,1.3877787807814457e-17,9.577093645457362e-18,1.384319290518521e-16,3.296285341902738e-08,3.296285343290517e-08,3.2880682792981466e-07,0.0,2.7755575615628914e-17,5.897706789843556e-17,2.7755575615628914e-17
8,269,0,270,2,5,0.06979252156717372,0.06979253064645807,1.131250291358521e-08,5.842428021560206e-09,1.6208758743668384e-07,0.06979247877189654,0.06979247877189657,2.7755575615628914e-17,1.1941322458171601e-17,3.9768720217464593e-16,4.8341189738676515e-08,5.965369263144504e-08,8.547288954691662e-07,0.0,7.806255641895632e-18,1.1102230246251565e-16,5.551115123125783e-17
8,269,2,283,1,5,0.08397190770133373,0.08397185847521936,4.9226114365308327e-08,2.3596860425393096e-08,5.862212222258048e-07,0.08397189316590982,0.0839718931659098,1.3877787807814457e-17,8.30093329486838e-18,1.6526705882878012e-16,2.027878742705269e-08,3.469069044526041e-08,4.1312257152292155e-07,0.0,2.7755575615628914e-17,1.1102230246251565e-16,0.0
8,270,1,511,2,5,0.07079430739948421,0.0707943073994842,5.551115123125783e-17,3.8662932303144985e-17,7.841188546137576e-16,0.07079433194569207,0.07079433194569207,1.3877787807814457e-17,4.7765289832686404e-18,1.9602964568491755e-16,2.454620785796724e-08,2.4546207871845027e-08,3.4672560920095946e-07,0.0,7.806255641895632e-18,4.2933310848780213e-17,2.7755575615628914e-17
8,271,0,272,1,5,0.06955566339403493,0.06955560804610854,5.53479263948331e-08,2.9884476774705655e-08,7.957357272446016e-07,0.06955556047663879,0.06955556047663879,2.7755575615628914e-17,1.5625198367252786e-17,3.9904179371757076e-16,1.0291739614698425e-07,9.594624648251449e-08,1.4796407815702095e-06,0.0,1.1102230246251565e-16,1.1102230246251565e-16,5.551115123125783e-17
8,271,2,322,1,5,0.024534025523322664,0.02453402580953264,4.081781331335965e-09,1.9936224521134998e-09,1.6637226042820898e-07,0.024534078238556425,0.02453407823855643,5.204170427930421e-18,2.8120091139740038e-18,2.1212007140956405e-16,5.271523376149112e-08,5.24290237891023e-08,2.1486535279180253e-06,0.0,2.7755575615628914e-17,4.310792136225502e-17,2.7755575615628914e-17
8,272,0,273,2,5,0.04264644474858779,0.04264631636004642,1.2838854136776323e-07,5.876271182384489e-08,3.0105332841846035e-06,0.04264638055229956,0.042646380552299565,1.3877787807814457e-17,7.295205517348414e-18,3.2541537237363845e-16,6.419628822973422e-08,6.41922531449679e-08,1.5053139507452154e-06,0.0,2.7755575615628914e-17,2.220446049250313e-16,2.7755575615628914e-17
8,272,2,284,1,5,0.10263775275534205,0.1026377123513867,4.0403955348100595e-08,2.0328780307793008e-08,3.9365588453998635e-07,0.10263773368800905,0.10263773368800905,0.0,0.0,0.0,1.9067333004163523e-08,2.1336622343937073e-08,2.078827894332142e-07,0.0,1.1102230246251565e-16,1.6653345369377348e-16,2.7755575615628914e-17
8,273,0,274,1,5,0.0887358462934612,0.08873578542762414,8.933313176695545e-08,4.213851266073268e-08,1.0067310506232051e-06,0.0887357026906456,0.08873570269064561,4.163336342344337e-17,2.509503531229897e-17,4.691839041224192e-16,1.7677731116438888e-07,8.744417936967785e-08,1.9921747360110013e-06,0.0,1.1102230246251565e-16,2.220446049250313e-16,5.551115123125783e-17
8,274,0,275,2,5,0.06725780963180177,0.06725770611259584,1.0351920592954755e-07,4.28122803411626e-08,1.5391403094489146e-06,0.06725772510061831,0.06725772510061831,4.163336342344337e-17,2.3069698237136867e-17,6.19012364173177e-16,8.453118345574939e-08,3.477082589908864e-08,1.2568233178943757e-06,0.0,5.551115123125783e-17,1.6653345369377348e-16,5.551115123125783e-17
8,274,2,286,1,5,0.14859363659981958,0.14859359022413332,4.6375686263422367e-08,2.9647634964971847e-08,3.120973907403426e-07,0.14859356189090614,0.14859356189090617,8.326672684688674e-17,4.1839101762281996e-17,5.603656429477017e-16,7.470891344452113e-08,7.405706373142529e-08,5.02773302774204e-07,0.0,5.551115123125783e-17,2.220446049250313e-16,5.551115123125783e-17
8,275,0,276,1,5,0.09768564075493161,0.09768557489499823,1.8477201427224976e-07,8.28186169859911e-08,1.8914961589472059e-06,0.09768553912016283,0.09768553912016285,2.7755575615628914e-17,2.0064134036030026e-17,2.841318773036285e-16,1.5753669027618322e-07,7.337042093324975e-08,1.612690350994397e-06,0.0,1.1102230246251565e-16,1.1102230246251565e-16,5.551115123125783e-17
8,276,0,277,2,5,0.0881543939118929,0.08815444613239802,9.905153926237364e-08,6.050567000192693e-08,1.123613653174219e-06,0.0881544683780588,0.0881544683780588,2.7755575615628914e-17,1.8880657037770943e-17,3.148516022647484e-16,8.078982698112025e-08,5.7515323656498474e-08,9.164575371794588e-07,0.0,1.1102230246251565e-16,1.6653345369377348e-16,5.551115123125783e-17
8,276,2,288,1,5,0.18374798146392565,0.1837479576267842,3.014339669538124e-08,1.7354109393533015e-08,1.6404749840095058e-07,0.183748094981375,0.18374809498137498,8.326672684688674e-17,4.824235931877004e-17,4.531569530303255e-16,1.1351744935717001e-07,1.3735459078456635e-07,7.475157268895159e-07,0.0,1.1102230246251565e-16,1.1102230246251565e-16,1.1102230246251565e-16
8,277,0,278,1,5,0.08815444613239798,0.08815439391189293,9.905153933176258e-08,6.050566998235605e-08,1.1236136539613487e-06,0.08815446837805878,0.08815446837805878,1.3877787807814457e-17,1.1121488249010074e-17,1.5742580113237427e-16,5.751532367037626e-08,8.078982700887583e-08,9.164575374943107e-07,0.0,1.1102230246251565e-16,3.3306690738754696e-16,5.551115123125783e-17
8,278,0,279,2,5,0.09768557489499825,0.09768564075493162,1.847720142444942e-07,8.281861697730109e-08,1.891496158663074e-06,0.09768553912016284,0.09768553912016285,2.7755575615628914e-17,1.6615708845705503e-17,2.841318773036285e-16,7.337042094712753e-08,1.575366903039388e-07,1.6126903512785282e-06,0.0,1.1102230246251565e-16,2.220446049250313e-16,5.551115123125783e-17
8,278,2,290,1,5,0.18374798146392574,0.18374795762678411,3.0143396806403544e-08,1.7354109436491218e-08,1.6404749900516015e-07,0.18374809498137498,0.18374809498137498,1.1102230246251565e-16,5.062274746836656e-17,6.042092707071007e-16,1.135174492461477e-07,1.3735459086783308e-07,7.47515727342673e-07,0.0,1.1102230246251565e-16,1.1102230246251565e-16,1.1102230246251565e-16
8,279,0,280,1,5,0.0672577061125957,0.06725780963180185,1.0351920615159216e-07,4.281228036464641e-08,1.5391403127503078e-06,0.06725772510061832,0.06725772510061831,1.3877787807814457e-17,1.1870714985388738e-17,2.063374547243923e-16,3.477082591296643e-08,8.453118353901612e-08,1.2568233191323974e-06,0.0,5.551115123125783e-17,1.1102230246251565e-16,5.551115123125783e-17
8,280,0,281,2,5,0.0887357854276241,0.08873584629346119,8.933313169756651e-08,4.2138512671482677e-08,1.0067310498412334e-06,0.08873570269064558,0.08873570269064557,4.163336342344337e-17,2.1993587099572826e-17,4.691839041224194e-16,8.744417935580007e-08,1.7677731105336658e-07,1.9921747347598468e-06,0.0,1.1102230246251565e-16,2.220446049250313e-16,5.551115123125783e-17
8,280,2,292,1,5,0.14859363659981947,0.1485935902241333,4.637568618015564e-08,2.9647634980652164e-08,3.1209739017997746e-07,0.14859356189090614,0.14859356189090614,5.551115123125783e-17,3.2370251416163967e-17,3.7357709529846787e-16,7.470891333349883e-08,7.405706378693644e-08,5.027733020270505e-07,0.0,1.1102230246251565e-16,1.1102230246251565e-16,5.551115123125783e-17
8,281,0,282,1,5,0.04264631636004637,0.042646444748587836,1.2838854146490775e-07,5.8762711824800263e-08,3.010533286462504e-06,0.042646380552299586,0.04264638055229957,2.0816681711721685e-17,1.3431773554011998e-17,4.881230585604575e-16,6.419225321435684e-08,6.419628826442869e-08,1.5053139515587507e-06,0.0,2.7755575615628914e-17,1.3877787807814457e-16,2.7755575615628914e-17
8,282,0,283,2,5,0.0695556080461085,0.06955566339403493,5.5347926436466466e-08,2.9884476792446674e-08,7.957357278431635e-07,0.0695555604766388,0.06955556047663877,2.7755575615628914e-17,1.6668445361884148e-17,3.990417937175707e-16,9.59462464686367e-08,1.0291739616086204e-07,1.47964078176973e-06,0.0,1.1102230246251565e-16,2.220446049250313e-16,5.551115123125783e-17
8,282,2,294,1,5,0.10263775275534191,0.10263771235138673,4.040395518156714e-08,2.0328780270738798e-08,3.936558829174508e-07,0.10263773368800905,0.10263773368800905,2.7755575615628914e-17,1.4393619658703005e-17,2.704227248430714e-16,1.9067332865385644e-08,2.1336622316181497e-08,2.078827891627918e-07,0.0,5.551115123125783e-17,1.1102230246251565e-16,2.7755575615628914e-17
8,284,0,285,1,5,0.06532131876402078,0.06532117065793216,1.4810608861548502e-07,7.487157013583982e-08,2.2673468848743207e-06,0.06532117506874453,0.06532117506874455,2.0816681711721685e-17,1.1851331911751285e-17,3.1868198466751457e-16,1.4369527624735756e-07,1.2717783409721406e-07,2.1998220330864697e-06,0.0,1.1102230246251565e-16,2.220446049250313e-16,2.7755575615628914e-17
8,284,2,324,1,5,0.0488464173315803,0.048846424089447324,1.2325266585122563e-08,6.6233429820230055e-09,2.5232689628523464e-07,0.04884645503095747,0.04884645503095748,6.938893903907228e-18,4.788546822728681e-18,1.4205521975974628e-16,9.145744229305253e-08,1.037827088712362e-07,2.1246722777622592e-06,0.0,1.1102230246251565e-16,4.028677162045008e-17,5.551115123125783e-17
8,285,0,286,2,5,0.07115965782959063,0.07115948367252045,1.7415707018186843e-07,7.8331830305782e-08,2.4474129794009204e-06,0.07115949593348761,0.07115949593348761,2.7755575615628914e-17,1.3786401453366925e-17,3.900473893403053e-16,1.6189610302363988e-07,1.21711734690777e-07,2.275110757437031e-06,0.0,5.551115123125783e-17,1.1102230246251565e-16,5.551115123125783e-17
8,285,2,295,1,5,0.12568737867554805,0.1256874061467146,2.747116653600834e-08,1.510045304292179e-08,2.1856737582714785e-07,0.12568737228083715,0.12568737228083715,2.7755575615628914e-17,1.7617858716089203e-17,2.2083026410649727e-16,2.8065052642967103e-08,3.3865877435701464e-08,2.6944527279184925e-07,0.0,1.1102230246251565e-16,2.220446049250313e-16,0.0
8,286,0,287,1,5,0.08677363482689249,0.08677348635895904,1.4846793344736042e-07,6.790664278023307e-08,1.7109797664180356e-06,0.086773449316012,0.08677344931601202,6.938893903907228e-17,2.9086125600766276e-17,7.996563417269638e-16,1.8551088049045816e-07,9.725159193230137e-08,2.1378714958816672e-06,0.0,1.1102230246251565e-16,1.1102230246251565e-16,5.551115123125783e-17
8,287,0,288,2,5,0.09065589316980442,0.0906557565752668,1.3659453762526752e-07,7.696844585693e-08,1.5067364387378215e-06,0.09065573764471806,0.09065573764471808,2.7755575615628914e-17,2.2222294911367724e-17,3.0616457751856426e-16,1.6046033650407576e-07,5.284902970803529e-08,1.7699934432670918e-06,0.0,1.1102230246251565e-16,1.6653345369377348e-16,1.1102230246251565e-16
8,287,2,297,1,5,0.17062447811175702,0.1706244775067872,1.4058500308333777e-08,8.572241899597926e-09,8.239439301977308e-08,0.17062457831112854,0.17062457831112854,2.7755575615628914e-17,1.3577962209087059e-17,1.6267044226780445e-16,1.001993715221694e-07,1.0080434134640548e-07,5.907961346728837e-07,0.0,1.1102230246251565e-16,2.220446049250313e-16,5.551115123125783e-17
8,288,0,289,1,5,0.09604436674594191,0.09604443955892193,1.6605160828297993e-07,9.369297920066757e-08,1.7289039224504982e-06,0.09604448021688161,0.09604448021688161,2.7755575615628914e-17,1.4802973661668757e-17,2.8898668151415904e-16,1.1795490262311858e-07,1.0449708263970958e-07,1.2281278669712224e-06,0.0,1.1102230246251565e-16,1.1102230246251565e-16,5.551115123125783e-17
8,289,0,290,2,5,0.09604443955892193,0.09604436674594198,1.6605160803317975e-07,9.369297915179878e-08,1.728903919849617e-06,0.0960444802168816,0.09604448021688163,2.7755575615628914e-17,1.6615708845705503e-17,2.88986681514159e-16,1.0449708270909852e-07,1.1795490242882956e-07,1.2281278649483154e-06,0.0,1.1102230246251565e-16,2.220446049250313e-16,5.551115123125783e-17
8,289,2,299,1,5,0.1916354639322978,0.191635457091208,2.6666072100445248e-08,1.7975490574679172e-08,1.3914998588082845e-07,0.19163535529594294,0.19163535529594294,1.1102230246251565e-16,5.494512848111396e-17,5.793414388021649e-16,1.4515504237477828e-07,1.279711579205145e-07,7.574539670071693e-07,0.0,1.1102230246251565e-16,1.1102230246251565e-16,5.551115123125783e-17
8,290,0,291,1,5,0.0906557565752667,0.0906558931698044,1.3659453769465646e-07,7.696844586266995e-08,1.5067364395032323e-06,0.09065573764471808,0.09065573764471807,5.551115123125783e-17,3.0059001095538696e-17,6.123291550371285e-16,5.2849029735790864e-08,1.604603364624424e-07,1.7699934428078464e-06,0.0,1.1102230246251565e-16,2.220446049250313e-16,1.1102230246251565e-16
8,291,0,292,2,5,0.086773486358959,0.08677363482689243,1.4846793343348264e-07,6.79066427751159e-08,1.7109797662581056e-06,0.08677344931601202,0.08677344931601201,4.163336342344337e-17,2.493970061608686e-17,4.797938050361783e-16,9.725159198781252e-08,1.8551088042106922e-07,2.137871495082014e-06,0.0,1.1102230246251565e-16,1.1102230246251565e-16,5.551115123125783e-17
8,291,2,301,1,5,0.17062447811175693,0.1706244775067871,1.4058500169555899e-08,8.572241834921102e-09,8.239439220642043e-08,0.17062457831112854,0.17062457831112848,8.326672684688674e-17,4.216539468381432e-17,4.880113268034133e-16,1.0019937160543613e-07,1.0080434137416106e-07,5.907961348355541e-07,0.0,1.1102230246251565e-16,1.1102230246251565e-16,5.551115123125783e-17
8,292,0,293,1,5,0.07115948367252034,0.07115965782959066,1.741570703206463e-07,7.833183032489449e-08,2.447412981351152e-06,0.07115949593348761,0.0711594959334876,4.163336342344337e-17,2.332817369824548e-17,5.85071084010458e-16,1.2171173473934926e-07,1.6189610306527324e-07,2.2751107580220994e-06,0.0,5.551115123125783e-17,1.942890293094024e-16,5.551115123125783e-17
8,293,0,294,2,5,0.06532117065793216,0.06532131876402078,1.4810608861548502e-07,7.487157012220017e-08,2.2673468848743207e-06,0.06532117506874455,0.06532117506874455,1.3877787807814457e-17,1.0723607508842512e-17,2.1245465644500972e-16,1.27177834166603e-07,1.4369527623347977e-07,2.1998220328740156e-06,0.0,1.1102230246251565e-16,1.1102230246251565e-16,2.7755575615628914e-17
8,293,2,303,1,5,0.125687378675548,0.1256874061467146,2.747116659151949e-08,1.510045303078438e-08,2.1856737626880825e-07,0.12568737228083715,0.12568737228083715,0.0,0.0,0.0,2.8065052559700376e-08,3.3865877435701464e-08,2.6944527279184925e-07,0.0,1.1102230246251565e-16,2.220446049250313e-16,0.0
8,295,0,296,1,5,0.05985984339328909,0.059859689040512774,1.5435277631731248e-07,6.809276799122799e-08,2.5785696648617864e-06,0.059859735871278734,0.059859735871278706,2.7755575615628914e-17,1.9982729421585202e-17,4.636768808220937e-16,1.0752201035774123e-07,7.664921065214658e-08,1.7962293962465588e-06,0.0,1.1102230246251565e-16,3.3306690738754696e-16,2.7755575615628914e-17
8,295,2,326,1,5,0.07552349875237578,0.07552351952001547,2.356452834945122e-08,1.4031159301851415e-08,3.120157601130609e-07,0.07552344787163652,0.07552344787163652,1.3877787807814457e-17,7.59031162386047e-18,1.837546907471948e-16,1.2165947040065905e-07,1.4522399875011027e-07,1.922897657220842e-06,0.0,1.1102230246251565e-16,1.6862949284434832e-16,2.7755575615628914e-17
8,296,0,297,2,5,0.09353079122050258,0.09353070028527136,1.3974056646548494e-07,6.587123737501817e-08,1.494059492515582e-06,0.0935306290085818,0.09353062900858182,5.551115123125783e-17,2.87952244946874e-17,5.935077291756954e-16,2.0368729111708284e-07,7.1276689536659e-08,2.177756527653892e-06,0.0,1.1102230246251565e-16,1.3877787807814457e-16,1.1102230246251565e-16
8,296,2,304,1,5,0.14489441192563157,0.14489447956935333,6.76437217628223e-08,4.429358647956271e-08,4.668481640147292e-07,0.1448944087989082,0.1448944087989082,5.551115123125783e-17,3.1828700967350254e-17,3.8311451553868457e-16,8.757603633946509e-08,7.077044514303132e-08,6.044125117792847e-07,0.0,1.1102230246251565e-16,2.220446049250313e-16,2.7755575615628914e-17
8,297,0,298,1,5,0.08311496196276374,0.08311485518726251,1.0677550123239232e-07,5.724216693465899e-08,1.2846724429739703e-06,0.0831148494323456,0.08311484943234561,4.163336342344337e-17,2.539298911014709e-17,5.009136599270673e-16,1.1253041815040277e-07,3.580902732669422e-08,1.3539128875594916e-06,0.0,1.1102230246251565e-16,2.220446049250313e-16,5.551115123125783e-17
8,298,0,299,2,5,0.09595922656819403,0.09595927926266452,1.667379343761599e-07,8.511966025210168e-08,1.7375905244114696e-06,0.09595931298204806,0.09595931298204806,2.7755575615628914e-17,1.0680643503086635e-17,2.8924316726633286e-16,1.0162748409481281e-07,9.658916878818591e-08,1.0590684836793813e-06,0.0,1.1102230246251565e-16,1.1102230246251565e-16,1.1102230246251565e-16
8,298,2,306,1,5,0.17635808392509253,0.1763581133947434,3.6304080797133764e-08,2.096814427368784e-08,2.058543273020512e-07,0.17635818565219874,0.17635818565219877,5.551115123125783e-17,3.9965458843170405e-17,3.147636783967205e-16,1.0172710621092484e-07,8.098519518884295e-08,5.768210068317662e-07,0.0,1.1102230246251565e-16,2.220446049250313e-16,5.551115123125783e-17
8,299,0,300,1,5,0.09595927926266438,0.09595922656819406,1.6673793430677097e-07,8.511966026773301e-08,1.737590523688364e-06,0.09595931298204805,0.09595931298204806,5.551115123125783e-17,2.913351231064634e-17,5.784863345326657e-16,9.658916877430812e-08,1.016274841086906e-07,1.059068483824003e-06,0.0,1.1102230246251565e-16,1.6653345369377348e-16,1.1102230246251565e-16
8,300,0,301,2,5,0.08311485518726246,0.0831149619627637,1.0677550124627011e-07,5.724216691299837e-08,1.284672443140942e-06,0.0831148494323456,0.08311484943234561,1.3877787807814457e-17,8.30093329486838e-18,1.669712199756891e-16,3.580902732669422e-08,1.1253041809489162e-07,1.3539128868916083e-06,0.0,1.1102230246251565e-16,1.6653345369377348e-16,5.551115123125783e-17
8,300,2,308,1,5,0.17635808392509258,0.17635811339474328,3.630408076937819e-08,2.0968144230928663e-08,2.0585432714466942e-07,0.17635818565219874,0.17635818565219874,5.551115123125783e-17,4.1068961422585494e-17,3.1476367839672056e-16,1.017271061554137e-07,8.098519521659853e-08,5.768210065170026e-07,0.0,1.1102230246251565e-16,2.220446049250313e-16,5.551115123125783e-17
8,301,0,302,1,5,0.0935307002852713,0.09353079122050262,1.3974056645160715e-07,6.587123739532262e-08,1.4940594923672047e-06,0.0935306290085818,0.09353062900858182,6.938893903907228e-17,4.015842936598591e-17,7.418846614696194e-16,7.127668949502564e-08,2.036872910338161e-07,2.1777565267636313e-06,0.0,1.1102230246251565e-16,1.1102230246251565e-16,1.1102230246251565e-16
8,302,0,303,2,5,0.059859689040512684,0.05985984339328911,1.5435277642833478e-07,6.809276802414453e-08,2.57856966671649e-06,0.05985973587127874,0.05985973587127873,1.3877787807814457e-17,9.280725562008503e-18,2.318384404110468e-16,7.664921069377995e-08,1.075220103854968e-07,1.7962293967102341e-06,0.0,1.1102230246251565e-16,2.220446049250313e-16,2.7755575615628914e-17
8,302,2,310,1,5,0.1448944119256315,0.14489447956935336,6.76437218738446e-08,4.42935864867236e-08,4.6684816478095775e-07,0.14489440879890825,0.14489440879890825,5.551115123125783e-17,3.092850239235072e-17,3.831145155386844e-16,8.757603620068721e-08,7.077044511527575e-08,6.044125108214987e-07,0.0,1.1102230246251565e-16,1.1102230246251565e-16,2.7755575615628914e-17
8,304,0,305,1,5,0.058338661200167036,0.058338613465246776,4.7734920259612235e-08,2.001401015068202e-08,8.182381850661249e-07,0.05833862789576981,0.05833862789576982,1.3877787807814457e-17,1.1627986368341315e-17,2.3788334262178876e-16,3.330439722615264e-08,1.4430523047337385e-08,5.708803825970775e-07,0.0,1.1102230246251565e-16,1.1102230246251565e-16,0.0
8,304,2,328,1,5,0.09200790738309415,0.09200793094762248,2.3564528328634538e-08,1.4031159310496754e-08,2.5611409892533243e-07,0.09200782925189918,0.09200782925189918,2.7755575615628914e-17,1.3577962209087059e-17,3.01665367407372e-16,7.813119497213084e-08,1.0169572330076537e-07,1.1052930139104842e-06,0.0,1.1102230246251565e-16,1.1241966189623221e-16,2.7755575615628914e-17
8,305,0,306,2,5,0.09587428808746432,0.09587426390041849,1.5206144557411427e-07,6.671091202254171e-08,1.5860503228497663e-06,0.09587423735801363,0.09587423735801362,1.3877787807814457e-17,1.2103831211681469e-17,1.4474991603836193e-16,1.0236134442842548e-07,5.7977159559352565e-08,1.0676621070191743e-06,0.0,5.551115123125783e-17,2.220446049250313e-16,5.551115123125783e-17
8,305,2,311,1,5,0.15009202542055258,0.15009201417288587,3.034323392547833e-08,1.992131751133505e-08,2.0216419786765921e-07,0.15009204852490335,0.15009204852490335,2.7755575615628914e-17,1.9154187290914724e-17,1.8492369108429948e-16,7.627592724102072e-08,4.832034253277051e-08,5.081943246871268e-07,0.0,1.1102230246251565e-16,1.6653345369377348e-16,2.7755575615628914e-17
8,306,0,307,1,5,0.08188424698718906,0.08188427635694184,6.142020128607761e-08,3.627788094703501e-08,7.500854134478852e-07,0.08188428739898923,0.08188428739898924,2.7755575615628914e-17,1.4361638991275507e-17,3.389609471764362e-16,4.73212496826525e-08,3.1936590358383476e-08,5.779039078898624e-07,0.0,5.551115123125783e-17,1.6653345369377348e-16,5.551115123125783e-17
8,307,0,308,2,5,0.08188427635694187,0.08188424698718907,6.142020121668867e-08,3.627788094848594e-08,7.500854126004825e-07,0.08188428739898923,0.08188428739898926,2.7755575615628914e-17,1.755131216246425e-17,3.3896094717643614e-16,3.19365903306279e-08,4.732124966877471e-08,5.779039077203818e-07,0.0,1.1102230246251565e-16,1.6653345369377348e-16,5.551115123125783e-17
8,307,2,313,1,5,0.16360024425991335,0.1636002298837758,2.8467294688194755e-08,2.2666432962281906e-08,1.7400520895903113e-07,0.16360021052648477,0.16360021052648477,5.551115123125783e-17,2.3439384031997983e-17,3.3930977871370947e-16,4.2125152338590155e-08,3.3174495567278584e-08,2.5748832178798894e-07,0.0,1.1102230246251565e-16,1.1102230246251565e-16,5.551115123125783e-17
8,308,0,309,1,5,0.09587426390041844,0.09587428808746436,1.5206144551860312e-07,6.671091204474669e-08,1.586050322270766e-06,0.09587423735801363,0.09587423735801363,2.7755575615628914e-17,1.5914350483675127e-17,2.8949983207672386e-16,5.7977159614863716e-08,1.0236134437291433e-07,1.0676621064401746e-06,0.0,5.551115123125783e-17,1.942890293094024e-16,5.551115123125783e-17
8,309,0,310,2,5,0.058338613465246755,0.058338661200167084,4.7734920329001174e-08,2.0014010152056085e-08,8.182381862555403e-07,0.05833862789576982,0.05833862789576981,1.3877787807814457e-17,6.930605822308848e-18,2.3788334262178876e-16,1.4430523068154066e-08,3.3304397274724895e-08,5.708803834296683e-07,0.0,1.1102230246251565e-16,2.220446049250313e-16,0.0
8,309,2,315,1,5,0.1500920254205526,0.1500920141728859,3.034323378670045e-08,1.992131749176394e-08,2.021641969430406e-07,0.15009204852490335,0.15009204852490335,2.7755575615628914e-17,9.553057966537281e-18,1.8492369108429948e-16,7.627592718550957e-08,4.8320342505014935e-08,5.081943243172794e-07,0.0,1.1102230246251565e-16,1.1102230246251565e-16,2.7755575615628914e-17
8,311,0,312,1,5,0.060840304355324656,0.06084030075560034,2.4076718826981924e-08,1.027790092379217e-08,3.9573633107367524e-07,0.06084029999050716,0.06084029999050715,1.3877787807814457e-17,1.0020602055915873e-17,2.2810189644002067e-16,1.1267077895671385e-08,1.2809640917432752e-08,2.1054531290015925e-07,0.0,1.1102230246251565e-16,2.220446049250313e-16,2.7755575615628914e-17
8,311,2,330,1,5,0.09131301544165461,0.09131302776692121,1.232526659900035e-08,6.623342984441004e-09,1.3497818329341683e-07,0.09131298664196538,0.09131298664196541,2.7755575615628914e-17,1.265568686709164e-17,3.039608782533576e-16,3.2113472492323325e-08,4.1124955801885577e-08,4.5037336738913156e-07,0.0,1.1102230246251565e-16,1.5633582962034095e-16,5.551115123125783e-17
8,312,0,313,2,5,0.08167412510375804,0.08167413067036187,4.8352989764910426e-08,2.0826115011153698e-08,5.920233171512272e-07,0.08167413410744867,0.08167413410744868,2.7755575615628914e-17,1.4361638991275507e-17,3.3983311753405663e-16,1.755882760023919e-08,3.079416219242681e-08,3.770368982659148e-07,0.0,2.7755575615628914e-17,1.942890293094024e-16,2.7755575615628914e-17
8,312,2,316,1,5,0.141580139282551,0.14158014398002391,5.6942646708968425e-09,3.296823693633431e-09,4.021937335859941e-08,0.14158015285542946,0.14158015285542944,5.551115123125783e-17,2.531137373418328e-17,3.9208285986201366e-16,2.964098702595841e-08,2.927957507004031e-08,2.0935834880914035e-07,0.0,1.1102230246251565e-16,1.1102230246251565e-16,5.551115123125783e-17
8,313,0,314,1,5,0.08167413067036189,0.08167412510375803,4.835298982042158e-08,2.082611502159045e-08,5.920233178308935e-07,0.0816741341074487,0.0816741341074487,2.7755575615628914e-17,1.466111924052494e-17,3.398331175340566e-16,3.0794162289571325e-08,1.7558827558605827e-08,3.7703689945533063e-07,0.0,2.7755575615628914e-17,1.6653345369377348e-16,2.7755575615628914e-17
8,314,0,315,2,5,0.06084030075560026,0.0608403043553247,2.4076718722898516e-08,1.0277900907282125e-08,3.957363293629109e-07,0.06084029999050714,0.06084029999050715,2.7755575615628914e-17,1.416572690613451e-17,4.562037928800415e-16,1.280964089661607e-08,1.126707779852687e-08,2.105453125580063e-07,0.0,5.551115123125783e-17,1.6653345369377348e-16,2.7755575615628914e-17
8,314,2,318,1,5,0.14158013928255106,0.14158014398002383,5.694264504363389e-09,3.2968236088863597e-09,4.021937218235078e-08,0.14158015285542944,0.14158015285542952,8.326672684688674e-17,4.599515303075612e-17,5.8812428979302025e-16,2.9640986914936107e-08,2.9279575097795885e-08,2.0935834802497453e-07,0.0,1.1102230246251565e-16,1.3877787807814457e-16,5.551115123125783e-17
8,316,0,317,1,5,0.06308936441704825,0.06308936742346297,8.920357640052057e-09,4.257514704792248e-09,1.4139240896453452e-07,0.06308936798007464,0.06308936798007464,1.3877787807814457e-17,1.1121488249010074e-17,2.1997030961219082e-16,3.822685785970226e-09,5.097671867959619e-09,8.080080734949833e-08,0.0,2.7755575615628914e-17,1.3877787807814457e-16,0.0
8,316,2,332,1,5,0.07869427162263837,0.07869427570441968,4.081781315723454e-09,1.9936224365747763e-09,5.186884661159935e-08,0.07869426804713832,0.07869426804713833,1.3877787807814457e-17,9.577093645457362e-18,1.7635068159604177e-16,1.9752380314708162e-08,1.9466170397830496e-08,2.510014882009876e-07,0.0,2.7755575615628914e-17,5.897706789843556e-17,2.7755575615628914e-17
8,317,0,318,2,5,0.06308936742346295,0.06308936441704825,8.92035752209086e-09,4.257514686545637e-09,1.413924070947869e-07,0.06308936798007464,0.06308936798007461,2.7755575615628914e-17,2.2381099547504727e-17,4.3994061922438165e-16,5.0976718263262555e-09,3.822685716581287e-09,8.08008066895874e-08,0.0,2.7755575615628914e-17,1.1102230246251565e-16,0.0
8,317,2,319,1,5,0.12629677984286916,0.12629677742505163,2.741943505579769e-09,2.5382841317574743e-09,2.1710320001754043e-08,0.12629677667993108,0.12629677667993108,8.326672684688674e-17,3.204193050925991e-17,6.592941564764262e-16,5.54591254864345e-09,7.7791311170472e-09,6.159405747894385e-08,0.0,7.806255641895632e-18,1.1102230246251565e-16,5.551115123125783e-17
8,319,2,334,1,5,0.06302314291203179,0.0630231423526209,1.1114092979269685e-09,5.799790094272701e-10,1.763493927109098e-08,0.06302314288890155,0.06302314288890155,1.3877787807814457e-17,4.7765289832686404e-18,2.202014557141096e-16,4.358500518830688e-09,4.820337275168729e-09,7.648519341374318e-08,0.0,7.806255641895632e-18,4.2933310848780213e-17,2.7755575615628914e-17
8,320,0,321,1,5,0.07093433899563689,0.07093433150055356,9.728301941791528e-09,4.74351372157439e-09,1.371451694557964e-07,0.07093427954276603,0.07093427954276604,1.3877787807814457e-17,9.577093645457362e-18,1.9564289504692276e-16,6.72320019934336e-08,5.750370003776428e-08,9.478061393871448e-07,0.0,7.806255641895632e-18,1.1102230246251565e-16,5.551115123125783e-17
8,320,2,384,1,5,0.062469601849366195,0.062469601849366244,4.85722573273506e-17,2.7132639960347637e-17,7.775342869076308e-16,0.06246959160842931,0.06246959160842929,2.0816681711721685e-17,7.16479347490296e-18,3.3322903473108015e-16,3.37250457144167e-08,3.3725045686661126e-08,5.39863304967724e-07,0.0,7.806255641895632e-18,2.1298947178887057e-17,2.7755575615628914e-17
8,321,0,322,2,5,0.07016013881991913,0.07016017403681547,7.454658083189125e-08,3.113436889612562e-08,1.0625198961561024e-06,0.0701601553790159,0.07016015537901592,1.3877787807814457e-17,9.577093645457362e-18,1.9780155464087159e-16,1.8848566235574182e-08,5.569801461019486e-08,7.938693906455844e-07,0.0,2.7755575615628914e-17,1.1102230246251565e-16,0.0
8,321,2,335,1,5,0.008024879992413431,0.008024924129667434,7.021449351714976e-08,3.142956419797021e-08,8.749552317581794e-06,0.008024901649182105,0.008024901649182105,6.938893903907228e-18,2.4389747717921796e-18,8.646702735122539e-16,2.165676867352251e-08,5.220488760639824e-08,6.505343447846615e-06,0.0,2.7755575615628914e-17,1.1102230246251565e-16,0.0
8,322,0,323,1,5,0.09291057060456888,0.09291058082586881,7.254451581117927e-08,4.2298237823176905e-08,7.807992928936778e-07,0.09291047308790563,0.09291047308790565,4.163336342344337e-17,2.2190304557974454e-17,4.481019420066097e-16,1.3795369799285417e-07,1.0773796316199125e-07,1.4848007273940553e-06,0.0,1.1102230246251565e-16,1.1102230246251565e-16,5.551115123125783e-17
8,323,0,324,2,5,0.07239527692392887,0.0723953021590036,7.518186249944048e-08,3.0245990792870155e-08,1.038490900063055e-06,0.07239527879006483,0.07239527879006485,2.7755575615628914e-17,1.2201382997813517e-17,3.83389304931276e-16,1.980141028923299e-08,5.538045221020749e-08,7.649730101073966e-07,0.0,1.1102230246251565e-16,1.1102230246251565e-16,2.7755575615628914e-17
8,323,2,337,1,5,0.02786184373360352,0.027861674211998366,1.6952160515268377e-07,8.448790889683558e-08,6.084364221317763e-06,0.027861761257669503,0.027861761257669503,4.336808689942018e-18,2.4143014784278147e-18,1.556545061826709e-16,8.247593401636277e-08,9.649454656059792e-08,3.4633223660004273e-06,0.0,2.7755575615628914e-17,1.1102230246251565e-16,2.7755575615628914e-17
8,324,0,325,1,5,0.11616428343226931,0.11616433944329277,2.1302408172163556e-07,1.0954655539913088e-07,1.8338164943091353e-06,0.11616418321285583,0.11616418321285585,4.163336342344337e-17,2.2698564833567498e-17,3.5840103439763023e-16,1.9783294390174344e-07,1.5623043692070127e-07,1.703043678032692e-06,0.0,1.1102230246251565e-16,2.220446049250313e-16,2.7755575615628914e-17
8,325,0,326,2,5,0.06333352663439457,0.06333348129397606,4.5340418503014845e-08,2.382267381922171e-08,7.158991597728556e-07,0.06333346506639738,0.06333346506639737,1.3877787807814457e-17,1.0267240355646374e-17,2.1912250961265575e-16,6.156799718659567e-08,1.622757869745861e-08,9.721233043283572e-07,0.0,1.1102230246251565e-16,2.220446049250313e-16,0.0
8,325,2,339,1,5,0.06436501800564033,0.06436480994528333,2.0806035699871828e-07,1.1484005270764508e-07,3.2325067784566746e-06,0.06436478890131427,0.06436478890131428,1.3877787807814457e-17,5.859846007999496e-18,2.1561148641522358e-16,2.2910432606604303e-07,2.5073333609348936e-07,3.895490809487811e-06,0.0,5.551115123125783e-17,1.1102230246251565e-16,5.551115123125783e-17
8,326,0,327,1,5,0.13017932217352288,0.13017938771279708,2.352235448227491e-07,1.052585118733168e-07,1.8069185064973678e-06,0.13017926784337602,0.13017926784337605,2.7755575615628914e-17,1.265568686709164e-17,2.1321041418840034e-16,1.4027466214983075e-07,1.1986942102804043e-07,1.0775489469907937e-06,0.0,1.1102230246251565e-16,3.3306690738754696e-16,2.7755575615628914e-17
8,327,0,328,2,5,0.042824170384371835,0.04282407176322698,1.4851449032377007e-07,8.030997226751042e-08,3.4680062448557937e-06,0.04282403958812528,0.04282403958812527,2.0816681711721685e-17,1.2265974468451574e-17,4.860980400712586e-16,1.3079624655576438e-07,1.0352309694205974e-07,3.0542622398003746e-06,0.0,1.1102230246251565e-16,2.220446049250313e-16,2.7755575615628914e-17
8,327,2,341,1,5,0.09963599437521856,0.09963596660198994,7.657856368470384e-08,3.199205122763771e-08,7.685833233752565e-07,0.09963573965229511,0.09963573965229514,2.7755575615628914e-17,1.8561451124017006e-17,2.7857047794786515e-16,2.961982936561247e-07,2.2694969480097082e-07,2.9728041107380677e-06,0.0,1.1102230246251565e-16,1.6653345369377348e-16,1.1102230246251565e-16
8,328,0,329,1,5,0.12531980747941648,0.12531981379408466,5.4354344039553304e-08,2.156589399580142e-08,4.3372506225443286e-07,0.12531977713408746,0.12531977713408746,1.3877787807814457e-17,7.401486830834378e-18,1.1073900804152999e-16,3.03453290273481e-08,3.977630570750623e-08,3.173983786224214e-07,0.0,1.1102230246251565e-16,1.1102230246251565e-16,0.0
8,329,0,330,2,5,0.02090430846871033,0.02090425426572784,8.269107779415585e-08,5.270277945107164e-08,3.955695445172379e-06,0.020904203140180325,0.02090420314018033,2.42861286636753e-17,1.2177076576231854e-17,1.1617820828096773e-15,1.0532853000552733e-07,9.242410794335632e-08,5.038603891785446e-06,0.0,1.1102230246251565e-16,2.220446049250313e-16,2.7755575615628914e-17
8,329,2,343,1,5,0.11285161500223374,0.11285168876953174,1.8596473233545296e-07,9.476286802761331e-08,1.6478684046566139e-06,0.11285153320552552,0.11285153320552549,2.7755575615628914e-17,1.8177017950434897e-17,2.459477051594894e-16,1.6956956742919527e-07,1.5556400624616717e-07,1.5025877705338913e-06,0.0,5.551115123125783e-17,1.1102230246251565e-16,5.551115123125783e-17
8,330,0,331,1,5,0.10537850851229416,0.10537849210040742,3.117818285491847e-08,1.3421892434774074e-08,2.958685152701797e-07,0.1053784907312906,0.10537849073129062,4.163336342344337e-17,2.0310424639368075e-17,3.950840739369305e-16,2.967901228945191e-08,7.394514306424682e-09,2.816419847694975e-07,0.0,1.1102230246251565e-16,1.1102230246251565e-16,2.7755575615628914e-17
8,331,0,332,2,5,0.006892649404799153,0.006892637490594709,1.592156533610639e-08,1.1376636521886923e-08,2.309934018263088e-06,0.006892607972095371,0.006892607972095358,3.729655473350135e-17,2.0632468941239766e-17,5.411094738667272e-15,4.1432703782630365e-08,3.675344137376874e-08,6.011143371630358e-06,0.0,1.1102230246251565e-16,2.220446049250313e-16,5.551115123125783e-17
8,331,2,345,1,5,0.10236099450521605,0.10236102945492655,8.948605348391148e-08,3.994303062750251e-08,8.742199444498123e-07,0.10236099160808422,0.10236099160808422,1.3877787807814457e-17,9.601069152740135e-18,1.355769184119395e-16,3.583847330013157e-08,5.364758018377991e-08,5.241016084876615e-07,0.0,2.7755575615628914e-17,1.3877787807814457e-16,2.7755575615628914e-17
8,332,0,333,1,5,0.08218101797808627,0.08218101103157138,2.0988379104136534e-08,8.213756506474943e-09,2.553920554955054e-07,0.08218101240955264,0.08218101240955264,1.3877787807814457e-17,7.401486830834378e-18,1.688685427560067e-16,1.751419713424962e-08,3.4741819698869136e-09,2.13117305737437e-07,0.0,2.7755575615628914e-17,1.1102230246251565e-16,0.0
8,333,0,334,2,5,0.001141809933379867,0.0011418083491788313,1.584201058529855e-09,1.2529538278761474e-09,1.3874472556395334e-06,0.0011418007708694966,0.0011418007708694853,1.1492543028346347e-17,3.956267089026056e-18,1.0065278743501479e-14,9.16251037042827e-09,7.578309345942363e-09,8.024549535408542e-06,0.0,7.806255641895632e-18,1.1102230246251565e-16,5.551115123125783e-17
8,333,2,347,1,5,0.08218101103157144,0.0821810179780863,2.0988379159647685e-08,8.213756511363362e-09,2.5539205617097943e-07,0.08218101240955264,0.08218101240955264,1.3877787807814457e-17,6.7889811045435294e-18,1.688685427560067e-16,3.4741819837647014e-09,1.7514197175882984e-08,2.1311730624404254e-07,0.0,2.7755575615628914e-17,1.1102230246251565e-16,0.0
8,335,0,336,1,5,0.06921645327987137,0.06921638642962018,6.685025119579358e-08,3.9558297007857224e-08,9.658144563618386e-07,0.06921631360903385,0.06921631360903385,2.7755575615628914e-17,1.3786401453366925e-17,4.009975996757845e-16,1.3967083752064458e-07,1.3737895027815528e-07,2.0178849233418005e-06,0.0,1.1102230246251565e-16,1.1102230246251565e-16,5.551115123125783e-17
8,335,2,386,1,5,0.06677710937952716,0.06677710937952717,2.7755575615628914e-17,1.8794973595304414e-17,4.156450597147043e-16,0.0667770673769244,0.06677706737692439,1.3877787807814457e-17,8.637667558308538e-18,2.0782266057718624e-16,7.218140419401609e-08,7.21814041731994e-08,1.0809303497067183e-06,0.0,2.7755575615628914e-17,4.310792136225502e-17,2.7755575615628914e-17
8,336,0,337,2,5,0.0737974832370121,0.07379756964667905,2.1787459490024697e-07,9.869383339760985e-08,2.9523275081193884e-06,0.07379747827634148,0.07379747827634149,1.3877787807814457e-17,9.440328518885472e-18,1.8805233094615774e-16,1.0003476155068247e-07,1.178398333495645e-07,1.5967982944932574e-06,0.0,2.7755575615628914e-17,2.220446049250313e-16,2.7755575615628914e-17
8,336,2,348,1,5,0.015280292576373866,0.015280341888167391,7.158213807248112e-08,3.355454439679006e-08,4.684590082890229e-06,0.015280307252150759,0.015280307252150757,5.204170427930421e-18,2.6435685146197773e-18,3.405802214610518e-16,2.0566503462510904e-08,5.101563461517439e-08,3.3386448411000062e-06,0.0,1.1102230246251565e-16,1.6653345369377348e-16,2.7755575615628914e-17
8,337,0,338,1,5,0.09611948124987457,0.09611941504970006,9.466746916930724e-08,4.1726800283879184e-08,9.84893675437213e-07,0.0961192192204822,0.09611921922048221,2.7755575615628914e-17,1.6615708845705503e-17,2.887619753960135e-16,2.952038878761831e-07,2.005364186929981e-07,3.071218071899117e-06,0.0,1.1102230246251565e-16,2.220446049250313e-16,5.551115123125783e-17
8,338,0,339,2,5,0.07134804187094491,0.07134808555149413,2.1567684049816904e-07,9.180061169510179e-08,3.022881957253196e-06,0.07134793836242455,0.07134793836242456,2.0816681711721685e-17,9.3725661636913e-18,2.91762904289955e-16,1.6012287695071903e-07,1.4718906957145172e-07,2.244249102313381e-06,0.0,5.551115123125783e-17,1.6653345369377348e-16,5.551115123125783e-17
8,338,2,350,1,5,0.039101652021885994,0.03910149348856539,1.5853332060306036e-07,8.350454863582496e-08,4.054389326423498e-06,0.039101501721279214,0.03910150172127922,1.3877787807814457e-17,7.957175241837563e-18,3.5491700310482193e-16,1.503006067798962e-07,1.8647530744975854e-07,4.7689879533832615e-06,0.0,5.551115123125783e-17,2.220446049250313e-16,5.551115123125783e-17
8,339,0,340,1,5,0.12442200480664788,0.12442201448902421,2.971833552717351e-07,1.3078026852805776e-07,2.3885110403669837e-06,0.12442169996606568,0.12442169996606571,2.7755575615628914e-17,1.4361638991275507e-17,2.2307664678427363e-16,4.155650412812628e-07,3.145229584972098e-07,3.339963936349235e-06,0.0,1.1102230246251565e-16,1.1102230246251565e-16,5.551115123125783e-17
8,340,0,341,2,5,0.053287012425738675,0.053286913936436045,9.848930263012257e-08,5.303775425864356e-08,1.8482796866755903e-06,0.0532867279101118,0.053286727910111784,1.3877787807814457e-17,1.0813824052113838e-17,2.6043610392487583e-16,2.845156268777016e-07,1.871439387207685e-07,5.339305281454941e-06,0.0,1.1102230246251565e-16,1.6653345369377348e-16,5.551115123125783e-17
8,340,2,352,1,5,0.08916648519414108,0.0891663765976194,1.0859652167793943e-07,5.87981112802058e-08,1.2179073947065826e-06,0.08916609162692035,0.08916609162692031,4.163336342344337e-17,1.9936655948501828e-17,4.669192364922917e-16,3.935672207300289e-07,4.1396156976597487e-07,4.642569109510838e-06,0.0,1.1102230246251565e-16,1.1102230246251565e-16,1.1102230246251565e-16
8,341,0,342,1,5,0.13766998982527262,0.13766999053069492,1.410728756590096e-07,5.912816276003148e-08,1.0247176971190099e-06,0.13766977661356847,0.1376697766135685,5.551115123125783e-17,3.2185111999137245e-17,4.032195925404498e-16,2.1321170415311563e-07,2.1391712642926386e-07,1.5538399153268545e-06,0.0,1.1102230246251565e-16,3.3306690738754696e-16,5.551115123125783e-17
8,342,0,343,2,5,0.026736439594026024,0.02673636405171628,1.1241134089626931e-07,7.076515061803365e-08,4.204424470990013e-06,0.026736160845902867,0.026736160845902846,2.0816681711721685e-17,1.0583635851277581e-17,7.785965169682056e-16,2.787481231565636e-07,2.580283509408948e-07,1.0425775734883076e-05,0.0,1.1102230246251565e-16,2.220446049250313e-16,5.551115123125783e-17
8,342,2,354,1,5,0.12534179335143533,0.12534185822447463,1.3873991841495403e-07,7.286571011629056e-08,1.1068921458503098e-06,0.1253415071605809,0.12534150716058098,8.326672684688674e-17,3.1835223210542715e-17,6.643188576008566e-16,3.3966961843212573e-07,3.5106389364991664e-07,2.8008511970613727e-06,0.0,1.1102230246251565e-16,1.1102230246251565e-16,1.1102230246251565e-16
8,343,0,344,1,5,0.12661031163441194,0.12661025124045786,1.1215763431882131e-07,5.471337542842784e-08,8.858491292769041e-07,0.12661019921616828,0.12661019921616828,2.7755575615628914e-17,1.7643938282134096e-17,2.192206930204758e-16,1.124182436584853e-07,7.559169337700844e-08,8.87907487212366e-07,0.0,5.551115123125783e-17,1.1102230246251565e-16,5.551115123125783e-17
8,344,0,345,2,5,0.007383629622075991,0.007383634956413398,1.2571772413892679e-08,9.076827356882602e-09,1.702653569428278e-06,0.007383516529836599,0.007383516529836599,2.862293735361732e-17,1.845973351836573e-17,3.876599617262692e-15,1.1309223939184182e-07,1.1842657681587765e-07,1.6039061724335756e-05,0.0,1.1102230246251565e-16,2.220446049250313e-16,5.551115123125783e-17
8,344,2,356,1,5,0.12661025124045783,0.12661031163441203,1.1215763442984361e-07,5.47133754549572e-08,8.858491301537856e-07,0.12661019921616828,0.12661019921616828,4.163336342344337e-17,2.108269734190716e-17,3.288310395307137e-16,7.559169336313065e-08,1.1241824374175202e-07,8.879074878700269e-07,0.0,1.1102230246251565e-16,1.1102230246251565e-16,5.551115123125783e-17
8,345,0,346,1,5,0.10236102945492656,0.10236099450521605,8.94860534561559e-08,3.9943030614494615e-08,8.742199441786584e-07,0.1023609916080842,0.10236099160808422,2.7755575615628914e-17,1.6971550394525344e-17,2.71153836823879e-16,5.3647580197657696e-08,3.5838473258498205e-08,5.241016086232384e-07,0.0,2.7755575615628914e-17,1.3877787807814457e-16,2.7755575615628914e-17
8,346,0,347,2,5,0.006892649404799195,0.006892637490594722,1.5921565308350816e-08,1.1376636486913812e-08,2.309934014236237e-06,0.006892607972095371,0.006892607972095358,2.4936649967166602e-17,1.952194518244495e-17,3.617883110155443e-15,4.143270382426373e-08,3.675344136639617e-08,6.011143377670577e-06,0.0,1.1102230246251565e-16,2.220446049250313e-16,5.551115123125783e-17
8,346,2,358,1,5,0.10537849210040745,0.10537850851229423,3.117818289655183e-08,1.3421892428404287e-08,2.958685156652635e-07,0.1053784907312906,0.10537849073129062,2.7755575615628914e-17,1.265568686709164e-17,2.6338938262462034e-16,7.394514306424682e-09,2.9679012275574124e-08,2.816419846378026e-07,0.0,5.551115123125783e-17,1.1102230246251565e-16,2.7755575615628914e-17
8,348,0,349,1,5,0.057019454657785455,0.05701922386061904,2.3079716641311032e-07,1.257736265834805e-07,4.047691578221666e-06,0.05701921853840128,0.05701921853840128,1.3877787807814457e-17,6.042411021666685e-18,2.4338789908998927e-16,2.361193841768361e-07,2.3250636410621084e-07,4.1410319617042546e-06,0.0,1.1102230246251565e-16,2.220446049250313e-16,2.7755575615628914e-17
8,348,2,388,1,5,0.05983831209858221,0.0598383120985822,2.7755575615628914e-17,1.8415696707999025e-17,4.638428899849691e-16,0.05983817951618414,0.05983817951618412,2.0816681711721685e-17,8.280135199951487e-18,3.4788293828510436e-16,1.3258239806718253e-07,1.3258239808106032e-07,2.215677438605453e-06,0.0,1.1102230246251565e-16,4.028677162045008e-17,5.551115123125783e-17
8,349,0,350,2,5,0.05942072862479416,0.059420812742032356,3.60121802545077e-07,1.7113080130333726e-07,6.060533101566591e-06,0.059420535466291495,0.05942053546629149,1.3877787807814457e-17,8.092562854040992e-18,2.335520489492584e-16,3.3146567044589625e-07,2.7727574086755524e-07,5.57827561001077e-06,0.0,5.551115123125783e-17,1.1102230246251565e-16,5.551115123125783e-17
8,349,2,359,1,5,0.014013910737036587,0.014013880729408611,8.182551055127552e-08,3.4812463428187536e-08,5.83887767566718e-06,0.014013846011986731,0.014013846011986734,3.469446951953614e-18,1.5765270824221562e-18,2.475727897242502e-16,6.472504985623184e-08,4.8443915752136024e-08,4.618628666241865e-06,0.0,1.1102230246251565e-16,2.220446049250313e-16,0.0
8,350,0,351,1,5,0.08545796732234276,0.08545770644306837,2.608792743913346e-07,1.1220449180393812e-07,3.052720332175844e-06,0.08545752378311137,0.0854575237831114,3.469446951953614e-17,1.8372784044537598e-17,4.059849616938311e-16,4.4353923138451545e-07,3.7599971504376217e-07,5.190144878025355e-06,0.0,1.1102230246251565e-16,1.1102230246251565e-16,5.551115123125783e-17
8,351,0,352,2,5,0.04539900592320764,0.0453989434723948,2.753344559868788e-07,1.1417827271787384e-07,6.064768388378518e-06,0.045398559272016914,0.045398559272016914,1.0408340855860843e-17,7.35688984802553e-18,2.292658847056499e-16,4.951947047710653e-07,3.842003778870007e-07,1.0907611184453829e-05,0.0,1.1102230246251565e-16,1.6653345369377348e-16,1.1102230246251565e-16
8,351,2,361,1,5,0.06156701055123809,0.06156715934807574,1.4879683764984497e-07,6.32751926922595e-08,2.4168215526821374e-06,0.06156685967371885,0.06156685967371887,2.0816681711721685e-17,1.3378085291651888e-17,3.381150479664262e-16,3.022596951618439e-07,2.996743568711713e-07,4.909430585435821e-06,0.0,1.1102230246251565e-16,2.220446049250313e-16,5.551115123125783e-17
8,352,0,353,1,5,0.11472797044251984,0.11472788565601284,1.1145257906852724e-07,5.190186641597262e-08,9.714508034844597e-07,0.11472747419158841,0.11472747419158846,5.551115123125783e-17,2.392111939118835e-17,4.838522910262743e-16,5.080303647347906e-07,4.1146442437967057e-07,4.4281299736695e-06,0.0,1.1102230246251565e-16,1.1102230246251565e-16,5.551115123125783e-17
8,353,0,354,2,5,0.01962810051753365,0.019628045918504516,5.5066777646453624e-08,4.6450634882148186e-08,2.805507216414693e-06,0.019627655843042324,0.01962765584304232,8.673617379884035e-18,6.233772752761386e-18,4.419079613604845e-16,4.446744913330636e-07,3.900754621949387e-07,2.265499358615159e-05,0.0,1.1102230246251565e-16,2.220446049250313e-16,5.551115123125783e-17
8,353,2,363,1,5,0.11472788565601287,0.11472797044251988,1.1145257905464945e-07,5.190186640370207e-08,9.714508033634967e-07,0.11472747419158841,0.11472747419158845,4.163336342344337e-17,1.5856460090130372e-17,3.628892182697057e-16,4.114644244629373e-07,5.08030364707035e-07,4.428129973427573e-06,0.0,1.1102230246251565e-16,1.1102230246251565e-16,5.551115123125783e-17
8,354,0,355,1,5,0.12534185822447447,0.12534179335143528,1.387399183455651e-07,7.28657101015694e-08,1.1068921452967139e-06,0.1253415071605809,0.12534150716058098,8.326672684688674e-17,3.255106298268809e-17,6.643188576008566e-16,3.510638935666499e-07,3.396696184460035e-07,2.8008511963970595e-06,0.0,1.1102230246251565e-16,2.220446049250313e-16,1.1102230246251565e-16
8,355,0,356,2,5,0.026736439594025968,0.02673636405171631,1.1241134090255768e-07,7.076515061640951e-08,4.20442447122522e-06,0.02673616084590284,0.026736160845902857,2.2985086056692694e-17,1.4424881684460177e-17,8.597003208190607e-16,2.7874812312880803e-07,2.580283509395938e-07,1.0425775733844979e-05,0.0,1.1102230246251565e-16,1.1102230246251565e-16,5.551115123125783e-17
8,355,2,365,1,5,0.137669990530695,0.13766998982527262,1.410728755618651e-07,5.912816273877465e-08,1.0247176964133762e-06,0.13766977661356847,0.1376697766135685,4.163336342344337e-17,3.0534858973968156e-17,3.0241469440533733e-16,2.1391712654028616e-07,2.1321170412536006e-07,1.5538399161332914e-06,0.0,1.1102230246251565e-16,1.1102230246251565e-16,5.551115123125783e-17
8,356,0,357,1,5,0.1128516887695317,0.1128516150022337,1.8596473225218624e-07,9.476286799890795e-08,1.6478684039187724e-06,0.11285153320552552,0.11285153320552552,5.551115123125783e-17,2.8548931108547747e-17,4.918954103189788e-16,1.5556400617677824e-07,1.695695673875619e-07,1.5025877701649708e-06,0.0,5.551115123125783e-17,1.942890293094024e-16,5.551115123125783e-17
8,357,0,358,2,5,0.02090430846871029,0.02090425426572785,8.269107788783092e-08,5.270277947304431e-08,3.955695449653524e-06,0.020904203140180336,0.020904203140180308,2.7755575615628914e-17,1.5975843654747615e-17,1.327750951782488e-15,1.0532852995348563e-07,9.242410794682576e-08,5.038603889295936e-06,0.0,1.1102230246251565e-16,1.1102230246251565e-16,2.7755575615628914e-17
8,357,2,367,1,5,0.1253198137940847,0.1253198074794165,5.435434394240879e-08,2.156589395823836e-08,4.3372506147925996e-07,0.12531977713408746,0.12531977713408746,5.551115123125783e-17,2.7155924418174118e-17,4.4295603216611997e-16,3.977630561036172e-08,3.0345329055103676e-08,3.1739837784724853e-07,0.0,1.1102230246251565e-16,2.220446049250313e-16,0.0
8,359,0,360,1,5,0.03468500986003528,0.03468470699276862,3.028672666618992e-07,1.4563343329256245e-07,8.731935435049956e-06,0.03468479881492794,0.034684798814927933,1.6479873021779667e-17,7.47534980974636e-18,4.751324379799176e-16,2.1104510734143433e-07,2.074454572885756e-07,6.0846200763115384e-06,0.0,1.1102230246251565e-16,3.3306690738754696e-16,2.7755575615628914e-17
8,359,2,390,1,5,0.03536788838508288,0.035367888385082896,1.3877787807814457e-17,8.128028055360444e-18,3.923838386028069e-16,0.035367665029889174,0.035367665029889174,2.7755575615628914e-17,1.3683628878289629e-17,7.847726331996389e-16,2.2335519370836332e-07,2.233551937222411e-07,6.315197313743094e-06,0.0,1.1102230246251565e-16,1.6862949284434832e-16,2.7755575615628914e-17
8,360,0,361,2,5,0.021368345663211056,0.021368178149416064,1.6751379499149732e-07,8.438775782732774e-08,7.83934318695988e-06,0.021367887252996584,0.02136788725299658,2.2551405187698492e-17,1.4471016756384362e-17,1.055387690916234e-15,4.584102144856994e-07,2.9089641949767153e-07,2.145277045358379e-05,0.0,1.1102230246251565e-16,1.3877787807814457e-16,1.1102230246251565e-16
8,360,2,368,1,5,0.034684706992768606,0.03468500986003529,3.028672666827159e-07,1.4563343329987465e-07,8.731935435650118e-06,0.034684798814927933,0.034684798814927933,1.6479873021779667e-17,6.705147155034356e-18,4.751324379799177e-16,2.0744545727686622e-07,2.1104510735531212e-07,6.084620076711646e-06,0.0,1.1102230246251565e-16,2.220446049250313e-16,2.7755575615628914e-17
8,361,0,362,1,5,0.0615671593480757,0.06156701055123808,1.487968376220894e-07,6.32751926792921e-08,2.416821552231321e-06,0.06156685967371885,0.061566859673718874,2.7755575615628914e-17,1.65857377216551e-17,4.508200639552349e-16,2.996743568503546e-07,3.022596951583745e-07,4.909430585379471e-06,0.0,1.1102230246251565e-16,2.220446049250313e-16,5.551115123125783e-17
8,362,0,363,2,5,0.04539900592320765,0.04539894347239482,2.753344560410889e-07,1.1417827273915267e-07,6.064768389572599e-06,0.04539855927201692,0.045398559272016914,2.7755575615628914e-17,1.580364731663945e-17,6.113756925483996e-16,4.951947048209386e-07,3.8420037790781736e-07,1.0907611185552383e-05,0.0,1.1102230246251565e-16,1.1102230246251565e-16,1.1102230246251565e-16
8,362,2,370,1,5,0.08545770644306842,0.08545796732234279,2.6087927436357905e-07,1.1220449181081421e-07,3.052720331851057e-06,0.08545752378311136,0.0854575237831114,4.163336342344337e-17,2.1251713794121218e-17,4.871819540325973e-16,3.7599971507151775e-07,4.4353923138451545e-07,5.190144878025353e-06,0.0,1.1102230246251565e-16,2.220446049250313e-16,5.551115123125783e-17
8,363,0,364,1,5,0.08916637659761933,0.08916648519414103,1.0859652169181722e-07,5.879811129643702e-08,1.2179073948622223e-06,0.08916609162692035,0.08916609162692035,3.469446951953614e-17,1.9314411827422517e-17,3.8909936374357637e-16,4.139615698284249e-07,3.9356722067451777e-07,4.642569110211216e-06,0.0,1.1102230246251565e-16,1.6653345369377348e-16,1.1102230246251565e-16
8,364,0,365,2,5,0.05328701242573869,0.053286913936436094,9.84893025954281e-08,5.303775426931932e-08,1.8482796860245031e-06,0.05328672791011179,0.05328672791011179,1.0408340855860843e-17,7.090973574922938e-18,1.953270779436569e-16,2.845156268985183e-07,1.871439387277074e-07,5.339305281845592e-06,0.0,1.1102230246251565e-16,1.6653345369377348e-16,5.551115123125783e-17
8,364,2,372,1,5,0.12442201448902426,0.12442200480664789,2.971833552023462e-07,1.3078026849022138e-07,2.388511039809292e-06,0.12442169996606568,0.12442169996606571,4.163336342344337e-17,1.8511840618963817e-17,3.3461497017641047e-16,3.145229585804765e-07,4.1556504125350724e-07,3.3399639361261573e-06,0.0,1.1102230246251565e-16,2.220446049250313e-16,5.551115123125783e-17
8,365,0,366,1,5,0.09963596660199,0.09963599437521854,7.657856367082605e-08,3.199205119658728e-08,7.685833232359717e-07,0.09963573965229511,0.09963573965229512,8.326672684688674e-17,4.184459633520709e-17,8.3571143384359555e-16,2.2694969489811534e-07,2.961982936700025e-07,2.972804110877353e-06,0.0,1.1102230246251565e-16,1.1102230246251565e-16,1.1102230246251565e-16
8,366,0,367,2,5,0.042824170384371876,0.042824071763227,1.48514490393159e-07,8.03099722925497e-08,3.4680062464761122e-06,0.04282403958812527,0.04282403958812527,1.734723475976807e-17,1.200101741031224e-17,4.050817000593822e-16,1.3079624660433664e-07,1.0352309694899864e-07,3.0542622409345966e-06,0.0,1.1102230246251565e-16,2.220446049250313e-16,2.7755575615628914e-17
8,366,2,374,1,5,0.1301793877127972,0.13017932217352285,2.3522354478111573e-07,1.0525851187705557e-07,1.806918506177551e-06,0.130179267843376,0.13017926784337602,4.163336342344337e-17,2.6276117563370344e-17,3.198156212826006e-16,1.198694211945739e-07,1.4027466219146412e-07,1.077548947310608e-06,0.0,1.1102230246251565e-16,1.1102230246251565e-16,2.7755575615628914e-17
8,368,0,369,1,5,0.01401388072940863,0.01401391073703658,8.182551056341858e-08,3.481246342977336e-08,5.838877676533683e-06,0.014013846011986728,0.014013846011986734,6.938893903907228e-18,3.964517948547547e-18,4.951455794485004e-16,4.844391576427909e-08,6.47250498458235e-08,4.6186286654991525e-06,0.0,1.1102230246251565e-16,1.1102230246251565e-16,0.0
8,368,2,392,1,5,0.0353678883850829,0.03536788838508289,1.3877787807814457e-17,9.224912045388103e-18,3.9238383860280686e-16,0.035367665029889174,0.035367665029889174,2.7755575615628914e-17,1.3683628878289629e-17,7.847726331996389e-16,2.2335519372918e-07,2.2335519371530221e-07,6.315197313939286e-06,0.0,1.1102230246251565e-16,1.1241966189623221e-16,2.7755575615628914e-17
8,369,0,370,2,5,0.05942072862479416,0.0594208127420324,3.601218025485464e-07,1.7113080130587164e-07,6.060533101624974e-06,0.059420535466291495,0.05942053546629149,6.938893903907228e-18,6.514939856029337e-18,1.167760244746292e-16,3.3146567045977404e-07,2.772757409091886e-07,5.578275610244316e-06,0.0,5.551115123125783e-17,2.220446049250313e-16,5.551115123125783e-17
8,369,2,375,1,5,0.057019223860619056,0.05701945465778548,2.307971664269881e-07,1.257736265916926e-07,4.047691578465051e-06,0.05701921853840128,0.057019218538401285,1.0408340855860843e-17,4.30550504197874e-18,1.8254092431749195e-16,2.3250636409927194e-07,2.3611938419765277e-07,4.1410319620693325e-06,0.0,1.1102230246251565e-16,1.6653345369377348e-16,2.7755575615628914e-17
8,370,0,371,1,5,0.03910149348856537,0.03910165202188599,1.5853332061693814e-07,8.350454864542875e-08,4.054389326778414e-06,0.039101501721279214,0.03910150172127923,2.0816681711721685e-17,1.1931468398410196e-17,5.323755046572327e-16,1.864753074350134e-07,1.5030060675907952e-07,4.768987953006164e-06,0.0,5.551115123125783e-17,1.6653345369377348e-16,5.551115123125783e-17
8,371,0,372,2,5,0.07134804187094498,0.07134808555149423,2.1567684041490232e-07,9.180061168711194e-08,3.0228819560861425e-06,0.07134793836242455,0.07134793836242456,2.7755575615628914e-17,1.6615708845705503e-17,3.8901720571993997e-16,1.601228768813301e-07,1.4718906966859624e-07,2.244249101340837e-06,0.0,1.1102230246251565e-16,1.6653345369377348e-16,5.551115123125783e-17
8,371,2,377,1,5,0.09611941504970009,0.09611948124987457,9.466746915542945e-08,4.172680027697166e-08,9.848936752928323e-07,0.09611921922048218,0.09611921922048218,2.7755575615628914e-17,1.1719692015998991e-17,2.887619753960136e-16,2.005364186791203e-07,2.9520388786230534e-07,3.0712180717547364e-06,0.0,1.1102230246251565e-16,1.1102230246251565e-16,5.551115123125783e-17
8,372,0,373,1,5,0.06436480994528326,0.06436501800564032,2.0806035705422943e-07,1.1484005271947256e-07,3.232506779319118e-06,0.06436478890131427,0.06436478890131428,2.0816681711721685e-17,1.1248036455896015e-17,3.2341722962283534e-16,2.507333360449171e-07,2.2910432603828745e-07,3.895490808733174e-06,0.0,5.551115123125783e-17,1.942890293094024e-16,5.551115123125783e-17
8,373,0,374,2,5,0.06333352663439448,0.06333348129397612,4.534041836423697e-08,2.3822673779978586e-08,7.158991575816336e-07,0.06333346506639735,0.06333346506639737,1.3877787807814457e-17,1.2570811274947086e-17,2.191225096126558e-16,6.156799713108452e-08,1.6227578752969762e-08,9.721233034518693e-07,0.0,1.1102230246251565e-16,2.220446049250313e-16,0.0
8,373,2,379,1,5,0.11616433944329274,0.11616428343226944,2.1302408162449105e-07,1.0954655536877335e-07,1.833816493472868e-06,0.11616418321285582,0.11616418321285586,4.163336342344337e-17,1.5104710896937204e-17,3.584010343976302e-16,1.5623043692070127e-07,1.9783294390174344e-07,1.7030436780326924e-06,0.0,1.1102230246251565e-16,1.1102230246251565e-16,2.7755575615628914e-17
8,375,0,376,1,5,0.015280341888167397,0.015280292576373875,7.15821380638075e-08,3.355454439757619e-08,4.684590082322595e-06,0.015280307252150762,0.015280307252150753,8.673617379884035e-18,4.158871686804763e-18,5.676337024350863e-16,5.101563459609243e-08,2.0566503467715075e-08,3.3386448398512137e-06,0.0,1.1102230246251565e-16,2.220446049250313e-16,2.7755575615628914e-17
8,375,2,394,1,5,0.05983831209858222,0.0598383120985822,4.163336342344337e-17,3.059264087868098e-17,6.957643349774535e-16,0.05983817951618412,0.05983817951618414,2.0816681711721685e-17,8.280135199951487e-18,3.4788293828510436e-16,1.32582398101877e-07,1.3258239806024363e-07,2.2156774389533347e-06,0.0,1.1102230246251565e-16,1.5633582962034095e-16,5.551115123125783e-17
8,376,0,377,2,5,0.07379748323701213,0.0737975696466791,2.178745948724914e-07,9.869383340430828e-08,2.952327507743282e-06,0.07379747827634149,0.07379747827634148,1.3877787807814457e-17,9.12694054527701e-18,1.8805233094615774e-16,1.0003476158537694e-07,1.1783983329405334e-07,1.596798293741048e-06,0.0,2.7755575615628914e-17,1.942890293094024e-16,2.7755575615628914e-17
8,376,2,380,1,5,0.06921638642962019,0.0692164532798714,6.685025120967136e-08,3.955829702309114e-08,9.658144565623368e-07,0.06921631360903385,0.06921631360903384,1.3877787807814457e-17,8.30093329486838e-18,2.0049879983789226e-16,1.3737895030591085e-07,1.3967083756227794e-07,2.017884923943295e-06,0.0,1.1102230246251565e-16,1.1102230246251565e-16,5.551115123125783e-17
8,377,0,378,1,5,0.027861674211998325,0.027861843733603505,1.6952160518043935e-07,8.448790891340271e-08,6.0843642223139525e-06,0.027861761257669485,0.027861761257669496,1.0408340855860843e-17,6.981087546136522e-18,3.735708148384102e-16,9.649454656493472e-08,8.247593400942388e-08,3.463322366156083e-06,0.0,2.7755575615628914e-17,1.6653345369377348e-16,2.7755575615628914e-17
8,378,0,379,2,5,0.07239527692392884,0.07239530215900368,7.518186244392933e-08,3.024599078653531e-08,1.0384908992962754e-06,0.07239527879006484,0.07239527879006484,2.0816681711721685e-17,1.2451399942302572e-17,2.875419786984571e-16,1.9801410275355202e-08,5.538045214775744e-08,7.6497300924477e-07,0.0,5.551115123125783e-17,1.6653345369377348e-16,2.7755575615628914e-17
8,378,2,382,1,5,0.09291058082586885,0.09291057060456892,7.254451575566812e-08,4.2298237801404486e-08,7.807992922962089e-07,0.09291047308790563,0.09291047308790563,4.163336342344337e-17,2.4902799884605143e-17,4.481019420066098e-16,1.077379632175024e-07,1.379536979650986e-07,1.4848007270953204e-06,0.0,1.1102230246251565e-16,1.3877787807814457e-16,5.551115123125783e-17
8,380,0,381,1,5,0.00802492412966746,0.008024879992413435,7.021449352495601e-08,3.1429564202904053e-08,8.749552318554516e-06,0.0080249016491821,0.008024901649182103,1.1275702593849246e-17,6.8339149667181455e-18,1.405089194457413e-15,5.2204887597724625e-08,2.1656768668318338e-08,6.505343446765759e-06,0.0,2.7755575615628914e-17,1.3877787807814457e-16,0.0
8,380,2,396,1,5,0.0667771093795272,0.0667771093795272,4.163336342344337e-17,2.832098555665641e-17,6.234675895720562e-16,0.06677706737692439,0.0667770673769244,1.3877787807814457e-17,8.637667558308538e-18,2.0782266057718624e-16,7.218140411768825e-08,7.218140416626051e-08,1.0809303492910727e-06,0.0,2.7755575615628914e-17,5.897706789843556e-17,2.7755575615628914e-17
8,381,0,382,2,5,0.07016013881991909,0.07016017403681551,7.454658074862452e-08,3.1134368874937075e-08,1.0625198949692928e-06,0.0701601553790159,0.07016015537901592,1.3877787807814457e-17,8.637667558308538e-18,1.9780155464087159e-16,1.884856619394082e-08,5.56980145616226e-08,7.938693899532788e-07,0.0,2.7755575615628914e-17,1.1102230246251565e-16,0.0
8,381,2,383,1,5,0.07093433150055357,0.07093433899563693,9.728301914035953e-09,4.743513709662583e-09,1.3714516906451086e-07,0.07093427954276602,0.07093427954276604,2.7755575615628914e-17,1.0680643503086635e-17,3.912857900938455e-16,5.7503700058580964e-08,6.723200195873913e-08,9.478061388980373e-07,0.0,7.806255641895632e-18,1.1102230246251565e-16,5.551115123125783e-17
8,383,2,398,1,5,0.062469601849366244,0.06246960184936621,6.938893903907228e-17,4.7606261803891005e-17,1.1107632670109012e-15,0.06246959160842929,0.06246959160842931,2.0816681711721685e-17,7.16479347490296e-18,3.3322903473108015e-16,3.372504567972223e-08,3.3725045700538914e-08,5.398633047455713e-07,0.0,7.806255641895632e-18,4.2933310848780213e-17,2.7755575615628914e-17
8,384,0,385,1,5,0.07093433899563692,0.07093433150055357,9.728302004241574e-09,4.743513746079736e-09,1.3714517033618863e-07,0.07093427954276604,0.07093427954276603,1.3877787807814457e-17,6.755032069206682e-18,1.9564289504692276e-16,6.723200202812807e-08,5.750370003776428e-08,9.478061398762512e-07,0.0,7.806255641895632e-18,1.1102230246251565e-16,5.551115123125783e-17
8,384,2,448,1,5,0.008480334017751737,0.008480334479588467,1.1114093260078048e-09,5.799790181572513e-10,1.3105725118306173e-07,0.008480363384296884,0.008480363384296884,4.336808689942018e-19,2.594041654646369e-19,5.113942048724587e-17,2.9366545147013756e-08,2.8904708416696567e-08,3.4628875929293173e-06,0.0,7.806255641895632e-18,2.1298947178887057e-17,2.7755575615628914e-17
8,385,0,386,2,5,0.008024879992413442,0.008024924129667427,7.021449351021086e-08,3.142956419501401e-08,8.749552316717134e-06,0.008024901649182108,0.008024901649182105,7.806255641895632e-18,5.707167693361554e-18,9.727540577012853e-16,2.1656768666583615e-08,5.2204887602061434e-08,6.505343447306203e-06,0.0,2.7755575615628914e-17,1.1102230246251565e-16,0.0
8,385,2,399,1,5,0.07016013881991912,0.07016017403681549,7.454658069311337e-08,3.1134368866074325e-08,1.0625198941780871e-06,0.0701601553790159,0.07016015537901592,1.3877787807814457e-17,8.637667558308538e-18,1.9780155464087159e-16,1.8848566110674092e-08,5.569801457550039e-08,7.938693901510806e-07,0.0,2.7755575615628914e-17,1.1102230246251565e-16,0.0
8,386,0,387,1,5,0.06921645327987137,0.06921638642962011,6.685025126518251e-08,3.955829701103928e-08,9.658144573643306e-07,0.06921631360903385,0.06921631360903385,2.7755575615628914e-17,1.3577962209087059e-17,4.009975996757845e-16,1.3967083752064458e-07,1.3737895030591085e-07,2.0178849233418005e-06,0.0,1.1102230246251565e-16,1.1102230246251565e-16,5.551115123125783e-17
8,387,0,388,2,5,0.015280292576373838,0.015280341888167393,7.15821380729148e-08,3.3554544399765874e-08,4.68459008291861e-06,0.015280307252150759,0.015280307252150759,4.0115480381963664e-18,2.7545926302257793e-18,2.625305873762274e-16,2.0566503457306734e-08,5.101563461560807e-08,3.3386448411283874e-06,0.0,1.1102230246251565e-16,1.1102230246251565e-16,2.7755575615628914e-17
8,387,2,401,1,5,0.07379748323701214,0.07379756964667905,2.178745948655525e-07,9.869383339617649e-08,2.952327507649258e-06,0.07379747827634149,0.07379747827634148,1.3877787807814457e-17,5.859846007999496e-18,1.8805233094615774e-16,1.0003476152986579e-07,1.178398333356867e-07,1.5967982943052053e-06,0.0,2.7755575615628914e-17,1.1102230246251565e-16,2.7755575615628914e-17
8,388,0,389,1,5,0.05701945465778548,0.057019223860619014,2.3079716646862147e-07,1.2577362659906171e-07,4.047691579195212e-06,0.05701921853840128,0.05701921853840128,6.938893903907228e-18,3.598404914675751e-18,1.2169394954499463e-16,2.3611938420459166e-07,2.325063640958025e-07,4.141031962191026e-06,0.0,1.1102230246251565e-16,2.220446049250313e-16,2.7755575615628914e-17
8,389,0,390,2,5,0.014013910737036554,0.014013880729408608,8.18255105651533e-08,3.4812463425741755e-08,5.83887767665748e-06,0.014013846011986734,0.014013846011986734,5.204170427930421e-18,3.848366472353213e-18,3.713591845863753e-16,6.472504981980265e-08,4.8443915752136024e-08,4.618628663642373e-06,0.0,1.1102230246251565e-16,2.220446049250313e-16,0.0
8,389,2,403,1,5,0.05942072862479414,0.05942081274203237,3.601218025242603e-07,1.7113080130595435e-07,6.060533101216263e-06,0.059420535466291495,0.059420535466291495,6.938893903907228e-18,3.598404914675751e-18,1.167760244746292e-16,3.31465670428549e-07,2.7727574087449414e-07,5.57827560971883e-06,0.0,5.551115123125783e-17,1.1102230246251565e-16,5.551115123125783e-17
8,390,0,391,1,5,0.03468500986003528,0.0346847069927686,3.028672666827159e-07,1.4563343329906425e-07,8.73193543565012e-06,0.03468479881492794,0.034684798814927933,1.6696713456276768e-17,7.939622206367871e-18,4.813841805849165e-16,2.1104510734143433e-07,2.074454572820704e-07,6.0846200763115384e-06,0.0,1.1102230246251565e-16,3.3306690738754696e-16,2.7755575615628914e-17
8,391,0,392,2,5,0.03468470699276859,0.034685009860035275,3.028672666827159e-07,1.4563343329612153e-07,8.731935435650122e-06,0.034684798814927933,0.034684798814927933,1.6696713456276768e-17,6.8868334236125925e-18,4.813841805849166e-16,2.074454572944303e-07,2.1104510734143433e-07,6.084620076311539e-06,0.0,1.1102230246251565e-16,2.220446049250313e-16,2.7755575615628914e-17
8,391,2,405,1,5,0.021368345663211056,0.02136817814941606,1.6751379499496677e-07,8.438775782988729e-08,7.839343187122245e-06,0.021367887252996584,0.021367887252996584,2.7755575615628914e-17,1.6494371136353095e-17,1.2989386965122878e-15,4.584102144926383e-07,2.9089641949073264e-07,2.1452770453908514e-05,0.0,1.1102230246251565e-16,1.6653345369377348e-16,1.1102230246251565e-16
8,392,0,393,1,5,0.01401388072940862,0.01401391073703659,8.182551055127552e-08,3.481246342879231e-08,5.838877675667178e-06,0.014013846011986734,0.014013846011986731,3.469446951953614e-18,2.456573223669222e-18,2.475727897242502e-16,4.8443915746931854e-08,6.472504985970129e-08,4.618628666489436e-06,0.0,1.1102230246251565e-16,1.1102230246251565e-16,0.0
8,393,0,394,2,5,0.05701922386061906,0.05701945465778547,2.3079716640617143e-07,1.257736265710633e-07,4.047691578099971e-06,0.05701921853840128,0.05701921853840128,3.469446951953614e-18,1.1941322458171601e-18,6.084697477249732e-17,2.3250636411661918e-07,2.3611938419071388e-07,4.14103196194764e-06,0.0,1.1102230246251565e-16,2.220446049250313e-16,2.7755575615628914e-17
8,393,2,407,1,5,0.05942072862479421,0.05942081274203238,3.60121802545077e-07,1.7113080130317984e-07,6.060533101566588e-06,0.059420535466291495,0.05942053546629149,1.3877787807814457e-17,8.775656081232124e-18,2.335520489492584e-16,3.314656704493657e-07,2.772757408953108e-07,5.578275610069155e-06,0.0,5.551115123125783e-17,1.1102230246251565e-16,5.551115123125783e-17
8,394,0,395,1,5,0.015280341888167383,0.015280292576373864,7.158213814490583e-08,3.355454441274163e-08,4.684590087629962e-06,0.015280307252150757,0.015280307252150759,2.6834003769016235e-18,1.8978835666312616e-18,1.7561167669085484e-16,5.1015634679359156e-08,2.0566503468148756e-08,3.338644845300488e-06,0.0,1.1102230246251565e-16,1.1102230246251565e-16,2.7755575615628914e-17
8,395,0,396,2,5,0.06921638642962011,0.06921645327987141,6.685025130681588e-08,3.9558297017739154e-08,9.658144579658253e-07,0.06921631360903382,0.06921631360903385,2.7755575615628914e-17,1.3544055721522987e-17,4.009975996757845e-16,1.3737895030591085e-07,1.3967083756227794e-07,2.0178849239432947e-06,0.0,1.1102230246251565e-16,2.220446049250313e-16,5.551115123125783e-17
8,395,2,409,1,5,0.07379748323701217,0.07379756964667901,2.1787459487943028e-07,9.869383340017623e-08,2.9523275078373116e-06,0.07379747827634148,0.07379747827634149,1.3877787807814457e-17,4.7765289832686404e-18,1.8805233094615774e-16,1.0003476155762137e-07,1.1783983332180892e-07,1.5967982941171542e-06,0.0,2.7755575615628914e-17,1.3877787807814457e-16,2.7755575615628914e-17
8,396,0,397,1,5,0.008024924129667432,0.008024879992413442,7.021449352322129e-08,3.1429564200648696e-08,8.74955231833838e-06,0.0080249016491821,0.008024901649182105,8.673617379884035e-18,5.663314478360898e-18,1.0808378418903174e-15,5.22048876254802e-08,2.1656768663114168e-08,6.505343450224453e-06,0.0,2.7755575615628914e-17,1.1102230246251565e-16,0.0
8,397,0,398,2,5,0.07093433150055353,0.07093433899563693,9.728301948730422e-09,4.743513748743058e-09,1.371451695536177e-07,0.07093427954276604,0.07093427954276603,1.3877787807814457e-17,6.755032069206682e-18,1.9564289504692276e-16,5.750370005164207e-08,6.723200201425028e-08,9.478061396806083e-07,0.0,7.806255641895632e-18,1.1102230246251565e-16,5.551115123125783e-17
8,397,2,411,1,5,0.0701601388199192,0.07016017403681551,7.454658079025789e-08,3.113436889048596e-08,1.0625198955626974e-06,0.07016015537901592,0.07016015537901592,1.3877787807814457e-17,7.196809829351503e-18,1.9780155464087159e-16,1.88485662147575e-08,5.569801458243928e-08,7.93869390249981e-07,0.0,2.7755575615628914e-17,1.1102230246251565e-16,0.0
8,399,0,400,1,5,0.09291057060456889,0.09291058082586888,7.254451582505705e-08,4.2298237840216786e-08,7.807992930430444e-07,0.09291047308790563,0.09291047308790563,2.7755575615628914e-17,1.6185125708081983e-17,2.987346280044065e-16,1.3795369797897639e-07,1.0773796324525797e-07,1.484800727244687e-06,0.0,1.1102230246251565e-16,1.1102230246251565e-16,5.551115123125783e-17
8,399,2,450,1,5,0.02453402580953265,0.02453402552332265,4.081781333070689e-09,1.9936224550176813e-09,1.6637226049891577e-07,0.024534078238556425,0.02453407823855643,5.204170427930421e-18,2.8120091139740038e-18,2.1212007140956405e-16,5.2429023775224515e-08,5.2715233778838355e-08,2.148653528625092e-06,0.0,2.7755575615628914e-17,4.310792136225502e-17,2.7755575615628914e-17
8,400,0,401,2,5,0.027861843733603432,0.027861674211998366,1.695216050659476e-07,8.448790887525928e-08,6.084364218204701e-06,0.02786176125766951,0.027861761257669503,1.0408340855860843e-17,8.170131791247502e-18,3.7357081483841005e-16,8.24759339226877e-08,9.649454656927153e-08,3.4633223663117462e-06,0.0,2.7755575615628914e-17,2.220446049250313e-16,2.7755575615628914e-17
8,400,2,412,1,5,0.07239527692392887,0.07239530215900367,7.518186250637937e-08,3.0245990814047746e-08,1.0384909001589014e-06,0.07239527879006485,0.07239527879006484,2.0816681711721685e-17,8.61101008395748e-18,2.8754197869845703e-16,1.980141026841631e-08,5.538045221714638e-08,7.649730102032431e-07,0.0,1.1102230246251565e-16,1.6653345369377348e-16,2.7755575615628914e-17
8,401,0,402,1,5,0.09611948124987456,0.09611941504970004,9.466746919706281e-08,4.1726800301492076e-08,9.848936757259743e-07,0.09611921922048221,0.09611921922048217,4.163336342344337e-17,1.432958694980592e-17,4.331429630940203e-16,2.952038879039387e-07,2.0053641870687589e-07,3.071218072187879e-06,0.0,1.1102230246251565e-16,2.220446049250313e-16,5.551115123125783e-17
8,402,0,403,2,5,0.039101652021885966,0.03910149348856539,1.5853332057530478e-07,8.350454863647568e-08,4.054389325713669e-06,0.039101501721279235,0.039101501721279214,2.0816681711721685e-17,8.326845784126882e-18,5.323755046572326e-16,1.5030060673132395e-07,1.8647530744975854e-07,4.768987953383265e-06,0.0,5.551115123125783e-17,1.6653345369377348e-16,5.551115123125783e-17
8,402,2,414,1,5,0.071348041870945,0.07134808555149418,2.1567684039408563e-07,9.180061168206948e-08,3.0228819557943824e-06,0.07134793836242455,0.07134793836242456,1.3877787807814457e-17,1.1739292445957246e-17,1.9450860285996999e-16,1.6012287684663562e-07,1.471890696130851e-07,2.2442491008545684e-06,0.0,5.551115123125783e-17,2.220446049250313e-16,5.551115123125783e-17
8,403,0,404,1,5,0.08545796732234279,0.08545770644306841,2.6087927437745684e-07,1.122044918089965e-07,3.05272033201345e-06,0.0854575237831114,0.08545752378311137,2.7755575615628914e-17,1.6509429061363748e-17,3.2478796935506486e-16,4.4353923138451545e-07,3.7599971507845664e-07,5.190144878025353e-06,0.0,1.1102230246251565e-16,1.1102230246251565e-16,5.551115123125783e-17
8,404,0,405,2,5,0.06156701055123805,0.06156715934807575,1.4879683770535612e-07,6.327519269993003e-08,2.4168215535837726e-06,0.061566859673718895,0.06156685967371885,4.163336342344337e-17,1.8321685973019103e-17,6.762300959328521e-16,3.0225969517919116e-07,2.9967435689892685e-07,4.90943058571758e-06,0.0,1.1102230246251565e-16,1.6653345369377348e-16,5.551115123125783e-17
8,404,2,416,1,5,0.04539900592320765,0.0453989434723948,2.7533445600856285e-07,1.1417827273102698e-07,6.06476838885615e-06,0.04539855927201692,0.045398559272016914,1.3877787807814457e-17,9.005039937969642e-18,3.056878462741998e-16,4.951947047996882e-07,3.842003778870007e-07,1.0907611185084302e-05,0.0,1.1102230246251565e-16,1.1102230246251565e-16,1.1102230246251565e-16
8,405,0,406,1,5,0.061567159348075724,0.061567010551238074,1.4879683764984497e-07,6.327519268475729e-08,2.416821552682138e-06,0.06156685967371888,0.06156685967371885,2.7755575615628914e-17,1.866122468951391e-17,4.508200639552349e-16,2.996743568434157e-07,3.0225969517225226e-07,4.909430585604878e-06,0.0,1.1102230246251565e-16,3.3306690738754696e-16,5.551115123125783e-17
8,406,0,407,2,5,0.08545770644306838,0.08545796732234284,2.6087927446072356e-07,1.1220449182894977e-07,3.052720332987807e-06,0.0854575237831114,0.08545752378311136,4.163336342344337e-17,1.9717467067039004e-17,4.871819540325973e-16,3.7599971508539554e-07,4.4353923148165997e-07,5.190144879162102e-06,0.0,1.1102230246251565e-16,2.220446049250313e-16,5.551115123125783e-17
8,406,2,418,1,5,0.04539900592320769,0.04539894347239481,2.753344560237417e-07,1.1417827274708531e-07,6.064768389190487e-06,0.045398559272016914,0.045398559272016914,2.3852447794681098e-17,1.3513850861632995e-17,5.25400985783781e-16,4.951947048179028e-07,3.8420037789393957e-07,1.0907611185485503e-05,0.0,1.1102230246251565e-16,1.1102230246251565e-16,1.1102230246251565e-16
8,407,0,408,1,5,0.03910149348856537,0.039101652021885966,1.5853332059612146e-07,8.350454862878768e-08,4.054389326246043e-06,0.03910150172127922,0.039101501721279214,1.3877787807814457e-17,7.47917826758931e-18,3.5491700310482193e-16,1.864753074280745e-07,1.5030060675214063e-07,4.768987952828709e-06,0.0,5.551115123125783e-17,1.1102230246251565e-16,5.551115123125783e-17
8,408,0,409,2,5,0.09611941504970004,0.09611948124987461,9.466746919706281e-08,4.1726800320176015e-08,9.848936757259736e-07,0.09611921922048218,0.09611921922048218,2.7755575615628914e-17,9.553057966537281e-18,2.887619753960136e-16,2.005364186929981e-07,2.9520388786230534e-07,3.071218071754735e-06,0.0,1.1102230246251565e-16,2.220446049250313e-16,5.551115123125783e-17
8,408,2,420,1,5,0.07134804187094505,0.0713480855514942,2.156768404287801e-07,9.180061169160028e-08,3.0228819562806517e-06,0.07134793836242455,0.07134793836242456,1.3877787807814457e-17,1.0020602055915873e-17,1.9450860285996999e-16,1.601228768674523e-07,1.4718906964084066e-07,2.2442491011463298e-06,0.0,1.1102230246251565e-16,1.1102230246251565e-16,5.551115123125783e-17
8,409,0,410,1,5,0.02786167421199834,0.02786184373360352,1.6952160518043935e-07,8.448790890721308e-08,6.084364222313949e-06,0.027861761257669485,0.027861761257669496,1.0408340855860843e-17,7.625009843948262e-18,3.735708148384102e-16,9.649454658661877e-08,8.247593402330167e-08,3.4633223669343514e-06,0.0,2.7755575615628914e-17,1.3877787807814457e-16,2.7755575615628914e-17
8,410,0,411,2,5,0.09291058082586887,0.09291057060456893,7.254451582505705e-08,4.22982378402825e-08,7.807992930430445e-07,0.09291047308790565,0.09291047308790563,2.7755575615628914e-17,1.7275335116617076e-17,2.9873462800440647e-16,1.077379632175024e-07,1.3795369797897639e-07,1.4848007272446872e-06,0.0,1.1102230246251565e-16,2.220446049250313e-16,5.551115123125783e-17
8,410,2,422,1,5,0.0723952769239289,0.07239530215900367,7.518186249944048e-08,3.0245990807762966e-08,1.038490900063054e-06,0.07239527879006484,0.07239527879006485,2.0816681711721685e-17,1.2896899764738639e-17,2.8754197869845703e-16,1.980141032392746e-08,5.53804521963297e-08,7.649730099157013e-07,0.0,5.551115123125783e-17,1.1102230246251565e-16,2.7755575615628914e-17
8,412,0,413,1,5,0.11616428343226931,0.11616433944329274,2.1302408169387999e-07,1.0954655538645559e-07,1.8338164940702021e-06,0.11616418321285585,0.11616418321285582,2.7755575615628914e-17,1.1719692015998991e-17,2.389340229317535e-16,1.9783294392949902e-07,1.5623043692070127e-07,1.7030436782716262e-06,0.0,1.1102230246251565e-16,2.220446049250313e-16,2.7755575615628914e-17
8,412,2,452,1,5,0.04884642408944733,0.04884641733158028,1.2325266605939245e-08,6.6233429999640666e-09,2.523268967114006e-07,0.04884645503095747,0.04884645503095748,6.938893903907228e-18,4.788546822728681e-18,1.4205521975974628e-16,1.0378270888511398e-07,9.145744227223584e-08,2.1246722780463697e-06,0.0,1.1102230246251565e-16,4.028677162045008e-17,5.551115123125783e-17
8,413,0,414,2,5,0.06436501800564028,0.06436480994528337,2.0806035690157376e-07,1.14840052686736e-07,3.232506776947402e-06,0.06436478890131427,0.06436478890131427,1.3877787807814457e-17,6.930605822308848e-18,2.156114864152236e-16,2.2910432601053188e-07,2.5073333607961157e-07,3.895490809272204e-06,0.0,5.551115123125783e-17,1.1102230246251565e-16,5.551115123125783e-17
8,413,2,423,1,5,0.06333352663439454,0.06333348129397606,4.534041847525927e-08,2.382267381695697e-08,7.158991593346114e-07,0.06333346506639737,0.06333346506639739,2.7755575615628914e-17,1.265568686709164e-17,4.382450192253114e-16,6.156799717271788e-08,1.6227578669703036e-08,9.721233041092353e-07,0.0,1.1102230246251565e-16,2.220446049250313e-16,0.0
8,414,0,415,1,5,0.12442200480664792,0.12442201448902417,2.971833552717351e-07,1.307802685235345e-07,2.3885110403669845e-06,0.12442169996606572,0.12442169996606568,4.163336342344337e-17,2.370266382350257e-17,3.346149701764104e-16,4.155650412951406e-07,3.14522958483332e-07,3.339963936460774e-06,0.0,1.1102230246251565e-16,1.1102230246251565e-16,5.551115123125783e-17
8,415,0,416,2,5,0.08916648519414092,0.08916637659761945,1.0859652146977261e-07,5.8798111271982075e-08,1.2179073923719988e-06,0.0891660916269203,0.08916609162692034,4.163336342344337e-17,1.7971530293954858e-17,4.669192364922918e-16,3.935672206190066e-07,4.1396156980066934e-07,4.6425691098999444e-06,0.0,1.1102230246251565e-16,1.6653345369377348e-16,1.1102230246251565e-16
8,415,2,425,1,5,0.05328701242573861,0.05328691393643607,9.848930253991695e-08,5.303775425648462e-08,1.8482796849827667e-06,0.05328672791011178,0.0532867279101118,3.469446951953614e-17,2.3912565099284163e-17,6.510902598121895e-16,2.8451562683606824e-07,1.8714393872423796e-07,5.339305280673644e-06,0.0,1.1102230246251565e-16,2.220446049250313e-16,5.551115123125783e-17
8,416,0,417,1,5,0.11472797044251985,0.11472788565601283,1.1145257905464945e-07,5.190186642017968e-08,9.71450803363497e-07,0.11472747419158846,0.11472747419158841,5.551115123125783e-17,2.3439384031997983e-17,4.838522910262743e-16,5.080303647486684e-07,4.1146442442130393e-07,4.428129973790462e-06,0.0,1.1102230246251565e-16,1.1102230246251565e-16,5.551115123125783e-17
8,417,0,418,2,5,0.11472788565601282,0.1147279704425199,1.1145257901301608e-07,5.190186641814047e-08,9.714508030006089e-07,0.11472747419158846,0.11472747419158841,5.551115123125783e-17,2.138280138157262e-17,4.838522910262743e-16,4.11464424351915e-07,5.08030364707035e-07,4.428129973427573e-06,0.0,1.1102230246251565e-16,2.220446049250313e-16,5.551115123125783e-17
8,417,2,427,1,5,0.019628100517533626,0.019628045918504523,5.5066777646453624e-08,4.645063490026723e-08,2.8055072164146963e-06,0.019627655843042324,0.019627655843042324,2.0816681711721685e-17,8.405312329657214e-18,1.0605791072651627e-15,4.4467449131571635e-07,3.9007546219840816e-07,2.2654993585267823e-05,0.0,1.1102230246251565e-16,1.1102230246251565e-16,5.551115123125783e-17
8,418,0,419,1,5,0.08916637659761936,0.089166485194141,1.0859652163630606e-07,5.879811128119892e-08,1.2179073942396664e-06,0.08916609162692034,0.08916609162692034,2.0816681711721685e-17,1.0437772563402759e-17,2.334596182461459e-16,4.1396156980066934e-07,3.9356722066064e-07,4.64256910989994e-06,0.0,1.1102230246251565e-16,2.220446049250313e-16,1.1102230246251565e-16
8,419,0,420,2,5,0.12442201448902415,0.12442200480664793,2.971833552856129e-07,1.3078026854071571e-07,2.3885110404785227e-06,0.12442169996606572,0.12442169996606568,4.163336342344337e-17,1.6560270399902974e-17,3.346149701764104e-16,3.1452295842782085e-07,4.1556504135065175e-07,3.3399639369069265e-06,0.0,1.1102230246251565e-16,1.1102230246251565e-16,5.551115123125783e-17
8,419,2,429,1,5,0.05328701242573865,0.05328691393643605,9.84893025954281e-08,5.3037754272488013e-08,1.8482796860245044e-06,0.05328672791011179,0.05328672791011179,2.0816681711721685e-17,1.317351216194977e-17,3.906541558873138e-16,2.845156268568849e-07,1.8714393873811574e-07,5.339305281064292e-06,0.0,1.1102230246251565e-16,1.1102230246251565e-16,5.551115123125783e-17
8,420,0,421,1,5,0.06436480994528326,0.06436501800564035,2.08060357081985e-07,1.1484005273601146e-07,3.2325067797503383e-06,0.06436478890131427,0.06436478890131428,2.0816681711721685e-17,1.1989357676899518e-17,3.2341722962283534e-16,2.5073333611430604e-07,2.2910432606604303e-07,3.895490809811226e-06,0.0,5.551115123125783e-17,1.942890293094024e-16,5.551115123125783e-17
8,421,0,422,2,5,0.11616433944329271,0.11616428343226955,2.1302408162449105e-07,1.0954655536585695e-07,1.8338164934728683e-06,0.11616418321285585,0.11616418321285582,2.7755575615628914e-17,9.553057966537281e-18,2.389340229317535e-16,1.5623043686519011e-07,1.9783294386011008e-07,1.7030436776742924e-06,0.0,1.1102230246251565e-16,1.1102230246251565e-16,2.7755575615628914e-17
8,421,2,431,1,5,0.06333352663439457,0.06333348129397606,4.5340418503014845e-08,2.3822673822582603e-08,7.158991597728556e-07,0.06333346506639737,0.06333346506639737,1.3877787807814457e-17,8.30093329486838e-18,2.191225096126558e-16,6.156799720047346e-08,1.622757869745861e-08,9.721233045474796e-07,0.0,1.1102230246251565e-16,2.220446049250313e-16,0.0
8,423,0,424,1,5,0.13017932217352285,0.13017938771279702,2.3522354485050467e-07,1.0525851188969599e-07,1.806918506710579e-06,0.13017926784337605,0.130179267843376,5.551115123125783e-17,3.141707072386172e-17,4.264208283768007e-16,1.402746622053419e-07,1.1986942102804043e-07,1.0775489474172146e-06,0.0,1.1102230246251565e-16,3.3306690738754696e-16,2.7755575615628914e-17
8,423,2,454,1,5,0.07552351952001549,0.0755234987523757,2.356452840496237e-08,1.4031159353750199e-08,3.120157608480789e-07,0.07552344787163652,0.07552344787163652,1.3877787807814457e-17,7.59031162386047e-18,1.837546907471948e-16,1.4522399880562142e-07,1.2165947040065905e-07,1.9228976579558594e-06,0.0,1.1102230246251565e-16,1.6862949284434832e-16,2.7755575615628914e-17
8,424,0,425,2,5,0.09963599437521853,0.09963596660198999,7.65785637263372e-08,3.199205121153813e-08,7.685833237931114e-07,0.09963573965229514,0.09963573965229512,8.326672684688674e-17,4.24941437113803e-17,8.357114338435954e-16,2.9619829371163586e-07,2.2694969487035976e-07,2.972804111295208e-06,0.0,1.1102230246251565e-16,1.3877787807814457e-16,1.1102230246251565e-16
8,424,2,432,1,5,0.04282417038437187,0.04282407176322699,1.4851449033764785e-07,8.030997227707271e-08,3.4680062451798554e-06,0.04282403958812528,0.04282403958812527,1.3877787807814457e-17,1.0731287333597588e-17,3.240653600475057e-16,1.3079624659045885e-07,1.035230969385903e-07,3.054262240610533e-06,0.0,1.1102230246251565e-16,2.220446049250313e-16,2.7755575615628914e-17
8,425,0,426,1,5,0.1376699898252726,0.1376699905306949,1.410728756590096e-07,5.9128162771292e-08,1.02471769711901e-06,0.1376697766135685,0.13766977661356847,5.551115123125783e-17,3.2185111999137245e-17,4.032195925404498e-16,2.1321170409760448e-07,2.1391712642926386e-07,1.5538399153268549e-06,0.0,1.1102230246251565e-16,2.220446049250313e-16,5.551115123125783e-17
8,426,0,427,2,5,0.12534179335143517,0.1253418582244747,1.3873991835944288e-07,7.28657101101889e-08,1.1068921454074312e-06,0.12534150716058098,0.1253415071605809,8.326672684688674e-17,3.357912420694001e-17,6.643188576008566e-16,3.396696184598813e-07,3.510638937886945e-07,2.8008511981685663e-06,0.0,1.1102230246251565e-16,1.1102230246251565e-16,1.1102230246251565e-16
8,426,2,434,1,5,0.026736439594025933,0.026736364051716286,1.1241134099644959e-07,7.07651506432469e-08,4.204424474736984e-06,0.02673616084590285,0.026736160845902846,7.806255641895632e-18,6.277638502890543e-18,2.9197369386307726e-16,2.787481230837052e-07,2.5802835094696636e-07,1.042577573215805e-05,0.0,1.1102230246251565e-16,2.220446049250313e-16,5.551115123125783e-17
8,427,0,428,1,5,0.12534185822447452,0.1253417933514353,1.3873991831780952e-07,7.286571008492686e-08,1.1068921450752743e-06,0.12534150716058093,0.12534150716058093,2.7755575615628914e-17,1.5434489064907016e-17,2.2143961920028563e-16,3.510638935944055e-07,3.396696184737591e-07,2.8008511966184973e-06,0.0,1.1102230246251565e-16,1.6653345369377348e-16,1.1102230246251565e-16
8,428,0,429,2,5,0.13766999053069487,0.1376699898252727,1.410728756590096e-07,5.9128162771839044e-08,1.0247176971190103e-06,0.13766977661356847,0.1376697766135685,2.7755575615628914e-17,1.265568686709164e-17,2.016097962702249e-16,2.1391712640150828e-07,2.1321170420862678e-07,1.5538399151252456e-06,0.0,1.1102230246251565e-16,1.6653345369377348e-16,5.551115123125783e-17
8,428,2,436,1,5,0.02673643959402597,0.026736364051716303,1.1241134095785199e-07,7.076515063671922e-08,4.204424473293345e-06,0.026736160845902843,0.02673616084590284,2.0816681711721685e-17,1.124872608495123e-17,7.785965169682063e-16,2.7874812312880803e-07,2.580283509467495e-07,1.0425775733844977e-05,0.0,1.1102230246251565e-16,2.220446049250313e-16,5.551115123125783e-17
8,429,0,430,1,5,0.09963596660199,0.09963599437521853,7.657856365694826e-08,3.1992051189283024e-08,7.685833230966869e-07,0.09963573965229512,0.09963573965229512,8.326672684688674e-17,4.579167095478406e-17,8.3571143384359555e-16,2.2694969488423755e-07,2.961982936561247e-07,2.9728041107380685e-06,0.0,1.1102230246251565e-16,1.1102230246251565e-16,1.1102230246251565e-16
8,430,0,431,2,5,0.13017938771279702,0.130179322173523,2.3522354483662689e-07,1.0525851188086412e-07,1.8069185066039737e-06,0.13017926784337602,0.13017926784337602,1.3877787807814457e-17,8.30093329486838e-18,1.066052070942002e-16,1.1986942100028486e-07,1.4027466224697527e-07,1.0775489477370299e-06,0.0,1.1102230246251565e-16,2.220446049250313e-16,2.7755575615628914e-17
8,430,2,438,1,5,0.04282417038437191,0.042824071763227,1.4851449031336172e-07,8.030997227040669e-08,3.4680062446127393e-06,0.04282403958812526,0.04282403958812527,2.0816681711721685e-17,1.233751169274164e-17,4.860980400712586e-16,1.307962466529089e-07,1.0352309695593753e-07,3.0542622420688195e-06,0.0,1.1102230246251565e-16,1.1102230246251565e-16,2.7755575615628914e-17
8,432,0,433,1,5,0.1253198074794165,0.12531981379408474,5.435434406730888e-08,2.1565894012416188e-08,4.3372506247591053e-07,0.12531977713408743,0.12531977713408746,2.7755575615628914e-17,1.660186658973676e-17,2.2147801608305999e-16,3.034532908285925e-08,3.9776305679750656e-08,3.173983784009432e-07,0.0,1.1102230246251565e-16,1.1102230246251565e-16,0.0
8,432,2,456,1,5,0.09200793094762254,0.09200790738309414,2.3564528398023477e-08,1.4031159339140497e-08,2.5611409967949483e-07,0.09200782925189918,0.09200782925189918,2.7755575615628914e-17,1.3577962209087059e-17,3.01665367407372e-16,1.0169572335627652e-07,7.813119495825305e-08,1.1052930145138137e-06,0.0,1.1102230246251565e-16,1.1241966189623221e-16,2.7755575615628914e-17
8,433,0,434,2,5,0.1128516150022337,0.11285168876953175,1.8596473227994181e-07,9.47628679922966e-08,1.647868404164719e-06,0.11285153320552552,0.1128515332055255,1.3877787807814457e-17,8.30093329486838e-18,1.229738525797447e-16,1.6956956741531748e-07,1.5556400624616717e-07,1.5025877704109174e-06,0.0,5.551115123125783e-17,2.220446049250313e-16,5.551115123125783e-17
8,433,2,439,1,5,0.020904308468710296,0.020904254265727843,8.269107778721696e-08,5.2702779456242066e-08,3.95569544484045e-06,0.02090420314018033,0.020904203140180315,2.42861286636753e-17,1.3272223426671659e-17,1.1617820828096773e-15,1.0532852996736342e-07,9.242410793815214e-08,5.0386038899598064e-06,0.0,1.1102230246251565e-16,1.6653345369377348e-16,2.7755575615628914e-17
8,434,0,435,1,5,0.12661031163441194,0.1266102512404578,1.1215763426331016e-07,5.471337544071572e-08,8.858491288384632e-07,0.12661019921616828,0.12661019921616828,4.163336342344337e-17,2.214882370800554e-17,3.288310395307137e-16,1.124182436584853e-07,7.559169336313065e-08,8.87907487212366e-07,0.0,5.551115123125783e-17,1.6653345369377348e-16,5.551115123125783e-17
8,435,0,436,2,5,0.12661025124045774,0.126610311634412,1.1215763438821025e-07,5.47133754640385e-08,8.85849129824955e-07,0.12661019921616828,0.12661019921616828,4.163336342344337e-17,1.7248698241541195e-17,3.288310395307137e-16,7.559169340476402e-08,1.1241824371399645e-07,8.879074876508066e-07,0.0,1.1102230246251565e-16,1.6653345369377348e-16,5.551115123125783e-17
8,435,2,441,1,5,0.007383629622075933,0.0073836349564133895,1.2571772393943359e-08,9.076827339501435e-09,1.7026535667264507e-06,0.007383516529836599,0.007383516529836606,2.3418766925686896e-17,1.081672396844752e-17,3.1717633232149268e-15,1.1309223934066748e-07,1.1842657678378526e-07,1.6039061719989356e-05,0.0,1.1102230246251565e-16,1.1102230246251565e-16,5.551115123125783e-17
8,436,0,437,1,5,0.11285168876953176,0.11285161500223366,1.8596473223830845e-07,9.476286800116984e-08,1.6478684037957976e-06,0.11285153320552552,0.11285153320552552,1.3877787807814457e-17,8.30093329486838e-18,1.229738525797447e-16,1.5556400624616717e-07,1.6956956737368412e-07,1.5025877700419962e-06,0.0,5.551115123125783e-17,1.942890293094024e-16,5.551115123125783e-17
8,437,0,438,2,5,0.12531981379408463,0.12531980747941648,5.435434401179773e-08,2.1565893993199982e-08,4.33725062032955e-07,0.12531977713408743,0.12531977713408746,2.7755575615628914e-17,1.208482204333337e-17,2.2147801608305999e-16,3.9776305624239505e-08,3.03453290273481e-08,3.173983779579876e-07,0.0,1.1102230246251565e-16,2.220446049250313e-16,0.0
8,437,2,443,1,5,0.02090430846871033,0.020904254265727857,8.269107781670726e-08,5.27027794573035e-08,3.955695446251171e-06,0.020904203140180308,0.020904203140180322,1.3877787807814457e-17,8.459091677142459e-18,6.638754758912444e-16,1.0532853002287457e-07,9.242410795549938e-08,5.038603892615286e-06,0.0,1.1102230246251565e-16,1.1102230246251565e-16,2.7755575615628914e-17
8,439,0,440,1,5,0.10537850851229418,0.1053784921004074,3.117818282716289e-08,1.342189244286078e-08,2.958685150067903e-07,0.10537849073129062,0.1053784907312906,4.163336342344337e-17,2.299757651537806e-17,3.950840739369305e-16,2.967901223394076e-08,7.394514306424682e-09,2.8164198424271874e-07,0.0,1.1102230246251565e-16,2.220446049250313e-16,2.7755575615628914e-17
8,439,2,458,1,5,0.09131302776692121,0.09131301544165459,1.2325266626755926e-08,6.623343006156034e-09,1.3497818359737756e-07,0.09131298664196538,0.09131298664196541,2.7755575615628914e-17,1.265568686709164e-17,3.039608782533576e-16,4.112495582964115e-08,3.21134725200789e-08,4.503733676930923e-07,0.0,1.1102230246251565e-16,1.5633582962034095e-16,5.551115123125783e-17
8,440,0,441,2,5,0.10236099450521602,0.10236102945492663,8.94860534561559e-08,3.99430306127148e-08,8.742199441786577e-07,0.10236099160808422,0.10236099160808422,2.7755575615628914e-17,1.555452533367908e-17,2.71153836823879e-16,3.5838473314009356e-08,5.364758012826876e-08,5.241016079453537e-07,0.0,2.7755575615628914e-17,1.942890293094024e-16,2.7755575615628914e-17
8,440,2,444,1,5,0.006892649404799144,0.006892637490594714,1.5921565349116817e-08,1.1376636515789134e-08,2.3099340201506713e-06,0.0068926079720953454,0.006892607972095358,1.3010426069826053e-17,1.0757491213924563e-17,1.8875911879071912e-15,4.1432703798242876e-08,3.6753441359294644e-08,6.0111433738954625e-06,0.0,1.1102230246251565e-16,1.1102230246251565e-16,5.551115123125783e-17
8,441,0,442,1,5,0.10236102945492655,0.10236099450521595,8.948605347003369e-08,3.9943030614379386e-08,8.742199443142353e-07,0.10236099160808422,0.1023609916080842,2.7755575615628914e-17,1.6971550394525344e-17,2.71153836823879e-16,5.364758018377991e-08,3.583847328625378e-08,5.241016084876615e-07,0.0,2.7755575615628914e-17,1.6653345369377348e-16,2.7755575615628914e-17
8,442,0,443,2,5,0.1053784921004074,0.10537850851229424,3.117818284104068e-08,1.3421892432810402e-08,2.9586851513848483e-07,0.10537849073129062,0.1053784907312906,4.163336342344337e-17,2.3978715353799035e-17,3.950840739369305e-16,7.394514361935833e-09,2.96790123033297e-08,2.8164198490119194e-07,0.0,5.551115123125783e-17,1.6653345369377348e-16,2.7755575615628914e-17
8,442,2,446,1,5,0.006892649404799172,0.006892637490594707,1.5921565349116817e-08,1.1376636510736564e-08,2.3099340201506616e-06,0.0068926079720953454,0.006892607972095358,1.3010426069826053e-17,1.0757491213924563e-17,1.8875911879071912e-15,4.143270382686581e-08,3.675344138152079e-08,6.0111433780481135e-06,0.0,1.1102230246251565e-16,1.3877787807814457e-16,5.551115123125783e-17
8,444,0,445,1,5,0.0821810179780863,0.08218101103157135,2.0988379104136534e-08,8.213756514857608e-09,2.553920554955053e-07,0.08218101240955264,0.08218101240955264,1.3877787807814457e-17,8.808929358044601e-18,1.688685427560067e-16,1.7514197106494045e-08,3.4741819837647014e-09,2.1311730539969988e-07,0.0,2.7755575615628914e-17,1.3877787807814457e-16,0.0
8,444,2,460,1,5,0.07869427570441974,0.07869427162263835,4.081781385112393e-09,1.993622475536578e-09,5.186884749335263e-08,0.07869426804713832,0.07869426804713833,1.3877787807814457e-17,9.577093645457362e-18,1.7635068159604177e-16,1.9466170342319344e-08,1.9752380356341526e-08,2.5100148873003944e-07,0.0,2.7755575615628914e-17,5.897706789843556e-17,2.7755575615628914e-17
8,445,0,446,2,5,0.08218101103157133,0.08218101797808637,2.0988379173525473e-08,8.213756524635497e-09,2.5539205633984773e-07,0.08218101240955264,0.08218101240955264,1.3877787807814457e-17,1.0043518892542782e-17,1.688685427560067e-16,3.4741819976424893e-09,1.7514197175882984e-08,2.1311730624404236e-07,0.0,2.7755575615628914e-17,1.1102230246251565e-16,0.0
8,445,2,447,1,5,0.0011418099333798302,0.0011418083491788345,1.5842010184143746e-09,1.252953833437706e-09,1.38744722050634e-06,0.0011418007708694853,0.0011418007708694853,2.168404344971009e-19,1.0554737608135441e-19,1.8991091968870902e-16,9.16251034505794e-09,7.57830934941181e-09,8.024549513189402e-06,0.0,7.806255641895632e-18,1.1102230246251565e-16,5.551115123125783e-17
8,447,2,462,1,5,0.06302314235262091,0.0630231429120318,1.1114093534381198e-09,5.799790512141699e-10,1.76349401518968e-08,0.06302314288890155,0.06302314288890155,1.3877787807814457e-17,4.7765289832686404e-18,2.202014557141096e-16,4.820337275168729e-09,4.358500532708476e-09,7.648519341374317e-08,0.0,7.806255641895632e-18,4.2933310848780213e-17,2.7755575615628914e-17
8,448,0,449,1,5,0.06979253064645809,0.06979252156717368,1.1312502934401891e-08,5.8424280443045375e-09,1.62087587734949e-07,0.06979247877189657,0.06979247877189654,2.7755575615628914e-17,1.1941322458171601e-17,3.9768720217464593e-16,5.965369265920062e-08,4.834118974561541e-08,8.547288958668529e-07,0.0,7.806255641895632e-18,1.1102230246251565e-16,5.551115123125783e-17
8,449,0,450,2,5,0.08397190770133375,0.0839718584752194,4.922611435143054e-08,2.3596860428628752e-08,5.862212220605376e-07,0.08397189316590982,0.0839718931659098,1.3877787807814457e-17,4.7765289832686404e-18,1.6526705882878012e-16,2.027878737154154e-08,3.4690690403627045e-08,4.131225710271203e-07,0.0,2.7755575615628914e-17,1.1102230246251565e-16,0.0
8,449,2,463,1,5,0.021065906539223384,0.021065852981021774,5.355820160979352e-08,2.301683138069659e-08,2.54241143195388e-06,0.02106589116483918,0.02106589116483918,3.469446951953614e-18,1.1941322458171601e-18,1.6469500031142405e-16,1.5374384203237224e-08,3.81838174065563e-08,1.812588379971232e-06,0.0,2.7755575615628914e-17,1.1102230246251565e-16,0.0
8,450,0,451,1,5,0.06955566339403493,0.0695556080461085,5.5347926436466466e-08,2.9884476793394114e-08,7.957357278431635e-07,0.06955556047663879,0.0695555604766388,2.7755575615628914e-17,1.5052428242252365e-17,3.990417937175707e-16,1.0291739614698425e-07,9.594624644782002e-08,1.4796407815702095e-06,0.0,1.1102230246251565e-16,1.1102230246251565e-16,5.551115123125783e-17
8,451,0,452,2,5,0.10263775275534195,0.10263771235138673,4.0403955223200505e-08,2.0328780284964762e-08,3.9365588332308466e-07,0.10263773368800905,0.10263773368800905,2.7755575615628914e-17,2.1203286335313786e-17,2.704227248430714e-16,1.9067332907019008e-08,2.1336622316181497e-08,2.0788278916279172e-07,0.0,1.1102230246251565e-16,1.1102230246251565e-16,2.7755575615628914e-17
8,451,2,465,1,5,0.04264644474858783,0.042646316360046406,1.2838854142327438e-07,5.876271181169704e-08,3.01053328548626e-06,0.042646380552299565,0.042646380552299565,3.469446951953614e-18,1.1941322458171601e-18,8.135384309340961e-17,6.419628826442869e-08,6.419225315884569e-08,1.5053139515587511e-06,0.0,2.7755575615628914e-17,1.1102230246251565e-16,2.7755575615628914e-17
8,452,0,453,1,5,0.06532131876402081,0.06532117065793216,1.481060886432406e-07,7.487157013080795e-08,2.267346885299228e-06,0.06532117506874453,0.06532117506874453,1.3877787807814457e-17,5.859846007999496e-18,2.1245465644500977e-16,1.4369527627511314e-07,1.2717783412496964e-07,2.1998220335113774e-06,0.0,1.1102230246251565e-16,2.220446049250313e-16,2.7755575615628914e-17
8,453,0,454,2,5,0.125687378675548,0.12568740614671461,2.7471166619275067e-08,1.5100453024571336e-08,2.1856737648963842e-07,0.12568737228083715,0.12568737228083715,2.7755575615628914e-17,1.660186658973676e-17,2.2083026410649727e-16,2.806505265684489e-08,3.386587746345704e-08,2.694452730126794e-07,0.0,1.1102230246251565e-16,2.220446049250313e-16,0.0
8,453,2,467,1,5,0.07115965782959073,0.07115948367252041,1.741570703206463e-07,7.833183031399139e-08,2.4474129813511494e-06,0.0711594959334876,0.0711594959334876,2.0816681711721685e-17,1.246985030804343e-17,2.9253554200522903e-16,1.6189610313466218e-07,1.21711734690777e-07,2.2751107589972135e-06,0.0,5.551115123125783e-17,1.1102230246251565e-16,5.551115123125783e-17
8,454,0,455,1,5,0.05985984339328913,0.05985968904051278,1.5435277635200695e-07,6.809276800214611e-08,2.5785696654413797e-06,0.059859735871278734,0.05985973587127872,1.3877787807814457e-17,7.717244532453508e-18,2.3183844041104684e-16,1.0752201039937459e-07,7.664921066602437e-08,1.7962293969420717e-06,0.0,1.1102230246251565e-16,3.3306690738754696e-16,2.7755575615628914e-17
8,455,0,456,2,5,0.1448944119256315,0.14489447956935333,6.764372184608902e-08,4.42935864667383e-08,4.668481645894007e-07,0.1448944087989082,0.1448944087989082,5.551115123125783e-17,2.7155924418174118e-17,3.8311451553868457e-16,8.757603636722067e-08,7.077044514303132e-08,6.044125119708418e-07,0.0,1.1102230246251565e-16,2.220446049250313e-16,2.7755575615628914e-17
8,455,2,469,1,5,0.09353079122050266,0.0935307002852713,1.3974056647936273e-07,6.587123741452123e-08,1.4940594926639574e-06,0.09353062900858179,0.09353062900858182,4.163336342344337e-17,2.6276117563370344e-17,4.451307968817716e-16,2.0368729110320505e-07,7.127668948114785e-08,2.1777565275055136e-06,0.0,1.1102230246251565e-16,1.6653345369377348e-16,1.1102230246251565e-16
8,456,0,457,1,5,0.058338661200166994,0.05833861346524674,4.773492025267334e-08,2.0014010132967086e-08,8.182381849471839e-07,0.05833862789576981,0.05833862789576981,1.3877787807814457e-17,1.0601643167656893e-17,2.378833426217888e-16,3.3304397184519274e-08,1.4430523068154066e-08,5.708803818834283e-07,0.0,1.1102230246251565e-16,1.1102230246251565e-16,0.0
8,457,0,458,2,5,0.15009202542055256,0.15009201417288584,3.034323386996718e-08,1.9921317487677094e-08,2.021641974978118e-07,0.15009204852490335,0.15009204852490335,5.551115123125783e-17,2.878723931740601e-17,3.6984738216859895e-16,7.627592729653188e-08,4.832034264379281e-08,5.081943250569742e-07,0.0,1.1102230246251565e-16,2.220446049250313e-16,2.7755575615628914e-17
8,457,2,471,1,5,0.09587428808746437,0.09587426390041844,1.5206144561574764e-07,6.671091205991102e-08,1.5860503232840149e-06,0.09587423735801366,0.09587423735801362,4.163336342344337e-17,1.6560270399902974e-17,4.342497481150857e-16,1.0236134447005885e-07,5.797715958710814e-08,1.0676621074534233e-06,0.0,5.551115123125783e-17,1.1102230246251565e-16,5.551115123125783e-17
8,458,0,459,1,5,0.06084030435532471,0.06084030075560031,2.407671876453188e-08,1.0277900894978214e-08,3.957363300472164e-07,0.06084029999050715,0.06084029999050715,2.7755575615628914e-17,1.3861211644617696e-17,4.562037928800415e-16,1.126707783322134e-08,1.2809640903554964e-08,2.105453126720572e-07,0.0,1.1102230246251565e-16,1.1102230246251565e-16,2.7755575615628914e-17
8,459,0,460,2,5,0.141580139282551,0.14158014398002383,5.6942645321189644e-09,3.2968236664002057e-09,4.021937237839222e-08,0.14158015285542944,0.1415801528554295,5.551115123125783e-17,3.712290224803401e-17,3.920828598620136e-16,2.9640987109225136e-08,2.927957512555146e-08,2.093583493972646e-07,0.0,1.1102230246251565e-16,2.220446049250313e-16,5.551115123125783e-17
8,459,2,473,1,5,0.08167412510375809,0.08167413067036187,4.8352989695521487e-08,2.082611499707564e-08,5.920233163016444e-07,0.0816741341074487,0.08167413410744868,1.3877787807814457e-17,1.1739292445957246e-17,1.699165587670283e-16,1.755882754472804e-08,3.0794162164671235e-08,3.770368979260816e-07,0.0,2.7755575615628914e-17,1.3877787807814457e-16,2.7755575615628914e-17
8,460,0,461,1,5,0.06308936441704822,0.06308936742346294,8.920357667807632e-09,4.257514719711256e-09,1.413924094044752e-07,0.06308936798007464,0.06308936798007464,1.3877787807814457e-17,7.77726266683954e-18,2.1997030961219082e-16,3.822685813725801e-09,5.097671861020725e-09,8.080080723951316e-08,0.0,2.7755575615628914e-17,1.1102230246251565e-16,0.0
8,461,0,462,2,5,0.12629677984286916,0.12629677742505155,2.741943533335345e-09,2.538284159933253e-09,2.1710320221518756e-08,0.12629677667993108,0.12629677667993108,4.163336342344337e-17,1.5104710896937204e-17,3.296470782382131e-16,5.545912590276814e-09,7.779131130924988e-09,6.15940575888262e-08,0.0,7.806255641895632e-18,1.1102230246251565e-16,5.551115123125783e-17
8,461,2,475,1,5,0.06308936742346295,0.06308936441704824,8.920357667807632e-09,4.257514725128469e-09,1.4139240940447517e-07,0.06308936798007463,0.06308936798007461,1.3877787807814457e-17,7.196809829351503e-18,2.1997030961219087e-16,5.097671930409664e-09,3.822685744336862e-09,8.080080833936473e-08,0.0,2.7755575615628914e-17,1.1102230246251565e-16,0.0
8,463,0,464,1,5,0.08601793311397422,0.08601793142106974,6.104219103797437e-08,3.284718629113629e-08,7.096449406322416e-07,0.08601786511581029,0.08601786511581028,4.163336342344337e-17,2.299757651537806e-17,4.840083320760196e-16,1.0120025663307164e-07,6.630525946349497e-08,1.1765018405985268e-06,0.0,1.1102230246251565e-16,1.1102230246251565e-16,5.551115123125783e-17
8,464,0,465,2,5,0.12225435597863507,0.12225427594308347,8.00355516028528e-08,4.5670520707101905e-08,6.546642118571191e-07,0.12225430934117436,0.12225430934117436,4.163336342344337e-17,2.5591334735987345e-17,3.405472056388409e-16,4.663746071276176e-08,5.864770420693777e-08,4.797187285268341e-07,0.0,2.7755575615628914e-17,2.220446049250313e-16,2.7755575615628914e-17
8,464,2,476,1,5,0.041797451999741664,0.04179740799606198,4.400367968615537e-08,1.7188920613505355e-08,1.0527837841987914e-06,0.04179743369750191,0.0417974336975019,1.3877787807814457e-17,5.3403217515433176e-18,3.320248776097439e-16,1.830223975152201e-08,2.5701439920755575e-08,6.149044664472473e-07,0.0,1.1102230246251565e-16,1.6653345369377348e-16,2.7755575615628914e-17
8,465,0,466,1,5,0.08873584629346117,0.08873578542762417,8.933313178083324e-08,4.2138512663490795e-08,1.0067310507796e-06,0.08873570269064561,0.08873570269064558,2.7755575615628914e-17,1.466111924052494e-17,3.1278926941494617e-16,1.7677731112275552e-07,8.744417935580007e-08,1.992174735541819e-06,0.0,1.1102230246251565e-16,2.220446049250313e-16,5.551115123125783e-17
8,466,0,467,2,5,0.14859363659981947,0.14859359022413338,4.637568609688891e-08,2.9647634973966113e-08,3.120973896196121e-07,0.14859356189090617,0.14859356189090614,5.551115123125783e-17,3.2370251416163967e-17,3.735770952984678e-16,7.470891330574325e-08,7.405706378693644e-08,5.027733018402621e-07,0.0,5.551115123125783e-17,1.6653345369377348e-16,5.551115123125783e-17
8,466,2,478,1,5,0.06725780963180185,0.06725770611259582,1.0351920602669207e-07,4.281228035734434e-08,1.539140310893273e-06,0.06725772510061832,0.06725772510061834,1.3877787807814457e-17,8.30093329486838e-18,2.0633745472439224e-16,8.453118352513833e-08,3.477082589908864e-08,1.2568233189260601e-06,0.0,5.551115123125783e-17,2.220446049250313e-16,5.551115123125783e-17
8,467,0,468,1,5,0.08677363482689243,0.08677348635895907,1.484679333640937e-07,6.790664278738976e-08,1.710979765458451e-06,0.08677344931601202,0.086773449316012,2.7755575615628914e-17,1.4361638991275507e-17,3.198625366907855e-16,1.8551088040719144e-07,9.725159197393474e-08,2.137871494922083e-06,0.0,1.1102230246251565e-16,1.1102230246251565e-16,5.551115123125783e-17
8,468,0,469,2,5,0.17062447811175688,0.17062447750678722,1.4058500308333777e-08,8.572241881269105e-09,8.239439301977315e-08,0.17062457831112854,0.1706245783111285,8.326672684688674e-17,5.5045458415479127e-17,4.880113268034133e-16,1.0019937166094728e-07,1.0080434129089433e-07,5.907961343475428e-07,0.0,1.1102230246251565e-16,1.6653345369377348e-16,5.551115123125783e-17
8,468,2,480,1,5,0.09065589316980449,0.09065575657526677,1.3659453772241203e-07,7.696844589524408e-08,1.5067364398093947e-06,0.09065573764471806,0.09065573764471804,4.163336342344337e-17,2.509503531229897e-17,4.592468662778465e-16,1.604603364624424e-07,5.2849029721913077e-08,1.7699934428078445e-06,0.0,1.1102230246251565e-16,1.1102230246251565e-16,1.1102230246251565e-16
8,469,0,470,1,5,0.08311496196276363,0.08311485518726246,1.0677550117688117e-07,5.724216692730678e-08,1.284672442306088e-06,0.08311484943234562,0.0831148494323456,4.163336342344337e-17,2.7522729207739563e-17,5.009136599270672e-16,1.1253041801162489e-07,3.5809027368327584e-08,1.3539128858897835e-06,0.0,1.1102230246251565e-16,3.3306690738754696e-16,5.551115123125783e-17
8,470,0,471,2,5,0.1763580839250925,0.17635811339474328,3.630408076937819e-08,2.096814426485584e-08,2.0585432714466942e-07,0.17635818565219877,0.17635818565219877,5.551115123125783e-17,3.758825405354379e-17,3.147636783967205e-16,1.01727106266436e-07,8.09851952443541e-08,5.768210071465299e-07,0.0,1.1102230246251565e-16,2.220446049250313e-16,5.551115123125783e-17
8,470,2,482,1,5,0.09595922656819407,0.0959592792626645,1.6673793447330443e-07,8.511966030621557e-08,1.7375905254238215e-06,0.09595931298204806,0.09595931298204806,5.551115123125783e-17,2.392111939118835e-17,5.784863345326657e-16,1.0162748413644618e-07,9.658916881594148e-08,1.0590684841132462e-06,0.0,1.1102230246251565e-16,1.1102230246251565e-16,1.1102230246251565e-16
8,471,0,472,1,5,0.081884246987189,0.08188427635694182,6.142020132771098e-08,3.62778809624956e-08,7.500854139563269e-07,0.08188428739898926,0.08188428739898924,2.7755575615628914e-17,1.5434489064907016e-17,3.3896094717643614e-16,4.7321249585507985e-08,3.1936590372261264e-08,5.77903906703499e-07,0.0,5.551115123125783e-17,1.1102230246251565e-16,5.551115123125783e-17
8,472,0,473,2,5,0.16360024425991354,0.16360022988377568,2.8467294632683604e-08,2.2666433072274504e-08,1.7400520861972122e-07,0.16360021052648477,0.16360021052648477,5.551115123125783e-17,3.587267699524343e-17,3.3930977871370947e-16,4.212515242185688e-08,3.3174495428500705e-08,2.574883222969532e-07,0.0,1.1102230246251565e-16,2.220446049250313e-16,5.551115123125783e-17
8,472,2,484,1,5,0.08188427635694179,0.08188424698718905,6.142020131383319e-08,3.627788098973422e-08,7.500854137868468e-07,0.08188428739898926,0.08188428739898924,1.3877787807814457e-17,8.30093329486838e-18,1.6948047358821807e-16,3.1936590372261264e-08,4.7321249710408075e-08,5.779039082288232e-07,0.0,1.1102230246251565e-16,1.1102230246251565e-16,5.551115123125783e-17
8,473,0,474,1,5,0.08167413067036187,0.0816741251037581,4.8352989695521487e-08,2.0826114975602633e-08,5.920233163016444e-07,0.0816741341074487,0.0816741341074487,2.7755575615628914e-17,1.3861211644617696e-17,3.398331175340566e-16,3.079416219242681e-08,1.7558827530850252e-08,3.7703689826591473e-07,0.0,2.7755575615628914e-17,1.3877787807814457e-16,2.7755575615628914e-17
8,474,0,475,2,5,0.1415801392825511,0.1415801439800239,5.69426455987454e-09,3.2968236565672682e-09,4.021937257443365e-08,0.1415801528554295,0.14158015285542944,5.551115123125783e-17,3.033094235314208e-17,3.920828598620136e-16,2.964098708146956e-08,2.9279575014529158e-08,2.0935834920122317e-07,0.0,1.1102230246251565e-16,2.220446049250313e-16,5.551115123125783e-17
8,474,2,486,1,5,0.06084030075560032,0.060840304355324726,2.4076718806165243e-08,1.0277900927269998e-08,3.95736330731522e-07,0.06084029999050715,0.06084029999050714,6.938893903907228e-18,3.377516034603341e-18,1.1405094822001038e-16,1.2809640959066115e-08,1.1267077854038021e-08,2.1054531358446465e-07,0.0,5.551115123125783e-17,1.1102230246251565e-16,2.7755575615628914e-17
8,476,0,477,1,5,0.09526002916654155,0.09526003097458242,1.3033300384768243e-07,6.116871256181112e-08,1.3681814136976114e-06,0.09525998007267551,0.09525998007267553,4.163336342344337e-17,2.0919550881140998e-17,4.3704988591936024e-16,1.0540883595144823e-07,5.09019068978267e-08,1.1065379138872392e-06,0.0,1.1102230246251565e-16,2.220446049250313e-16,2.7755575615628914e-17
8,477,0,478,2,5,0.15938941980964827,0.15938942855774466,3.741618528896318e-08,2.379149229381192e-08,2.347469692785039e-07,0.15938947608157608,0.15938947608157605,2.7755575615628914e-17,2.1447215017685024e-17,1.7413681441190958e-16,6.063234386788352e-08,9.516932991671112e-08,5.970866600251772e-07,0.0,5.551115123125783e-17,1.1102230246251565e-16,5.551115123125783e-17
8,477,2,487,1,5,0.06734876521030132,0.06734874494654748,3.902575026332178e-08,1.891839896731549e-08,5.794575467190985e-07,0.06734874438506734,0.06734874438506734,2.0816681711721685e-17,9.870386516031736e-18,3.0908789617074417e-16,2.4907999919554502e-08,1.4191410116493053e-08,3.698360295363619e-07,0.0,1.1102230246251565e-16,2.220446049250313e-16,0.0
8,478,0,479,1,5,0.09768564075493165,0.09768557489499823,1.8477201431388313e-07,8.281861702240437e-08,1.8914961593734024e-06,0.09768553912016285,0.09768553912016284,1.3877787807814457e-17,1.2103831211681469e-17,1.4206593865181426e-16,1.5753669035944995e-07,7.337042086386081e-08,1.612690351846791e-06,0.0,1.1102230246251565e-16,1.1102230246251565e-16,5.551115123125783e-17
8,479,0,480,2,5,0.18374798146392562,0.18374795762678414,3.0143396917425846e-08,1.735410941627103e-08,1.640474996093699e-07,0.183748094981375,0.18374809498137498,8.326672684688674e-17,4.484884182138016e-17,4.531569530303255e-16,1.1351744938492558e-07,1.373545908400775e-07,7.475157271916206e-07,0.0,1.1102230246251565e-16,1.6653345369377348e-16,1.1102230246251565e-16
8,479,2,489,1,5,0.08815439391189295,0.08815444613239805,9.905153930400701e-08,6.050567000125793e-08,1.1236136536464962e-06,0.0881544683780588,0.0881544683780588,4.163336342344337e-17,1.9936655948501828e-17,4.722774033971226e-16,8.078982699499804e-08,5.751532368425405e-08,9.164575373368845e-07,0.0,1.1102230246251565e-16,2.220446049250313e-16,5.551115123125783e-17
8,480,0,481,1,5,0.09604436674594188,0.09604443955892188,1.6605160824134657e-07,9.369297916683458e-08,1.7289039220170191e-06,0.09604448021688161,0.09604448021688161,2.7755575615628914e-17,1.627140090723812e-17,2.8898668151415904e-16,1.179549026092408e-07,1.0449708263970958e-07,1.2281278668267292e-06,0.0,1.1102230246251565e-16,1.1102230246251565e-16,5.551115123125783e-17
8,481,0,482,2,5,0.19163546393229794,0.19163545709120786,2.6666071989422946e-08,1.7975490576470303e-08,1.3914998530148724e-07,0.19163535529594294,0.19163535529594294,1.1102230246251565e-16,5.494512848111396e-17,5.793414388021649e-16,1.4515504243028943e-07,1.279711579205145e-07,7.574539672968392e-07,0.0,1.1102230246251565e-16,2.220446049250313e-16,5.551115123125783e-17
8,481,2,491,1,5,0.09604443955892188,0.09604436674594197,1.6605160815807984e-07,9.369297918099091e-08,1.7289039211500587e-06,0.09604448021688161,0.09604448021688163,1.3877787807814457e-17,8.30093329486838e-18,1.444933407570795e-16,1.0449708266746516e-07,1.1795490248434071e-07,1.2281278655262888e-06,0.0,1.1102230246251565e-16,1.1102230246251565e-16,5.551115123125783e-17
8,482,0,483,1,5,0.09595927926266445,0.09595922656819406,1.6673793443167106e-07,8.511966031898123e-08,1.7375905249899575e-06,0.09595931298204803,0.09595931298204805,6.938893903907228e-17,3.697573566991085e-17,7.231079181658322e-16,9.658916882981927e-08,1.0162748409481281e-07,1.0590684836793815e-06,0.0,1.1102230246251565e-16,2.220446049250313e-16,1.1102230246251565e-16
8,483,0,484,2,5,0.17635808392509258,0.1763581133947433,3.6304080797133764e-08,2.0968144256237183e-08,2.058543273020513e-07,0.17635818565219877,0.17635818565219874,5.551115123125783e-17,3.712290224803401e-17,3.147636783967205e-16,1.0172710618316927e-07,8.09851950223095e-08,5.768210066743844e-07,0.0,1.1102230246251565e-16,1.1102230246251565e-16,5.551115123125783e-17
8,483,2,493,1,5,0.0831148551872624,0.08311496196276373,1.0677550132953684e-07,5.7242166971980475e-08,1.2846724441427676e-06,0.08311484943234561,0.0831148494323456,2.7755575615628914e-17,2.0647138206237214e-17,3.339424399513782e-16,3.580902738220537e-08,1.1253041813652498e-07,1.3539128873925207e-06,0.0,1.1102230246251565e-16,1.1102230246251565e-16,5.551115123125783e-17
8,484,0,485,1,5,0.09587426390041841,0.09587428808746427,1.5206144550472533e-07,6.671091203360248e-08,1.5860503221260177e-06,0.09587423735801363,0.09587423735801363,2.7755575615628914e-17,1.688885222554393e-17,2.8949983207672386e-16,5.7977159614863716e-08,1.0236134440066991e-07,1.0676621067296752e-06,0.0,5.551115123125783e-17,1.942890293094024e-16,5.551115123125783e-17
8,485,0,486,2,5,0.15009202542055267,0.15009201417288592,3.03432337311893e-08,1.9921317482551555e-08,2.0216419657319308e-07,0.15009204852490335,0.15009204852490335,2.7755575615628914e-17,1.9154187290914724e-17,1.8492369108429948e-16,7.627592729653188e-08,4.832034233848148e-08,5.081943250569742e-07,0.0,1.1102230246251565e-16,1.1102230246251565e-16,2.7755575615628914e-17
8,485,2,495,1,5,0.05833861346524673,0.0583386612001671,4.773492037063454e-08,2.0014010172695982e-08,8.182381869691897e-07,0.05833862789576982,0.05833862789576981,1.3877787807814457e-17,5.3403217515433176e-18,2.3788334262178876e-16,1.4430523095909642e-08,3.330439728860268e-08,5.708803836675513e-07,0.0,1.1102230246251565e-16,2.220446049250313e-16,0.0
8,487,0,488,1,5,0.0879103977275744,0.08791041099372157,8.670905450591793e-08,3.880565607872765e-08,9.863343092789153e-07,0.0879104203250802,0.08791042032508019,2.7755575615628914e-17,1.8189661562334544e-17,3.157256615654066e-16,3.6751565235526584e-08,4.995748928426913e-08,5.682772201467522e-07,0.0,1.1102230246251565e-16,3.3306690738754696e-16,2.7755575615628914e-17
8,488,0,489,2,5,0.175964426373179,0.17596444490793087,4.880533524542763e-08,3.5714926480160845e-08,2.7735907257266565e-07,0.1759643849980197,0.1759643849980197,1.1102230246251565e-16,5.836164413878731e-17,6.309362116871837e-16,4.388105442898471e-08,7.968276391490114e-08,4.5283445730524265e-07,0.0,1.1102230246251565e-16,1.3877787807814457e-16,1.1102230246251565e-16
8,488,2,496,1,5,0.08791041099372157,0.0879103977275744,8.670905456142908e-08,3.8805656099681266e-08,9.863343099103667e-07,0.0879104203250802,0.08791042032508022,4.163336342344337e-17,2.6249855916910178e-17,4.735884923481098e-16,4.9957489312024705e-08,3.6751565291037736e-08,5.682772204624778e-07,0.0,1.1102230246251565e-16,2.220446049250313e-16,2.7755575615628914e-17
8,489,0,490,1,5,0.08815444613239808,0.08815439391189295,9.905153929012922e-08,6.05056699962153e-08,1.12361365348907e-06,0.0881544683780588,0.0881544683780588,2.7755575615628914e-17,1.466111924052494e-17,3.148516022647484e-16,5.7515323767520776e-08,8.07898269256091e-08,9.164575365497556e-07,0.0,1.1102230246251565e-16,2.220446049250313e-16,5.551115123125783e-17
8,490,0,491,2,5,0.1837479814639258,0.18374795762678411,3.0143396806403544e-08,1.7354109487568608e-08,1.640474990051601e-07,0.18374809498137498,0.18374809498137498,1.1102230246251565e-16,4.272257401234654e-17,6.042092707071007e-16,1.1351744919063655e-07,1.3735459086783308e-07,7.47515727342673e-07,0.0,1.1102230246251565e-16,1.1102230246251565e-16,1.1102230246251565e-16
8,490,2,498,1,5,0.09768557489499821,0.09768564075493165,1.8477201425837197e-07,8.281861697423761e-08,1.8914961588051392e-06,0.09768553912016285,0.09768553912016284,4.163336342344337e-17,2.1457931824774084e-17,4.2619781595544274e-16,7.337042089161638e-08,1.575366903039388e-07,1.6126903512785278e-06,0.0,1.1102230246251565e-16,2.220446049250313e-16,5.551115123125783e-17
8,491,0,492,1,5,0.09065575657526671,0.09065589316980445,1.3659453773628982e-07,7.696844587171925e-08,1.5067364399624775e-06,0.09065573764471807,0.09065573764471807,2.7755575615628914e-17,2.057921579676464e-17,3.061645775185643e-16,5.2849029735790864e-08,1.6046033636529788e-07,1.7699934417362711e-06,0.0,1.1102230246251565e-16,1.6653345369377348e-16,1.1102230246251565e-16
8,492,0,493,2,5,0.17062447811175696,0.17062447750678716,1.4058500141800323e-08,8.572241832952422e-09,8.239439204374988e-08,0.1706245783111285,0.17062457831112854,1.1102230246251565e-16,4.055287563100475e-17,6.506817690712178e-16,1.0019937154992498e-07,1.0080434137416106e-07,5.907961348355541e-07,0.0,1.1102230246251565e-16,1.6653345369377348e-16,5.551115123125783e-17
8,492,2,500,1,5,0.08677348635895901,0.08677363482689246,1.4846793344736042e-07,6.790664280574106e-08,1.710979766418036e-06,0.08677344931601201,0.086773449316012,1.3877787807814457e-17,8.30093329486838e-18,1.5993126834539278e-16,9.72515919045458e-08,1.855108804627026e-07,2.137871495561806e-06,0.0,1.1102230246251565e-16,2.220446049250313e-16,5.551115123125783e-17
8,493,0,494,1,5,0.09353070028527127,0.0935307912205026,1.3974056636834042e-07,6.587123735144202e-08,1.494059491476945e-06,0.09353062900858179,0.0935306290085818,5.551115123125783e-17,3.461050518559701e-17,5.935077291756955e-16,7.127668948114785e-08,2.0368729107544947e-07,2.1777565272087615e-06,0.0,1.1102230246251565e-16,1.1102230246251565e-16,1.1102230246251565e-16
8,494,0,495,2,5,0.14489441192563146,0.14489447956935333,6.76437218738446e-08,4.429358647875194e-08,4.6684816478095785e-07,0.14489440879890825,0.14489440879890825,2.7755575615628914e-17,2.0087037785085565e-17,1.915572577693422e-16,8.757603628395394e-08,7.077044508752017e-08,6.044125113961703e-07,0.0,1.1102230246251565e-16,2.220446049250313e-16,2.7755575615628914e-17
8,494,2,502,1,5,0.05985968904051273,0.05985984339328912,1.5435277638670142e-07,6.809276802511235e-08,2.5785696660209755e-06,0.05985973587127873,0.05985973587127873,6.938893903907228e-18,2.3882644916343202e-18,1.1591922020552342e-16,7.664921065214658e-08,1.075220103924357e-07,1.7962293968261531e-06,0.0,1.1102230246251565e-16,1.1102230246251565e-16,2.7755575615628914e-17
8,496,0,497,1,5,0.06734874494654747,0.06734876521030124,3.902575027026067e-08,1.891839893855461e-08,5.794575468221286e-07,0.06734874438506731,0.06734874438506734,2.7755575615628914e-17,1.6772769048234674e-17,4.1211719489432557e-16,1.4191410088737477e-08,2.4907999926493396e-08,3.6983602963939164e-07,0.0,1.1102230246251565e-16,1.1102230246251565e-16,0.0
8,497,0,498,2,5,0.15938941980964833,0.1593894285577447,3.741618531671875e-08,2.379149230272423e-08,2.347469694526407e-07,0.15938947608157605,0.15938947608157608,2.7755575615628914e-17,1.660186658973676e-17,1.7413681441190958e-16,6.063234386788352e-08,9.516932980568882e-08,5.970866593286299e-07,0.0,5.551115123125783e-17,2.220446049250313e-16,5.551115123125783e-17
8,497,2,503,1,5,0.09526003097458237,0.0952600291665415,1.3033300393094915e-07,6.116871259135702e-08,1.3681814145717115e-06,0.0952599800726755,0.09525998007267551,1.3877787807814457e-17,8.30093329486838e-18,1.4568329530645344e-16,5.090190687007112e-08,1.0540883590981487e-07,1.1065379134501903e-06,0.0,1.1102230246251565e-16,1.6653345369377348e-16,2.7755575615628914e-17
8,498,0,499,1,5,0.06725770611259572,0.06725780963180183,1.035192061099588e-07,4.2812280370744736e-08,1.5391403121312964e-06,0.06725772510061831,0.06725772510061832,1.3877787807814457e-17,1.0813824052113838e-17,2.063374547243923e-16,3.4770825871333066e-08,8.453118351126054e-08,1.2568233187197231e-06,0.0,5.551115123125783e-17,1.6653345369377348e-16,5.551115123125783e-17
8,499,0,500,2,5,0.1485936365998194,0.1485935902241332,4.637568618015564e-08,2.9647634954479038e-08,3.1209739017997767e-07,0.14859356189090614,0.14859356189090614,8.326672684688674e-17,4.1839101762281996e-17,5.603656429477018e-16,7.47089132502321e-08,7.405706373142529e-08,5.027733014666855e-07,0.0,1.1102230246251565e-16,1.6653345369377348e-16,5.551115123125783e-17
8,499,2,505,1,5,0.08873578542762411,0.0887358462934612,8.933313179471103e-08,4.2138512676041276e-08,1.006731050935994e-06,0.08873570269064557,0.08873570269064558,4.163336342344337e-17,2.493970061608686e-17,4.691839041224194e-16,8.744417927253334e-08,1.7677731106724437e-07,1.992174734916241e-06,0.0,1.1102230246251565e-16,1.1102230246251565e-16,5.551115123125783e-17
8,500,0,501,1,5,0.07115948367252038,0.07115965782959068,1.7415707029289074e-07,7.833183033710914e-08,2.4474129809611047e-06,0.0711594959334876,0.0711594959334876,0.0,0.0,0.0,1.217117346977159e-07,1.6189610307915103e-07,2.2751107582171224e-06,0.0,5.551115123125783e-17,1.942890293094024e-16,5.551115123125783e-17
8,501,0,502,2,5,0.12568737867554794,0.12568740614671453,2.747116659151949e-08,1.5100453039084683e-08,2.1856737626880836e-07,0.12568737228083715,0.12568737228083715,2.7755575615628914e-17,1.660186658973676e-17,2.2083026410649727e-16,2.8065052629089315e-08,3.386587738019031e-08,2.6944527235018896e-07,0.0,1.1102230246251565e-16,2.220446049250313e-16,0.0
8,501,2,507,1,5,0.06532117065793212,0.06532131876402082,1.4810608869875175e-07,7.487157013188443e-08,2.2673468861490443e-06,0.06532117506874455,0.06532117506874455,1.3877787807814457e-17,8.485775197262672e-18,2.1245465644500972e-16,1.2717783408333627e-07,1.4369527627511314e-07,2.199822033511377e-06,0.0,1.1102230246251565e-16,1.1102230246251565e-16,2.7755575615628914e-17
8,503,0,504,1,5,0.04179740799606198,0.041797451999741615,4.4003679637583115e-08,1.718892058554788e-08,1.0527837830367062e-06,0.0417974336975019,0.0417974336975019,1.3877787807814457e-17,5.859846007999496e-18,3.32024877609744e-16,2.5701439920755575e-08,1.830223971682754e-08,6.149044664472479e-07,0.0,1.1102230246251565e-16,2.220446049250313e-16,2.7755575615628914e-17
8,504,0,505,2,5,0.12225435597863507,0.12225427594308329,8.003555178326405e-08,4.5670520701876744e-08,6.546642133328231e-07,0.12225430934117436,0.12225430934117436,4.163336342344337e-17,2.0602550603750668e-17,3.405472056388409e-16,4.663746071276176e-08,5.8647704040404314e-08,4.797187271646457e-07,0.0,2.7755575615628914e-17,1.942890293094024e-16,2.7755575615628914e-17
8,504,2,508,1,5,0.08601793142106968,0.08601793311397421,6.104219109348552e-08,3.28471863052826e-08,7.096449412775856e-07,0.08601786511581028,0.08601786511581028,4.163336342344337e-17,2.0875545126805518e-17,4.840083320760197e-16,6.630525940798382e-08,1.0120025660531606e-07,1.176501840275855e-06,0.0,1.1102230246251565e-16,1.1102230246251565e-16,5.551115123125783e-17
8,505,0,506,1,5,0.0426463163600464,0.04264644474858782,1.2838854142327438e-07,5.876271179792779e-08,3.0105332854862606e-06,0.042646380552299586,0.04264638055229957,2.0816681711721685e-17,1.596940329674568e-17,4.881230585604575e-16,6.419225318660127e-08,6.41962882505509e-08,1.5053139512333363e-06,0.0,2.7755575615628914e-17,1.6653345369377348e-16,2.7755575615628914e-17
8,506,0,507,2,5,0.10263775275534197,0.10263771235138669,4.0403955278711656e-08,2.0328780289821954e-08,3.9365588386392997e-07,0.10263773368800905,0.10263773368800905,4.163336342344337e-17,2.0919550881140998e-17,4.0563408726460716e-16,1.9067332920896796e-08,2.133662235781486e-08,2.0788278956842572e-07,0.0,5.551115123125783e-17,1.6653345369377348e-16,2.7755575615628914e-17
8,506,2,510,1,5,0.06955560804610847,0.06955566339403493,5.534792646422204e-08,2.988447680026062e-08,7.957357282422046e-07,0.06955556047663876,0.0695555604766388,4.163336342344337e-17,2.1201035025867186e-17,5.985626905763561e-16,9.594624642700333e-08,1.0291739613310646e-07,1.4796407813706887e-06,0.0,1.1102230246251565e-16,1.3877787807814457e-16,5.551115123125783e-17
8,508,0,509,1,5,0.021065852981021718,0.02106590653922337,5.3558201651426884e-08,2.3016831396086846e-08,2.54241143393022e-06,0.02106589116483919,0.02106589116483918,1.0408340855860843e-17,7.462705370040912e-18,4.94085000934272e-16,3.818381747247579e-08,1.5374384189359436e-08,1.812588383100436e-06,0.0,2.7755575615628914e-17,1.3877787807814457e-16,0.0
8,509,0,510,2,5,0.08397190770133374,0.08397185847521933,4.922611440694169e-08,2.359686044385249e-08,5.862212227216058e-07,0.0839718931659098,0.08397189316590982,1.3877787807814457e-17,1.0723607508842512e-17,1.6526705882878012e-16,2.0278787399297116e-08,3.469069048689377e-08,4.1312257201872255e-07,0.0,2.7755575615628914e-17,1.1102230246251565e-16,0.0
8,509,2,511,1,5,0.06979252156717371,0.06979253064645807,1.131250296909636e-08,5.842428038895284e-09,1.6208758823205765e-07,0.06979247877189657,0.06979247877189654,2.7755575615628914e-17,1.3510064138413364e-17,3.9768720217464593e-16,4.834118965540979e-08,5.965369265226173e-08,8.547288957674314e-07,0.0,7.806255641895632e-18,1.1102230246251565e-16,5.551115123125783e-17
