ndivs,state,element,face,neighbor_element,neighbor_face,n_face_points,max_abs_aM,max_abs_aP,max_abs_metric_mismatch,relative_metric_mismatch,weighted_l2_metric_mismatch,R_geo_face,I_direct_face,interface_formula_error
8,polynomial,0,0,1,1,5,0.07093433899563689,0.07093433150055356,9.728301941791528e-09,1.371451694557964e-07,4.74351372157439e-09,1.991750465046562e-09,1.9917504635673097e-09,1.479252466102561e-18
8,polynomial,0,1,64,2,5,0.008480334017751733,0.008480334479588474,1.1114093257909644e-09,1.3105725115749182e-07,5.799790193829202e-10,-4.324255926182492e-11,-4.32425590281958e-11,2.336291183916759e-19
8,polynomial,0,2,192,1,5,0.062469601849366195,0.062469601849366244,4.85722573273506e-17,7.775342869076308e-16,2.7132639960347637e-17,-1.2880258259281623e-18,-1.4899400862332423e-18,2.0191426030507994e-19
8,polynomial,1,0,2,2,5,0.07016013881991913,0.07016017403681547,7.454658083189125e-08,1.0625198961561024e-06,3.113436889612562e-08,2.48422045660864e-09,2.484220456540459e-09,6.818118917029586e-20
8,polynomial,1,2,15,1,5,0.008024879992413431,0.008024924129667434,7.021449351714976e-08,8.749552317581794e-06,3.142956419797021e-08,-3.4756295580117234e-09,-3.475629558276288e-09,2.645646199383478e-19
8,polynomial,2,0,3,1,5,0.09291057060456888,0.09291058082586881,7.254451581117927e-08,7.807992928936778e-07,4.2298237823176905e-08,3.051289317478803e-09,3.051289316428977e-09,1.0498262005890257e-18
8,polynomial,2,1,79,2,5,0.02453402580953264,0.024534025523322664,4.081781331335965e-09,1.6637226042820898e-07,1.9936224521134993e-09,1.0098698645580918e-11,1.0098698696915677e-11,5.133475934479414e-20
8,polynomial,3,0,4,2,5,0.07239527692392887,0.0723953021590036,7.518186249944048e-08,1.038490900063055e-06,3.0245990792870155e-08,1.4272021914427122e-09,1.4272021910241381e-09,4.1857406946714583e-19
8,polynomial,3,2,17,1,5,0.02786184373360352,0.027861674211998366,1.6952160515268377e-07,6.084364221317763e-06,8.448790889683558e-08,-6.661237211218309e-09,-6.661237211044539e-09,1.737699671820773e-19
8,polynomial,4,0,5,1,5,0.11616428343226931,0.11616433944329277,2.1302408172163556e-07,1.8338164943091353e-06,1.0954655539913088e-07,5.999736105026849e-09,5.999736103501863e-09,1.524986041399699e-18
8,polynomial,4,1,92,2,5,0.048846424089447324,0.0488464173315803,1.2325266585122563e-08,2.5232689628523464e-07,6.6233429820230055e-09,-9.451407491975541e-11,-9.451407513179223e-11,2.1203681573424646e-19
8,polynomial,5,0,6,2,5,0.06333352663439457,0.06333348129397606,4.5340418503014845e-08,7.158991597728556e-07,2.382267381922171e-08,-6.78444042548475e-10,-6.784440415096838e-10,1.038791197627262e-18
8,polynomial,5,2,19,1,5,0.06436501800564033,0.06436480994528333,2.0806035699871828e-07,3.2325067784566746e-06,1.1484005270764508e-07,-1.0426552713672208e-09,-1.0426552708187455e-09,5.4847534004308585e-19
8,polynomial,6,0,7,1,5,0.13017932217352288,0.13017938771279708,2.352235448227491e-07,1.8069185064973678e-06,1.052585118733168e-07,6.487722722736994e-10,6.487722721473048e-10,1.2639454176659803e-19
8,polynomial,6,1,103,2,5,0.07552351952001547,0.07552349875237578,2.356452834945122e-08,3.120157601130609e-07,1.4031159301851415e-08,-1.189392721669437e-09,-1.1893927203918874e-09,1.2775496436103336e-18
8,polynomial,7,0,8,2,5,0.042824170384371835,0.04282407176322698,1.4851449032377007e-07,3.4680062448557937e-06,8.030997226751042e-08,-4.016368345142394e-09,-4.016368345471998e-09,3.296041771421673e-19
8,polynomial,7,2,21,1,5,0.09963599437521856,0.09963596660198994,7.657856368470384e-08,7.685833233752565e-07,3.199205122763771e-08,4.962689085249497e-10,4.96268908496818e-10,2.813168884989249e-20
8,polynomial,8,0,9,1,5,0.12531980747941648,0.12531981379408466,5.4354344039553304e-08,4.3372506225443286e-07,2.156589399580142e-08,-4.479641328203259e-10,-4.479641321979516e-10,6.223743118000779e-19
8,polynomial,8,1,112,2,5,0.09200793094762248,0.09200790738309415,2.3564528328634538e-08,2.5611409892533243e-07,1.4031159310496753e-08,-1.7932635443620397e-10,-1.7932635461828317e-10,1.820792032303256e-19
8,polynomial,9,0,10,2,5,0.02090430846871033,0.02090425426572784,8.269107779415585e-08,3.955695445172379e-06,5.270277945107164e-08,-1.1127431293686986e-09,-1.112743129554446e-09,1.8574754245184513e-19
8,polynomial,9,2,23,1,5,0.11285161500223374,0.11285168876953174,1.8596473233545296e-07,1.6478684046566139e-06,9.476286802761331e-08,-4.449778261010155e-09,-4.44977825768037e-09,3.3297849501495484e-18
8,polynomial,10,0,11,1,5,0.10537850851229416,0.10537849210040742,3.117818285491847e-08,2.958685152701797e-07,1.3421892434774074e-08,-6.306713795949844e-10,-6.306713796164986e-10,2.1514243949468266e-20
8,polynomial,10,1,119,2,5,0.09131302776692121,0.09131301544165461,1.232526659900035e-08,1.3497818329341683e-07,6.623342984441004e-09,-5.014360174272683e-10,-5.014360179346947e-10,5.074263987475653e-19
8,polynomial,11,0,12,2,5,0.006892649404799153,0.006892637490594709,1.592156533610639e-08,2.309934018263088e-06,1.1376636521886923e-08,-1.0764010459544996e-11,-1.0764010434349901e-11,2.519509427775267e-20
8,polynomial,11,2,25,1,5,0.10236099450521605,0.10236102945492655,8.948605348391148e-08,8.742199444498123e-07,3.994303062750251e-08,4.119919182634973e-10,4.119919204355994e-10,2.1721021008030623e-18
8,polynomial,12,0,13,1,5,0.08218101797808627,0.08218101103157138,2.0988379104136534e-08,2.553920554955054e-07,8.213756506474943e-09,-5.617648073288105e-10,-5.617648066464073e-10,6.824032224433574e-19
8,polynomial,12,1,124,2,5,0.07869427570441968,0.07869427162263837,4.081781315723454e-09,5.186884661159935e-08,1.9936224365747763e-09,5.060116948852076e-10,5.060116967187721e-10,1.8335645281416872e-18
8,polynomial,13,0,14,2,5,0.001141809933379867,0.0011418083491788313,1.584201058529855e-09,1.3874472556395334e-06,1.2529538278761474e-09,7.533211915181603e-11,7.533211914557271e-11,6.243313694305901e-21
8,polynomial,13,2,27,1,5,0.08218101103157144,0.0821810179780863,2.0988379159647685e-08,2.5539205617097943e-07,8.213756511363362e-09,1.1315243468630234e-09,1.131524346279697e-09,5.8332632040632315e-19
8,polynomial,14,0,319,0,5,0.06302314235262094,0.06302314291203176,1.111409339560332e-09,1.7634939931695355e-08,5.799789916559034e-10,-4.7123049779423156e-11,-4.712305065636106e-11,8.769379045423534e-19
8,polynomial,14,1,127,2,5,0.0630231423526209,0.06302314291203179,1.1114092979269685e-09,1.763493927109098e-08,5.799790094272701e-10,6.371516765637774e-11,6.371516756170179e-11,9.467595221143126e-20
8,polynomial,15,0,16,1,5,0.06921645327987137,0.06921638642962018,6.685025119579358e-08,9.658144563618386e-07,3.9558297007857224e-08,-3.384004650895574e-09,-3.3840046488338058e-09,2.0617683563037353e-18
8,polynomial,15,2,194,1,5,0.06677710937952716,0.06677710937952717,2.7755575615628914e-17,4.156450597147043e-16,1.8794973595304414e-17,-3.38448066414455e-19,-1.3800796335100955e-18,1.0416315670956406e-18
8,polynomial,16,0,17,2,5,0.0737974832370121,0.07379756964667905,2.1787459490024697e-07,2.9523275081193884e-06,9.869383339760985e-08,-3.112017554437464e-10,-3.112017547596465e-10,6.840998732772803e-19
8,polynomial,16,2,28,1,5,0.015280292576373866,0.015280341888167391,7.158213807248112e-08,4.684590082890229e-06,3.355454439679006e-08,-6.150255446550231e-10,-6.150255447807421e-10,1.257190453988719e-19
8,polynomial,17,0,18,1,5,0.09611948124987457,0.09611941504970006,9.466746916930724e-08,9.84893675437213e-07,4.1726800283879184e-08,-1.2011273286831101e-09,-1.2011273281561684e-09,5.269417607467992e-19
8,polynomial,18,0,19,2,5,0.07134804187094491,0.07134808555149413,2.1567684049816904e-07,3.022881957253196e-06,9.180061169510179e-08,2.6220159519191727e-09,2.6220159517630817e-09,1.560910495402877e-19
8,polynomial,18,2,30,1,5,0.039101652021885994,0.03910149348856539,1.5853332060306036e-07,4.054389326423498e-06,8.350454863582496e-08,-2.0838525453164016e-08,-2.0838525451414953e-08,1.7490634790760264e-18
8,polynomial,19,0,20,1,5,0.12442200480664788,0.12442201448902421,2.971833552717351e-07,2.3885110403669837e-06,1.3078026852805776e-07,2.4096638608187643e-08,2.4096638608297314e-08,1.0967091433473062e-19
8,polynomial,20,0,21,2,5,0.053287012425738675,0.053286913936436045,9.848930263012257e-08,1.8482796866755903e-06,5.303775425864356e-08,-1.4849897886272062e-08,-1.4849897887557052e-08,1.2849903400154013e-18
8,polynomial,20,2,32,1,5,0.08916648519414108,0.0891663765976194,1.0859652167793943e-07,1.2179073947065826e-06,5.87981112802058e-08,-4.85805442584536e-09,-4.858054425853639e-09,8.278423570430701e-21
8,polynomial,21,0,22,1,5,0.13766998982527262,0.13766999053069492,1.410728756590096e-07,1.0247176971190099e-06,5.912816276003148e-08,1.609472143164426e-09,1.6094721413209215e-09,1.8435045507675838e-18
8,polynomial,22,0,23,2,5,0.026736439594026024,0.02673636405171628,1.1241134089626931e-07,4.204424470990013e-06,7.076515061803365e-08,-5.950462286335703e-09,-5.950462286321626e-09,1.4076959664427425e-20
8,polynomial,22,2,34,1,5,0.12534179335143533,0.12534185822447463,1.3873991841495403e-07,1.1068921458503098e-06,7.286571011629056e-08,2.262982330624812e-09,2.262982329785025e-09,8.397868450883358e-19
8,polynomial,23,0,24,1,5,0.12661031163441194,0.12661025124045786,1.1215763431882131e-07,8.858491292769041e-07,5.471337542842784e-08,-2.471989553653702e-11,-2.4719897541351355e-11,2.004814334491257e-18
8,polynomial,24,0,25,2,5,0.007383629622075991,0.007383634956413398,1.2571772413892679e-08,1.702653569428278e-06,9.076827356882602e-09,2.9838933291425346e-10,2.9838933287939695e-10,3.485651213358375e-20
8,polynomial,24,2,36,1,5,0.12661025124045783,0.12661031163441203,1.1215763442984361e-07,8.858491301537856e-07,5.47133754549572e-08,2.377787257690601e-09,2.377787257323539e-09,3.670622240010186e-19
8,polynomial,25,0,26,1,5,0.10236102945492656,0.10236099450521605,8.94860534561559e-08,8.742199441786584e-07,3.9943030614494615e-08,-5.255618897112994e-09,-5.255618894575513e-09,2.5374815809442066e-18
8,polynomial,26,0,27,2,5,0.006892649404799195,0.006892637490594722,1.5921565308350816e-08,2.309934014236237e-06,1.1376636486913812e-08,2.4367770896044447e-09,2.4367770896249923e-09,2.0547580006123484e-20
8,polynomial,26,2,38,1,5,0.10537849210040745,0.10537850851229423,3.117818289655183e-08,2.958685156652635e-07,1.3421892428404287e-08,2.6556883900916976e-10,2.6556883856760126e-10,4.415685014239895e-19
8,polynomial,27,0,318,0,5,0.07869427570441961,0.07869427162263831,4.081781301845666e-09,5.186884643524873e-08,1.993622427777655e-09,4.067899943306102e-12,4.0678991918801956e-12,7.514259063282126e-19
8,polynomial,28,0,29,1,5,0.057019454657785455,0.05701922386061904,2.3079716641311032e-07,4.047691578221666e-06,1.257736265834805e-07,-6.619381675844452e-09,-6.619381675446638e-09,3.978143176339025e-19
8,polynomial,28,2,196,1,5,0.05983831209858221,0.0598383120985822,2.7755575615628914e-17,4.638428899849691e-16,1.8415696707999025e-17,-1.3539933678323962e-18,-1.6525045932488306e-18,2.9851122541643438e-19
8,polynomial,29,0,30,2,5,0.05942072862479416,0.059420812742032356,3.60121802545077e-07,6.060533101566591e-06,1.7113080130333726e-07,5.852722615672127e-09,5.852722616049342e-09,3.7721503883949445e-19
8,polynomial,29,2,39,1,5,0.014013910737036587,0.014013880729408611,8.182551055127552e-08,5.83887767566718e-06,3.4812463428187536e-08,6.125629288282908e-10,6.125629288363191e-10,8.028304832709979e-21
8,polynomial,30,0,31,1,5,0.08545796732234276,0.08545770644306837,2.608792743913346e-07,3.052720332175844e-06,1.1220449180393812e-07,-2.335030735243491e-08,-2.33503073508051e-08,1.6298105045254815e-18
8,polynomial,31,0,32,2,5,0.04539900592320764,0.0453989434723948,2.753344559868788e-07,6.064768388378518e-06,1.1417827271787384e-07,-1.139909114916461e-08,-1.1399091149473738e-08,3.091273210784171e-19
8,polynomial,31,2,41,1,5,0.06156701055123809,0.06156715934807574,1.4879683764984497e-07,2.4168215526821374e-06,6.32751926922595e-08,-4.1556859829006135e-11,-4.1556859512289845e-11,3.1671628960828483e-19
8,polynomial,32,0,33,1,5,0.11472797044251984,0.11472788565601284,1.1145257906852724e-07,9.714508034844597e-07,5.190186641597262e-08,-1.6393825235441937e-09,-1.6393825245776707e-09,1.0334769757819151e-18
8,polynomial,33,0,34,2,5,0.01962810051753365,0.019628045918504516,5.5066777646453624e-08,2.805507216414693e-06,4.6450634882148186e-08,-2.757716527055581e-09,-2.7577165268882225e-09,1.6735849025417877e-19
8,polynomial,33,2,43,1,5,0.11472788565601287,0.11472797044251988,1.1145257905464945e-07,9.714508033634967e-07,5.190186640370207e-08,1.4013595636198754e-09,1.4013595670328642e-09,3.412988773219573e-18
8,polynomial,34,0,35,1,5,0.12534185822447447,0.12534179335143528,1.387399183455651e-07,1.1068921452967139e-06,7.28657101015694e-08,-3.080935499310586e-09,-3.0809355010082435e-09,1.697657512728306e-18
8,polynomial,35,0,36,2,5,0.026736439594025968,0.02673636405171631,1.1241134090255768e-07,4.20442447122522e-06,7.076515061640951e-08,-4.265320189778321e-09,-4.265320189678959e-09,9.936176236048224e-20
8,polynomial,35,2,45,1,5,0.137669990530695,0.13766998982527262,1.410728755618651e-07,1.0247176964133762e-06,5.912816273877465e-08,2.6743373475784292e-09,2.67433734738601e-09,1.9241916768239157e-19
8,polynomial,36,0,37,1,5,0.1128516887695317,0.1128516150022337,1.8596473225218624e-07,1.6478684039187724e-06,9.476286799890795e-08,-2.0618415165062663e-09,-2.06184151645806e-09,4.8206431738365347e-20
8,polynomial,37,0,38,2,5,0.02090430846871029,0.02090425426572785,8.269107788783092e-08,3.955695449653524e-06,5.270277947304431e-08,5.315063705168615e-09,5.3150637045501315e-09,6.184837711865113e-19
8,polynomial,37,2,47,1,5,0.1253198137940847,0.1253198074794165,5.435434394240879e-08,4.3372506147925996e-07,2.156589395823836e-08,-1.405507592879376e-09,-1.405507603992799e-09,1.1113422992556143e-17
8,polynomial,38,0,315,0,5,0.09131302776692117,0.09131301544165457,1.232526659900035e-08,1.3497818329341688e-07,6.623342959085789e-09,-9.66095736879887e-10,-9.660957301509952e-10,6.728891771534103e-18
8,polynomial,39,0,40,1,5,0.03468500986003528,0.03468470699276862,3.028672666618992e-07,8.731935435049956e-06,1.4563343329256245e-07,2.492540706394188e-09,2.492540706867021e-09,4.728329817475617e-19
8,polynomial,39,2,198,1,5,0.03536788838508288,0.035367888385082896,1.3877787807814457e-17,3.923838386028069e-16,8.128028055360444e-18,-2.15830804450879e-19,-8.96742244998438e-19,6.809114405475589e-19
8,polynomial,40,0,41,2,5,0.021368345663211056,0.021368178149416064,1.6751379499149732e-07,7.83934318695988e-06,8.438775782732774e-08,-3.6049154156904964e-09,-3.604915415468457e-09,2.2203926464699667e-19
8,polynomial,40,2,48,1,5,0.034684706992768606,0.03468500986003529,3.028672666827159e-07,8.731935435650118e-06,1.4563343329987465e-07,1.6838517534645904e-08,1.6838517534930454e-08,2.845501307182415e-19
8,polynomial,41,0,42,1,5,0.0615671593480757,0.06156701055123808,1.487968376220894e-07,2.416821552231321e-06,6.32751926792921e-08,-6.544228394610037e-10,-6.544228388830346e-10,5.779690851691235e-19
8,polynomial,42,0,43,2,5,0.04539900592320765,0.04539894347239482,2.753344560410889e-07,6.064768389572599e-06,1.1417827273915267e-07,-4.780440665093075e-09,-4.780440665024069e-09,6.900588824101123e-20
8,polynomial,42,2,50,1,5,0.08545770644306842,0.08545796732234279,2.6087927436357905e-07,3.052720331851057e-06,1.1220449181081421e-07,6.036265564988633e-09,6.0362655650395825e-09,5.0949362649591187e-20
8,polynomial,43,0,44,1,5,0.08916637659761933,0.08916648519414103,1.0859652169181722e-07,1.2179073948622223e-06,5.879811129643702e-08,-1.2346274126676578e-09,-1.234627412682048e-09,1.4390254321431884e-20
8,polynomial,44,0,45,2,5,0.05328701242573869,0.053286913936436094,9.84893025954281e-08,1.8482796860245031e-06,5.303775426931932e-08,2.151859961217728e-09,2.1518599608864707e-09,3.312572975963545e-19
8,polynomial,44,2,52,1,5,0.12442201448902426,0.12442200480664789,2.971833552023462e-07,2.388511039809292e-06,1.3078026849022138e-07,4.227197637862886e-09,4.2271976391089535e-09,1.2460673562917185e-18
8,polynomial,45,0,46,1,5,0.09963596660199,0.09963599437521854,7.657856367082605e-08,7.685833232359717e-07,3.199205119658728e-08,-3.217864731213976e-10,-3.2178647287729733e-10,2.441002749813625e-19
8,polynomial,46,0,47,2,5,0.042824170384371876,0.042824071763227,1.48514490393159e-07,3.4680062464761122e-06,8.03099722925497e-08,4.446126119163457e-09,4.446126118972768e-09,1.9068911943123692e-19
8,polynomial,46,2,54,1,5,0.1301793877127972,0.13017932217352285,2.3522354478111573e-07,1.806918506177551e-06,1.0525851187705557e-07,-1.293469223719105e-08,-1.2934692236189665e-08,1.0013848495566953e-18
8,polynomial,47,0,310,0,5,0.09200793094762244,0.09200790738309408,2.3564528356390113e-08,2.5611409922699755e-07,1.40311592954678e-08,1.6713485261680263e-10,1.6713485123917954e-10,1.3776230914903412e-18
8,polynomial,48,0,49,1,5,0.01401388072940863,0.01401391073703658,8.182551056341858e-08,5.838877676533683e-06,3.481246342977336e-08,1.5444031940898125e-10,1.5444031937954737e-10,2.943387792920409e-20
8,polynomial,48,2,200,1,5,0.0353678883850829,0.03536788838508289,1.3877787807814457e-17,3.9238383860280686e-16,9.224912045388103e-18,-6.02120663881291e-19,-8.842165670226659e-19,2.820959031413749e-19
8,polynomial,49,0,50,2,5,0.05942072862479416,0.0594208127420324,3.601218025485464e-07,6.060533101624974e-06,1.7113080130587164e-07,-7.224544571112487e-10,-7.2245445712916e-10,1.7911355393916985e-20
8,polynomial,49,2,55,1,5,0.057019223860619056,0.05701945465778548,2.307971664269881e-07,4.047691578465051e-06,1.257736265916926e-07,1.2895082459303135e-08,1.2895082459328613e-08,2.5478817227858358e-20
8,polynomial,50,0,51,1,5,0.03910149348856537,0.03910165202188599,1.5853332061693814e-07,4.054389326778414e-06,8.350454864542875e-08,8.146209837033129e-09,8.146209836606767e-09,4.263619749343326e-19
8,polynomial,51,0,52,2,5,0.07134804187094498,0.07134808555149423,2.1567684041490232e-07,3.0228819560861425e-06,9.180061168711194e-08,-7.626562779956779e-09,-7.626562780026929e-09,7.014987902817206e-20
8,polynomial,51,2,57,1,5,0.09611941504970009,0.09611948124987457,9.466746915542945e-08,9.848936752928323e-07,4.172680027697166e-08,-2.6168332147808045e-09,-2.6168332158453297e-09,1.064525200074093e-18
8,polynomial,52,0,53,1,5,0.06436480994528326,0.06436501800564032,2.0806035705422943e-07,3.232506779319118e-06,1.1484005271947256e-07,8.115095614410276e-09,8.115095614315657e-09,9.461953590871573e-20
8,polynomial,53,0,54,2,5,0.06333352663439448,0.06333348129397612,4.534041836423697e-08,7.158991575816336e-07,2.3822673779978586e-08,1.192713228602783e-10,1.192713213724215e-10,1.4878567988343376e-18
8,polynomial,53,2,59,1,5,0.11616433944329274,0.11616428343226944,2.1302408162449105e-07,1.833816493472868e-06,1.0954655536877335e-07,-6.223954659092432e-09,-6.223954657539726e-09,1.5527056909069636e-18
8,polynomial,54,0,303,0,5,0.07552351952001538,0.07552349875237567,2.3564528377206795e-08,3.120157604805703e-07,1.4031159329776573e-08,-5.697095043316311e-11,-5.697095111597051e-11,6.828074035701662e-19
8,polynomial,55,0,56,1,5,0.015280341888167397,0.015280292576373875,7.15821380638075e-08,4.684590082322595e-06,3.355454439757619e-08,2.9248695007415016e-09,2.924869500783929e-09,4.242733438876362e-20
8,polynomial,55,2,202,1,5,0.05983831209858222,0.0598383120985822,4.163336342344337e-17,6.957643349774535e-16,3.059264087868098e-17,2.7455993841093345e-19,6.622468832064746e-19,3.8768694479554116e-19
8,polynomial,56,0,57,2,5,0.07379748323701213,0.0737975696466791,2.178745948724914e-07,2.952327507743282e-06,9.869383340430828e-08,-2.302873185081488e-08,-2.302873185173186e-08,9.169793398517844e-19
8,polynomial,56,2,60,1,5,0.06921638642962019,0.0692164532798714,6.685025120967136e-08,9.658144565623368e-07,3.955829702309114e-08,-4.2687100091832684e-09,-4.268710011180707e-09,1.9974385200654863e-18
8,polynomial,57,0,58,1,5,0.027861674211998325,0.027861843733603505,1.6952160518043935e-07,6.0843642223139525e-06,8.448790891340271e-08,-2.657455759960703e-10,-2.657455762466775e-10,2.506071878724343e-19
8,polynomial,58,0,59,2,5,0.07239527692392884,0.07239530215900368,7.518186244392933e-08,1.0384908992962754e-06,3.024599078653531e-08,-2.2239425516181428e-09,-2.2239425524715946e-09,8.534518688077118e-19
8,polynomial,58,2,62,1,5,0.09291058082586885,0.09291057060456892,7.254451575566812e-08,7.807992922962089e-07,4.2298237801404486e-08,-1.0437633297599419e-08,-1.0437633299577295e-08,1.9778765257592198e-18
8,polynomial,59,0,294,0,5,0.048846424089447296,0.04884641733158032,1.2325266612878139e-08,2.5232689685345605e-07,6.623342994921417e-09,-5.339857550622726e-10,-5.339857557700002e-10,7.077276670893981e-19
8,polynomial,60,0,61,1,5,0.00802492412966746,0.008024879992413435,7.021449352495601e-08,8.749552318554516e-06,3.1429564202904053e-08,1.5660120803995646e-09,1.5660120804890064e-09,8.944179886444005e-20
8,polynomial,60,2,204,1,5,0.0667771093795272,0.0667771093795272,4.163336342344337e-17,6.234675895720562e-16,2.832098555665641e-17,7.146829947315463e-19,7.991676051104067e-19,8.448461037886045e-20
8,polynomial,61,0,62,2,5,0.07016013881991909,0.07016017403681551,7.454658074862452e-08,1.0625198949692928e-06,3.1134368874937075e-08,-1.6363579428041043e-09,-1.6363579432255046e-09,4.214003388250864e-19
8,polynomial,61,2,63,1,5,0.07093433150055357,0.07093433899563693,9.728301914035953e-09,1.3714516906451086e-07,4.743513709662583e-09,-1.2504920073135913e-10,-1.2504920036371925e-10,3.6763988041191616e-19
8,polynomial,62,0,283,0,5,0.024534025809532622,0.024534025523322657,4.0817813504179234e-09,1.6637226120598435e-07,1.9936224312398253e-09,1.552806107239985e-10,1.5528061085693842e-10,1.3293991855615357e-19
8,polynomial,63,0,270,0,5,0.008480334017751709,0.008480334479588451,1.1114092909880746e-09,1.3105724705353968e-07,5.799789928335039e-10,6.709863519683654e-11,6.709863502161021e-11,1.7522633497275053e-19
8,polynomial,63,2,206,1,5,0.062469601849366244,0.06246960184936621,6.938893903907228e-17,1.1107632670109012e-15,4.7606261803891005e-17,-8.895152061570546e-19,2.2755263029387226e-20,9.122704691864418e-19
8,polynomial,64,0,65,1,5,0.06979253064645807,0.06979252156717373,1.1312502927462997e-08,1.6208758763552728e-07,5.8424280214319794e-09,-3.039446642219172e-10,-3.039446638122506e-10,4.0966657504086855e-19
8,polynomial,64,1,128,2,5,0.0707943073994842,0.07079430739948424,4.163336342344337e-17,5.88089140960318e-16,3.470516423196761e-17,1.1755255071295187e-18,8.595165945857009e-19,3.1600891254381775e-19
8,polynomial,65,0,66,2,5,0.0210659065392233,0.02106585298102178,5.35582015195879e-08,2.542411427671823e-06,2.3016831351702598e-08,-2.3393619546184607e-09,-2.3393619545106852e-09,1.0777542996106536e-19
8,polynomial,65,2,79,1,5,0.08397190770133377,0.08397185847521933,4.9226114434697266e-08,5.862212230521396e-07,2.3596860428825846e-08,-6.86877203215131e-10,-6.868772052866825e-10,2.0715514214084e-18
8,polynomial,66,0,67,1,5,0.08601793311397417,0.08601793142106968,6.104219096858543e-08,7.096449398255622e-07,3.284718628249283e-08,-1.7255964631019497e-09,-1.7255964618207704e-09,1.2811793121382163e-18
8,polynomial,66,1,143,2,5,0.10024987255292027,0.10024987255292032,5.551115123125783e-17,5.537278982769217e-16,3.812580123811891e-17,2.0104336230139857e-19,-1.7289373049432214e-19,3.739370927957207e-19
8,polynomial,67,0,68,2,5,0.04179745199974175,0.041797407996062005,4.4003679741666524e-08,1.0527837855268882e-06,1.7188920626480778e-08,4.766003478317563e-10,4.76600348085127e-10,2.533706949013974e-19
8,polynomial,67,2,81,1,5,0.12225435597863517,0.12225427594308343,8.003555174163068e-08,6.546642129922755e-07,4.567052070652301e-08,-6.554545813768758e-10,-6.5545458036598e-10,1.01089577223983e-18
8,polynomial,68,0,69,1,5,0.09526002916654143,0.09526003097458238,1.3033300395870473e-07,1.3681814148630777e-06,6.116871260435877e-08,-7.362474390270974e-10,-7.362474383476197e-10,6.794777948094871e-19
8,polynomial,68,1,156,2,5,0.13216960855456766,0.13216960855456772,5.551115123125783e-17,4.199993617166493e-16,4.651194547336526e-17,1.9273374513407366e-18,-3.4700910425997564e-19,2.2743465556007123e-18
8,polynomial,69,0,70,2,5,0.06734876521030132,0.06734874494654752,3.902575027719957e-08,5.794575469251571e-07,1.8918398955400393e-08,-3.968046465485128e-11,-3.968046327270082e-11,1.382150457777997e-18
8,polynomial,69,2,83,1,5,0.15938941980964838,0.15938942855774468,3.7416185177940875e-08,2.347469685819564e-07,2.3791492245456787e-08,-1.685687921970784e-09,-1.6856879230175648e-09,1.0467809351639117e-18
8,polynomial,70,0,71,1,5,0.08791039772757442,0.0879104109937216,8.670905451979571e-08,9.863343094367779e-07,3.880565608150937e-08,-5.144579532921769e-09,-5.144579528075784e-09,4.845985506263322e-18
8,polynomial,70,1,167,2,5,0.1537782441329402,0.15377824413294014,1.1102230246251565e-16,7.219636502452041e-16,6.988675367311056e-17,-3.317811764315632e-19,2.1285114483902933e-18,2.4602926248218567e-18
8,polynomial,71,0,72,2,5,0.08791041099372164,0.08791039772757443,8.670905447816235e-08,9.863343089631888e-07,3.8805656060146976e-08,-6.00825720227266e-10,-6.008257215403898e-10,1.313123890021672e-18
8,polynomial,71,2,85,1,5,0.17596442637317894,0.17596444490793098,4.8805335273183204e-08,2.773590727303995e-07,3.571492651123976e-08,2.3647606991450003e-09,2.364760703048239e-09,3.903238663149898e-18
8,polynomial,72,0,73,1,5,0.06734874494654747,0.0673487652103013,3.9025750235566203e-08,5.794575463069818e-07,1.891839893690844e-08,-4.142842265392338e-09,-4.142842268535597e-09,3.143259030741291e-18
8,polynomial,72,1,176,2,5,0.15377824413294017,0.1537782441329401,5.551115123125783e-17,3.6098182512260217e-16,5.551115123125783e-17,-1.8658399071731633e-18,4.975310819109293e-19,2.3633709890840925e-18
8,polynomial,73,0,74,2,5,0.09526003097458235,0.09526002916654149,1.3033300383380464e-07,1.3681814135519291e-06,6.116871258100756e-08,6.170310204424202e-09,6.1703102031736815e-09,1.2505200695290915e-18
8,polynomial,73,2,87,1,5,0.1593894198096484,0.15938942855774466,3.74161852612076e-08,2.3474696910436703e-07,2.379149226962694e-08,-1.0719515488386387e-09,-1.0719515492289914e-09,3.903527349183679e-19
8,polynomial,74,0,75,1,5,0.04179740799606195,0.04179745199974163,4.400367967921648e-08,1.05278378403278e-06,1.7188920599927844e-08,9.853649289298268e-10,9.85364928509226e-10,4.206008687630539e-19
8,polynomial,74,1,183,2,5,0.13216960855456764,0.13216960855456758,8.326672684688674e-17,6.299990425749743e-16,5.554427387655981e-17,-6.21512704167567e-19,-1.2563382812252798e-18,6.348255770577127e-19
8,polynomial,75,0,76,2,5,0.08601793142106967,0.08601793311397415,6.104219092695207e-08,7.096449393415543e-07,3.284718629349241e-08,-7.01915963127083e-10,-7.019159613124277e-10,1.8146552827363016e-18
8,polynomial,75,2,89,1,5,0.12225435597863507,0.12225427594308333,8.003555174163068e-08,6.546642129922761e-07,4.567052070564795e-08,-7.931890628660383e-09,-7.931890630019497e-09,1.359113994706278e-18
8,polynomial,76,0,77,1,5,0.021065852981021746,0.021065906539223384,5.3558201637549097e-08,2.5424114332714388e-06,2.3016831393648685e-08,4.712873598673996e-10,4.712873600386843e-10,1.7128470303166172e-19
8,polynomial,76,1,188,2,5,0.10024987255292024,0.10024987255292024,6.938893903907228e-17,6.921598728461527e-16,4.248927590600552e-17,1.3369645149815078e-19,-1.6635718485174025e-19,3.0005363634989103e-19
8,polynomial,77,0,78,2,5,0.06979252156717372,0.06979253064645807,1.131250291358521e-08,1.6208758743668384e-07,5.842428021560206e-09,2.578936182720989e-10,2.5789361802149577e-10,2.506031553669481e-19
8,polynomial,77,2,91,1,5,0.08397190770133373,0.08397185847521936,4.9226114365308327e-08,5.862212222258048e-07,2.3596860425393096e-08,-2.1079975260439555e-09,-2.1079975262994877e-09,2.5553222123957503e-19
8,polynomial,78,0,383,0,5,0.008480334479588451,0.008480334017751709,1.1114092909880746e-09,1.3105724705353968e-07,5.79978992833504e-10,-8.700984420609743e-11,-8.700984416060915e-11,4.5488277471424884e-20
8,polynomial,78,1,191,2,5,0.07079430739948421,0.0707943073994842,5.551115123125783e-17,7.841188546137576e-16,3.8662932303144985e-17,8.529466050574265e-19,9.821224201318912e-19,1.2917581507446472e-19
8,polynomial,79,0,80,1,5,0.06955566339403493,0.06955560804610854,5.53479263948331e-08,7.957357272446016e-07,2.9884476774705655e-08,6.990989622989308e-10,6.990989620978133e-10,2.011174888112695e-19
8,polynomial,80,0,81,2,5,0.04264644474858779,0.04264631636004642,1.2838854136776323e-07,3.0105332841846035e-06,5.876271182384489e-08,-1.6455381819392326e-09,-1.6455381819298573e-09,9.375265062676016e-21
8,polynomial,80,2,92,1,5,0.10263775275534205,0.1026377123513867,4.0403955348100595e-08,3.9365588453998635e-07,2.0328780307793008e-08,-3.753650883151241e-09,-3.753650882519398e-09,6.318435652598553e-19
8,polynomial,81,0,82,1,5,0.0887358462934612,0.08873578542762414,8.933313176695545e-08,1.0067310506232051e-06,4.213851266073268e-08,2.6630012014243876e-10,2.663001213544087e-10,1.211969937466517e-18
8,polynomial,82,0,83,2,5,0.06725780963180177,0.06725770611259584,1.0351920592954755e-07,1.5391403094489146e-06,4.28122803411626e-08,2.9466332531126897e-09,2.9466332531668854e-09,5.4195632963555544e-20
8,polynomial,82,2,94,1,5,0.14859363659981958,0.14859359022413332,4.6375686263422367e-08,3.120973907403426e-07,2.9647634964971847e-08,-1.642789029657241e-09,-1.642789025714647e-09,3.942594055538793e-18
8,polynomial,83,0,84,1,5,0.09768564075493161,0.09768557489499823,1.8477201427224976e-07,1.8914961589472059e-06,8.28186169859911e-08,-2.68857982991158e-09,-2.6885798316486616e-09,1.7370817679031958e-18
8,polynomial,84,0,85,2,5,0.0881543939118929,0.08815444613239802,9.905153926237364e-08,1.123613653174219e-06,6.050567000192693e-08,5.899230326612689e-09,5.899230326121485e-09,4.912046631523644e-19
8,polynomial,84,2,96,1,5,0.18374798146392565,0.1837479576267842,3.014339669538124e-08,1.6404749840095058e-07,1.7354109393533015e-08,2.010499429291761e-10,2.0104994384100453e-10,9.118284344786284e-19
8,polynomial,85,0,86,1,5,0.08815444613239798,0.08815439391189293,9.905153933176258e-08,1.1236136539613487e-06,6.050566998235605e-08,1.153356711665565e-08,1.1533567113987087e-08,2.6685640654348724e-18
8,polynomial,86,0,87,2,5,0.09768557489499825,0.09768564075493162,1.847720142444942e-07,1.891496158663074e-06,8.281861697730109e-08,2.1442645204286194e-09,2.1442645180067363e-09,2.421883090339921e-18
8,polynomial,86,2,98,1,5,0.18374798146392574,0.18374795762678411,3.0143396806403544e-08,1.6404749900516015e-07,1.7354109436491218e-08,8.466082810846835e-10,8.466082770156163e-10,4.0690671794635834e-18
8,polynomial,87,0,88,1,5,0.0672577061125957,0.06725780963180185,1.0351920615159216e-07,1.5391403127503078e-06,4.281228036464641e-08,-2.2677747234444072e-09,-2.2677747234212735e-09,2.3133760191270525e-20
8,polynomial,88,0,89,2,5,0.0887357854276241,0.08873584629346119,8.933313169756651e-08,1.0067310498412334e-06,4.2138512671482677e-08,-2.348338389953936e-09,-2.348338388989315e-09,9.64620807231776e-19
8,polynomial,88,2,100,1,5,0.14859363659981947,0.1485935902241333,4.637568618015564e-08,3.1209739017997746e-07,2.9647634980652164e-08,-1.2366233676651073e-09,-1.236623366815383e-09,8.497243861723948e-19
8,polynomial,89,0,90,1,5,0.04264631636004637,0.042646444748587836,1.2838854146490775e-07,3.010533286462504e-06,5.8762711824800263e-08,1.2130464665176174e-09,1.2130464660623073e-09,4.553101944463915e-19
8,polynomial,90,0,91,2,5,0.0695556080461085,0.06955566339403493,5.5347926436466466e-08,7.957357278431635e-07,2.9884476792446674e-08,1.7574932742724718e-09,1.7574932746055224e-09,3.3305062516436947e-19
8,polynomial,90,2,102,1,5,0.10263775275534191,0.10263771235138673,4.040395518156714e-08,3.936558829174508e-07,2.0328780270738798e-08,-3.845502728550818e-09,-3.84550272636542e-09,2.185398770655911e-18
8,polynomial,91,0,382,0,5,0.024534025523322657,0.024534025809532622,4.0817813504179234e-09,1.6637226120598435e-07,1.9936224312398257e-09,-1.8407953186064122e-10,-1.8407953099887728e-10,8.617639482893158e-19
8,polynomial,92,0,93,1,5,0.06532131876402078,0.06532117065793216,1.4810608861548502e-07,2.2673468848743207e-06,7.487157013583982e-08,-1.2048655300078668e-08,-1.2048655301492763e-08,1.4140950356614527e-18
8,polynomial,93,0,94,2,5,0.07115965782959063,0.07115948367252045,1.7415707018186843e-07,2.4474129794009204e-06,7.8331830305782e-08,1.9029521418422284e-09,1.9029521417464843e-09,9.574408795148157e-20
8,polynomial,93,2,103,1,5,0.12568737867554805,0.1256874061467146,2.747116653600834e-08,2.1856737582714785e-07,1.510045304292179e-08,1.8101401243071847e-09,1.810140124137174e-09,1.7001063809317692e-19
8,polynomial,94,0,95,1,5,0.08677363482689249,0.08677348635895904,1.4846793344736042e-07,1.7109797664180356e-06,6.790664278023307e-08,-3.3237769501763013e-10,-3.3237769520851446e-10,1.9088433405579943e-19
8,polynomial,95,0,96,2,5,0.09065589316980442,0.0906557565752668,1.3659453762526752e-07,1.5067364387378215e-06,7.696844585693e-08,-1.6956850264003312e-09,-1.6956850250841119e-09,1.316219303271422e-18
8,polynomial,95,2,105,1,5,0.17062447811175702,0.1706244775067872,1.4058500308333777e-08,8.239439301977308e-08,8.572241899597926e-09,9.310169957547811e-10,9.310170043392112e-10,8.584430042455532e-18
8,polynomial,96,0,97,1,5,0.09604436674594191,0.09604443955892193,1.6605160828297993e-07,1.7289039224504982e-06,9.369297920066757e-08,4.397035633089342e-09,4.397035633544294e-09,4.549518184460029e-19
8,polynomial,97,0,98,2,5,0.09604443955892193,0.09604436674594198,1.6605160803317975e-07,1.728903919849617e-06,9.369297915179878e-08,1.72928279761249e-08,1.7292827981528223e-08,5.403322432208688e-18
8,polynomial,97,2,107,1,5,0.1916354639322978,0.191635457091208,2.6666072100445248e-08,1.3914998588082845e-07,1.7975490574679172e-08,-7.078703622202867e-10,-7.078703614524641e-10,7.678225453865287e-19
8,polynomial,98,0,99,1,5,0.0906557565752667,0.0906558931698044,1.3659453769465646e-07,1.5067364395032323e-06,7.696844586266995e-08,3.2483484097748067e-09,3.2483484099807916e-09,2.0598492972826123e-19
8,polynomial,99,0,100,2,5,0.086773486358959,0.08677363482689243,1.4846793343348264e-07,1.7109797662581056e-06,6.79066427751159e-08,5.288745165798456e-09,5.288745167352315e-09,1.553859607861475e-18
8,polynomial,99,2,109,1,5,0.17062447811175693,0.1706244775067871,1.4058500169555899e-08,8.239439220642043e-08,8.572241834921102e-09,-7.815977168939145e-10,-7.815977208770948e-10,3.9831802926791666e-18
8,polynomial,100,0,101,1,5,0.07115948367252034,0.07115965782959066,1.741570703206463e-07,2.447412981351152e-06,7.833183032489449e-08,-5.209030805501506e-09,-5.209030806463678e-09,9.62172352618619e-19
8,polynomial,101,0,102,2,5,0.06532117065793216,0.06532131876402078,1.4810608861548502e-07,2.2673468848743207e-06,7.487157012220017e-08,-3.211561228260567e-09,-3.2115612282270735e-09,3.3493370182884644e-20
8,polynomial,101,2,111,1,5,0.125687378675548,0.1256874061467146,2.747116659151949e-08,2.1856737626880825e-07,1.510045303078438e-08,3.7965759534966026e-10,3.796575951914079e-10,1.582523690833122e-19
8,polynomial,102,0,379,0,5,0.04884641733158032,0.048846424089447296,1.2325266612878139e-08,2.5232689685345605e-07,6.623342994921417e-09,-1.0908512021022264e-10,-1.0908512120175452e-10,9.9153188769027e-19
8,polynomial,103,0,104,1,5,0.05985984339328909,0.059859689040512774,1.5435277631731248e-07,2.5785696648617864e-06,6.809276799122799e-08,1.0868173682759112e-09,1.0868173687859797e-09,5.100685170216362e-19
8,polynomial,104,0,105,2,5,0.09353079122050258,0.09353070028527136,1.3974056646548494e-07,1.494059492515582e-06,6.587123737501817e-08,-4.8463150122489496e-09,-4.84631501052734e-09,1.7216093545453914e-18
8,polynomial,104,2,112,1,5,0.14489441192563157,0.14489447956935333,6.76437217628223e-08,4.668481640147292e-07,4.429358647956271e-08,5.975531851023997e-09,5.9755318508681415e-09,1.5585571665601637e-19
8,polynomial,105,0,106,1,5,0.08311496196276374,0.08311485518726251,1.0677550123239232e-07,1.2846724429739703e-06,5.724216693465899e-08,2.618221557111387e-09,2.618221557997918e-09,8.865312350940137e-19
8,polynomial,106,0,107,2,5,0.09595922656819403,0.09595927926266452,1.667379343761599e-07,1.7375905244114696e-06,8.511966025210168e-08,-3.5650983921914733e-09,-3.5650983922023904e-09,1.091712972447486e-20
8,polynomial,106,2,114,1,5,0.17635808392509253,0.1763581133947434,3.6304080797133764e-08,2.058543273020512e-07,2.096814427368784e-08,-9.848814978590333e-10,-9.848814977534756e-10,1.0555775873881069e-19
8,polynomial,107,0,108,1,5,0.09595927926266438,0.09595922656819406,1.6673793430677097e-07,1.737590523688364e-06,8.511966026773301e-08,-1.3656291489346164e-08,-1.3656291488959991e-08,3.861725776928312e-19
8,polynomial,108,0,109,2,5,0.08311485518726246,0.0831149619627637,1.0677550124627011e-07,1.284672443140942e-06,5.724216691299837e-08,-1.3049138233172063e-09,-1.3049138233720484e-09,5.484207461226573e-20
8,polynomial,108,2,116,1,5,0.17635808392509258,0.17635811339474328,3.630408076937819e-08,2.0585432714466942e-07,2.0968144230928663e-08,-1.8009096743693034e-09,-1.8009096721533194e-09,2.215983980600212e-18
8,polynomial,109,0,110,1,5,0.0935307002852713,0.09353079122050262,1.3974056645160715e-07,1.4940594923672047e-06,6.587123739532262e-08,1.464090044148164e-09,1.4640900444683815e-09,3.2021753834606866e-19
8,polynomial,110,0,111,2,5,0.059859689040512684,0.05985984339328911,1.5435277642833478e-07,2.57856966671649e-06,6.809276802414453e-08,-1.6888201290549552e-09,-1.6888201284714628e-09,5.834923769142932e-19
8,polynomial,110,2,118,1,5,0.1448944119256315,0.14489447956935336,6.76437218738446e-08,4.6684816478095775e-07,4.42935864867236e-08,-1.5954324919155214e-09,-1.5954324900401988e-09,1.8753226734148954e-18
8,polynomial,111,0,374,0,5,0.07552349875237567,0.07552351952001538,2.3564528377206795e-08,3.120157604805703e-07,1.4031159329776574e-08,7.469560410337089e-10,7.469560409119943e-10,1.2171456065592614e-19
8,polynomial,112,0,113,1,5,0.058338661200167036,0.058338613465246776,4.7734920259612235e-08,8.182381850661249e-07,2.001401015068202e-08,-1.6105523445470942e-09,-1.6105523445943115e-09,4.7217330520905064e-20
8,polynomial,113,0,114,2,5,0.09587428808746432,0.09587426390041849,1.5206144557411427e-07,1.5860503228497663e-06,6.671091202254171e-08,-6.0325052282727906e-09,-6.032505228336764e-09,6.397332139423861e-20
8,polynomial,113,2,119,1,5,0.15009202542055258,0.15009201417288587,3.034323392547833e-08,2.0216419786765921e-07,1.992131751133505e-08,7.214836697560259e-10,7.214836694743772e-10,2.816486913221352e-19
8,polynomial,114,0,115,1,5,0.08188424698718906,0.08188427635694184,6.142020128607761e-08,7.500854134478852e-07,3.627788094703501e-08,5.108536065560398e-10,5.108536056765516e-10,8.79488205768431e-19
8,polynomial,115,0,116,2,5,0.08188427635694187,0.08188424698718907,6.142020121668867e-08,7.500854126004825e-07,3.627788094848594e-08,4.3755956418161066e-09,4.3755956412493555e-09,5.667510684968324e-19
8,polynomial,115,2,121,1,5,0.16360024425991335,0.1636002298837758,2.8467294688194755e-08,1.7400520895903113e-07,2.2666432962281906e-08,-1.9336214869638232e-09,-1.933621482143478e-09,4.8203453888160156e-18
8,polynomial,116,0,117,1,5,0.09587426390041844,0.09587428808746436,1.5206144551860312e-07,1.586050322270766e-06,6.671091204474669e-08,-1.1539269704851353e-09,-1.1539269698951446e-09,5.899907078065098e-19
8,polynomial,117,0,118,2,5,0.058338613465246755,0.058338661200167084,4.7734920329001174e-08,8.182381862555403e-07,2.0014010152056085e-08,-8.833521352181668e-10,-8.83352134912836e-10,3.053307688619518e-19
8,polynomial,117,2,123,1,5,0.1500920254205526,0.1500920141728859,3.034323378670045e-08,2.021641969430406e-07,1.992131749176394e-08,-4.975159681836838e-10,-4.975159666528461e-10,1.5308377238480523e-18
8,polynomial,118,0,367,0,5,0.09200790738309408,0.09200793094762244,2.3564528356390113e-08,2.5611409922699755e-07,1.4031159295467798e-08,8.015313004910378e-11,8.015313011623848e-11,6.713470229783971e-20
8,polynomial,119,0,120,1,5,0.060840304355324656,0.06084030075560034,2.4076718826981924e-08,3.9573633107367524e-07,1.027790092379217e-08,-7.926157966916196e-10,-7.926157971322431e-10,4.406234992729359e-19
8,polynomial,120,0,121,2,5,0.08167412510375804,0.08167413067036187,4.8352989764910426e-08,5.920233171512272e-07,2.0826115011153698e-08,-5.189516570433834e-10,-5.18951656830665e-10,2.12718386709596e-19
8,polynomial,120,2,124,1,5,0.141580139282551,0.14158014398002391,5.6942646708968425e-09,4.021937335859941e-08,3.296823693633431e-09,-7.0245545966731e-11,-7.024554617419951e-11,2.0746850400626923e-19
8,polynomial,121,0,122,1,5,0.08167413067036189,0.08167412510375803,4.835298982042158e-08,5.920233178308935e-07,2.082611502159045e-08,-1.6896363868389605e-09,-1.6896363863443882e-09,4.945723222212209e-19
8,polynomial,122,0,123,2,5,0.06084030075560026,0.0608403043553247,2.4076718722898516e-08,3.957363293629109e-07,1.0277900907282125e-08,2.3669329641046654e-10,2.3669329873862365e-10,2.3281571162879157e-18
8,polynomial,122,2,126,1,5,0.14158013928255106,0.14158014398002383,5.694264504363389e-09,4.021937218235078e-08,3.2968236088863597e-09,-1.1212712349359222e-10,-1.1212712360044211e-10,1.0684989240380095e-19
8,polynomial,123,0,358,0,5,0.09131301544165457,0.09131302776692117,1.232526659900035e-08,1.3497818329341688e-07,6.623342959085789e-09,6.911877369839278e-11,6.911877645105506e-11,2.75266227754222e-18
8,polynomial,124,0,125,1,5,0.06308936441704825,0.06308936742346297,8.920357640052057e-09,1.4139240896453452e-07,4.257514704792248e-09,3.0976869975959247e-10,3.0976870039544523e-10,6.35852754592535e-19
8,polynomial,125,0,126,2,5,0.06308936742346295,0.06308936441704825,8.92035752209086e-09,1.413924070947869e-07,4.257514686545637e-09,5.383391464433618e-10,5.383391458676493e-10,5.757124330605022e-19
8,polynomial,125,2,127,1,5,0.12629677984286916,0.12629677742505163,2.741943505579769e-09,2.1710320001754043e-08,2.5382841317574743e-09,-6.000753428647904e-11,-6.000753576750707e-11,1.4810280222121031e-18
8,polynomial,126,0,347,0,5,0.07869427162263831,0.07869427570441961,4.081781301845666e-09,5.186884643524873e-08,1.993622427777655e-09,-2.2844533665010298e-12,-2.2844535264171596e-12,1.5991612979436324e-19
8,polynomial,127,0,334,0,5,0.06302314291203176,0.06302314235262094,1.111409339560332e-09,1.7634939931695355e-08,5.799789916559034e-10,1.9390838168951934e-11,1.939083891472942e-11,7.457774873595229e-19
8,polynomial,128,0,129,1,5,0.06979253064645809,0.06979252156717368,1.1312502934401891e-08,1.62087587734949e-07,5.8424280443045375e-09,-1.5605272075344378e-09,-1.5605272092030776e-09,1.6686398100447926e-18
8,polynomial,128,1,192,2,5,0.008480334479588467,0.008480334017751737,1.1114093260078048e-09,1.3105725118306173e-07,5.799790181572512e-10,5.576041179599108e-11,5.5760411809963405e-11,1.3972327779288003e-20
8,polynomial,129,0,130,2,5,0.08397190770133375,0.0839718584752194,4.922611435143054e-08,5.862212220605376e-07,2.3596860428628752e-08,1.0314715139668466e-08,1.0314715140756996e-08,1.0885299814503819e-18
8,polynomial,129,2,143,1,5,0.021065906539223384,0.021065852981021774,5.355820160979352e-08,2.54241143195388e-06,2.301683138069659e-08,-1.2174680428156937e-09,-1.2174680427109942e-09,1.0469955885328692e-19
8,polynomial,130,0,131,1,5,0.06955566339403493,0.0695556080461085,5.5347926436466466e-08,7.957357278431635e-07,2.9884476793394114e-08,-1.1272547465761548e-09,-1.127254746700913e-09,1.2475827511739157e-19
8,polynomial,130,1,207,2,5,0.02453402552332265,0.02453402580953265,4.081781333070689e-09,1.6637226049891577e-07,1.9936224550176813e-09,7.746882275634276e-12,7.746882273381776e-12,2.2525000496871246e-21
8,polynomial,131,0,132,2,5,0.10263775275534195,0.10263771235138673,4.0403955223200505e-08,3.9365588332308466e-07,2.0328780284964762e-08,4.111486857631197e-10,4.111486883453714e-10,2.5822516976228736e-18
8,polynomial,131,2,145,1,5,0.04264644474858783,0.042646316360046406,1.2838854142327438e-07,3.01053328548626e-06,5.876271181169704e-08,-2.3910740983384383e-09,-2.391074098709886e-09,3.7144752201846846e-19
8,polynomial,132,0,133,1,5,0.06532131876402081,0.06532117065793216,1.481060886432406e-07,2.267346885299228e-06,7.487157013080795e-08,9.255490706522745e-10,9.255490700126786e-10,6.395959019607023e-19
8,polynomial,132,1,220,2,5,0.04884641733158028,0.04884642408944733,1.2325266605939245e-08,2.523268967114006e-07,6.623342999964067e-09,9.534394744545904e-10,9.534394752041846e-10,7.495941730228508e-19
8,polynomial,133,0,134,2,5,0.125687378675548,0.12568740614671461,2.7471166619275067e-08,2.1856737648963842e-07,1.5100453024571336e-08,5.625105946836239e-10,5.625105942557345e-10,4.2788936393541175e-19
8,polynomial,133,2,147,1,5,0.07115965782959073,0.07115948367252041,1.741570703206463e-07,2.4474129813511494e-06,7.833183031399139e-08,-1.709041250162442e-09,-1.7090412503081935e-09,1.45751498678528e-19
8,polynomial,134,0,135,1,5,0.05985984339328913,0.05985968904051278,1.5435277635200695e-07,2.5785696654413797e-06,6.809276800214611e-08,-1.5917914496940218e-10,-1.5917914471629065e-10,2.531115288757269e-19
8,polynomial,134,1,231,2,5,0.0755234987523757,0.07552351952001549,2.356452840496237e-08,3.120157608480789e-07,1.4031159353750199e-08,-3.48087854520084e-10,-3.4808785548890463e-10,9.688206099968608e-19
8,polynomial,135,0,136,2,5,0.1448944119256315,0.14489447956935333,6.764372184608902e-08,4.668481645894007e-07,4.42935864667383e-08,-2.0641641999869203e-09,-2.064164199451985e-09,5.349352205962053e-19
8,polynomial,135,2,149,1,5,0.09353079122050266,0.0935307002852713,1.3974056647936273e-07,1.4940594926639574e-06,6.587123741452123e-08,4.060745108726389e-09,4.0607451096255945e-09,8.992057100298575e-19
8,polynomial,136,0,137,1,5,0.058338661200166994,0.05833861346524674,4.773492025267334e-08,8.182381849471839e-07,2.0014010132967086e-08,1.296562940022308e-09,1.2965629403729238e-09,3.50615805471933e-19
8,polynomial,136,1,240,2,5,0.09200790738309414,0.09200793094762254,2.3564528398023477e-08,2.5611409967949483e-07,1.4031159339140495e-08,-5.479487271602155e-10,-5.479487278166552e-10,6.56439677376543e-19
8,polynomial,137,0,138,2,5,0.15009202542055256,0.15009201417288584,3.034323386996718e-08,2.021641974978118e-07,1.9921317487677094e-08,1.9570410643783134e-10,1.9570410533515403e-10,1.1026773031656646e-18
8,polynomial,137,2,151,1,5,0.09587428808746437,0.09587426390041844,1.5206144561574764e-07,1.5860503232840149e-06,6.671091205991102e-08,7.69731649881885e-09,7.697316498000962e-09,8.17888065551607e-19
8,polynomial,138,0,139,1,5,0.06084030435532471,0.06084030075560031,2.407671876453188e-08,3.957363300472164e-07,1.0277900894978214e-08,-1.844297608284636e-10,-1.8442976122931656e-10,4.0085296561411604e-19
8,polynomial,138,1,247,2,5,0.09131301544165459,0.09131302776692121,1.2325266626755926e-08,1.3497818359737756e-07,6.623343006156033e-09,5.3150956797184777e-11,5.3150957735997775e-11,9.388129983023203e-19
8,polynomial,139,0,140,2,5,0.141580139282551,0.14158014398002383,5.6942645321189644e-09,4.021937237839222e-08,3.2968236664002057e-09,4.213362516758891e-10,4.213362538318805e-10,2.1559914142050967e-18
8,polynomial,139,2,153,1,5,0.08167412510375809,0.08167413067036187,4.8352989695521487e-08,5.920233163016444e-07,2.082611499707564e-08,-1.0261329965248957e-09,-1.0261329972699884e-09,7.450926561293372e-19
8,polynomial,140,0,141,1,5,0.06308936441704822,0.06308936742346294,8.920357667807632e-09,1.413924094044752e-07,4.257514719711256e-09,-1.1533611841334917e-09,-1.1533611826380602e-09,1.4954314984986388e-18
8,polynomial,140,1,252,2,5,0.07869427162263835,0.07869427570441974,4.081781385112393e-09,5.186884749335263e-08,1.993622475536578e-09,-2.54782254585443e-11,-2.5478226443020723e-11,9.844764215749305e-19
8,polynomial,141,0,142,2,5,0.12629677984286916,0.12629677742505155,2.741943533335345e-09,2.1710320221518756e-08,2.538284159933253e-09,6.516495693799852e-12,6.516496181467917e-12,4.87668065368091e-19
8,polynomial,141,2,155,1,5,0.06308936742346295,0.06308936441704824,8.920357667807632e-09,1.4139240940447517e-07,4.257514725128469e-09,1.437127387527703e-10,1.4371273955137008e-10,7.98599790479913e-19
8,polynomial,142,0,447,0,5,0.06302314291203177,0.06302314235262088,1.1114093118047563e-09,1.763493949129244e-08,5.799790044187626e-10,4.641311611011057e-12,4.641311805927005e-12,1.9491594773789753e-19
8,polynomial,142,1,255,2,5,0.0630231429120318,0.06302314235262091,1.1114093534381198e-09,1.76349401518968e-08,5.799790512141699e-10,-1.289978406625702e-10,-1.2899784258051515e-10,1.917944938084886e-18
8,polynomial,143,0,144,1,5,0.08601793311397422,0.08601793142106974,6.104219103797437e-08,7.096449406322416e-07,3.284718629113629e-08,5.663248608081657e-10,5.663248597039338e-10,1.1042319374281697e-18
8,polynomial,144,0,145,2,5,0.12225435597863507,0.12225427594308347,8.00355516028528e-08,6.546642118571191e-07,4.5670520707101905e-08,1.5915974216598114e-09,1.5915974225226178e-09,8.62806454355074e-19
8,polynomial,144,2,156,1,5,0.041797451999741664,0.04179740799606198,4.400367968615537e-08,1.0527837841987914e-06,1.7188920613505355e-08,-4.3015516628807734e-10,-4.3015516700205787e-10,7.139805321348396e-19
8,polynomial,145,0,146,1,5,0.08873584629346117,0.08873578542762417,8.933313178083324e-08,1.0067310507796e-06,4.2138512663490795e-08,-3.699131591809012e-10,-3.699131596677683e-10,4.868671348152895e-19
8,polynomial,146,0,147,2,5,0.14859363659981947,0.14859359022413338,4.637568609688891e-08,3.120973896196121e-07,2.9647634973966113e-08,-1.4978893075744464e-09,-1.4978893054206267e-09,2.153819703205627e-18
8,polynomial,146,2,158,1,5,0.06725780963180185,0.06725770611259582,1.0351920602669207e-07,1.539140310893273e-06,4.281228035734434e-08,1.5380654534665818e-09,1.5380654540513677e-09,5.84785880597173e-19
8,polynomial,147,0,148,1,5,0.08677363482689243,0.08677348635895907,1.484679333640937e-07,1.710979765458451e-06,6.790664278738976e-08,1.2003689486725787e-09,1.200368951031149e-09,2.358570272664806e-18
8,polynomial,148,0,149,2,5,0.17062447811175688,0.17062447750678722,1.4058500308333777e-08,8.239439301977315e-08,8.572241881269105e-09,5.929669334607395e-11,5.929669454513176e-11,1.1990578032009291e-18
8,polynomial,148,2,160,1,5,0.09065589316980449,0.09065575657526677,1.3659453772241203e-07,1.5067364398093947e-06,7.696844589524408e-08,-4.0249256174293464e-09,-4.024925618230503e-09,8.011566833014969e-19
8,polynomial,149,0,150,1,5,0.08311496196276363,0.08311485518726246,1.0677550117688117e-07,1.284672442306088e-06,5.724216692730678e-08,3.3852489019030015e-09,3.3852489000993143e-09,1.803687178006578e-18
8,polynomial,150,0,151,2,5,0.1763580839250925,0.17635811339474328,3.630408076937819e-08,2.0585432714466942e-07,2.096814426485584e-08,1.675938624560027e-10,1.6759386174050936e-10,7.154933420776225e-19
8,polynomial,150,2,162,1,5,0.09595922656819407,0.0959592792626645,1.6673793447330443e-07,1.7375905254238215e-06,8.511966030621557e-08,1.8829102388433797e-09,1.882910238896277e-09,5.2897372992153567e-20
8,polynomial,151,0,152,1,5,0.081884246987189,0.08188427635694182,6.142020132771098e-08,7.500854139563269e-07,3.62778809624956e-08,-5.248580448865275e-09,-5.2485804488506e-09,1.4675011247303264e-20
8,polynomial,152,0,153,2,5,0.16360024425991354,0.16360022988377568,2.8467294632683604e-08,1.7400520861972122e-07,2.2666433072274504e-08,1.634840905276904e-09,1.6348409074032168e-09,2.1263128459109418e-18
8,polynomial,152,2,164,1,5,0.08188427635694179,0.08188424698718905,6.142020131383319e-08,7.500854137868468e-07,3.627788098973422e-08,3.5334586377326984e-09,3.533458636592077e-09,1.1406212669356025e-18
8,polynomial,153,0,154,1,5,0.08167413067036187,0.0816741251037581,4.8352989695521487e-08,5.920233163016444e-07,2.0826114975602633e-08,7.573904461424138e-09,7.573904460139455e-09,1.2846826288275315e-18
8,polynomial,154,0,155,2,5,0.1415801392825511,0.1415801439800239,5.69426455987454e-09,4.021937257443365e-08,3.2968236565672682e-09,3.06324106780906e-11,3.063240883477322e-11,1.8433173753045995e-18
8,polynomial,154,2,166,1,5,0.06084030075560032,0.060840304355324726,2.4076718806165243e-08,3.95736330731522e-07,1.0277900927269998e-08,-2.0134848774922677e-09,-2.0134848777281677e-09,2.3589991658124147e-19
8,polynomial,155,0,446,0,5,0.07869427162263831,0.07869427570441963,4.081781315723454e-09,5.186884661159939e-08,1.9936224653461587e-09,-5.244742362072214e-10,-5.244742408748231e-10,4.667601732419577e-18
8,polynomial,156,0,157,1,5,0.09526002916654155,0.09526003097458242,1.3033300384768243e-07,1.3681814136976114e-06,6.116871256181112e-08,4.636429731599907e-09,4.636429734850778e-09,3.250871092531377e-18
8,polynomial,157,0,158,2,5,0.15938941980964827,0.15938942855774466,3.741618528896318e-08,2.347469692785039e-07,2.379149229381192e-08,-1.2676119565042916e-10,-1.2676119735140015e-10,1.7009709914670402e-18
8,polynomial,157,2,167,1,5,0.06734876521030132,0.06734874494654748,3.902575026332178e-08,5.794575467190985e-07,1.891839896731549e-08,-1.5479665278651246e-10,-1.5479665373051414e-10,9.440016761026667e-19
8,polynomial,158,0,159,1,5,0.09768564075493165,0.09768557489499823,1.8477201431388313e-07,1.8914961593734024e-06,8.281861702240437e-08,4.790307626402322e-10,4.79030762480557e-10,1.5967522313447997e-19
8,polynomial,159,0,160,2,5,0.18374798146392562,0.18374795762678414,3.0143396917425846e-08,1.640474996093699e-07,1.735410941627103e-08,2.141534147956322e-10,2.1415341585220982e-10,1.0565776228992894e-18
8,polynomial,159,2,169,1,5,0.08815439391189295,0.08815444613239805,9.905153930400701e-08,1.1236136536464962e-06,6.050567000125793e-08,-2.633611262496039e-09,-2.633611262613074e-09,1.1703530332829023e-19
8,polynomial,160,0,161,1,5,0.09604436674594188,0.09604443955892188,1.6605160824134657e-07,1.7289039220170191e-06,9.369297916683458e-08,-2.0976846612591903e-08,-2.0976846609857386e-08,2.7345168300349504e-18
8,polynomial,161,0,162,2,5,0.19163546393229794,0.19163545709120786,2.6666071989422946e-08,1.3914998530148724e-07,1.7975490576470303e-08,4.176346335671764e-09,4.176346335290213e-09,3.815511196104974e-19
8,polynomial,161,2,171,1,5,0.09604443955892188,0.09604436674594197,1.6605160815807984e-07,1.7289039211500587e-06,9.369297918099091e-08,-5.013827257124833e-09,-5.013827255984142e-09,1.1406911636973632e-18
8,polynomial,162,0,163,1,5,0.09595927926266445,0.09595922656819406,1.6673793443167106e-07,1.7375905249899575e-06,8.511966031898123e-08,2.2425913463585626e-09,2.2425913468204346e-09,4.618720114506215e-19
8,polynomial,163,0,164,2,5,0.17635808392509258,0.1763581133947433,3.6304080797133764e-08,2.058543273020513e-07,2.0968144256237183e-08,-1.4162120057822061e-09,-1.416212009705243e-09,3.9230368175210485e-18
8,polynomial,163,2,173,1,5,0.0831148551872624,0.08311496196276373,1.0677550132953684e-07,1.2846724441427676e-06,5.7242166971980475e-08,-2.7170303846172143e-09,-2.717030385144168e-09,5.269537548656812e-19
8,polynomial,164,0,165,1,5,0.09587426390041841,0.09587428808746427,1.5206144550472533e-07,1.5860503221260177e-06,6.671091203360248e-08,-2.4150000532912342e-09,-2.415000053315509e-09,2.4274855846287427e-20
8,polynomial,165,0,166,2,5,0.15009202542055267,0.15009201417288592,3.03432337311893e-08,2.0216419657319308e-07,1.9921317482551555e-08,-4.946323074123207e-10,-4.946323023216235e-10,5.0906971711149375e-18
8,polynomial,165,2,175,1,5,0.05833861346524673,0.0583386612001671,4.773492037063454e-08,8.182381869691897e-07,2.0014010172695982e-08,-1.1614880628715163e-09,-1.1614880648341667e-09,1.962650405428803e-18
8,polynomial,166,0,443,0,5,0.09131301544165459,0.09131302776692127,1.2325266682267078e-08,1.3497818420529896e-07,6.623343027146279e-09,-9.637928000844608e-10,-9.637928036749475e-10,3.590486636627274e-18
8,polynomial,167,0,168,1,5,0.0879103977275744,0.08791041099372157,8.670905450591793e-08,9.863343092789153e-07,3.880565607872765e-08,-3.1379547722353144e-09,-3.1379547710974965e-09,1.1378179518396603e-18
8,polynomial,168,0,169,2,5,0.175964426373179,0.17596444490793087,4.880533524542763e-08,2.7735907257266565e-07,3.5714926480160845e-08,2.9146880103268174e-09,2.9146880070142167e-09,3.3126006865140656e-18
8,polynomial,168,2,176,1,5,0.08791041099372157,0.0879103977275744,8.670905456142908e-08,9.863343099103667e-07,3.8805656099681266e-08,-2.184167143178667e-09,-2.184167142994328e-09,1.8433885386866732e-19
8,polynomial,169,0,170,1,5,0.08815444613239808,0.08815439391189295,9.905153929012922e-08,1.12361365348907e-06,6.05056699962153e-08,1.1008707464391202e-09,1.100870745203542e-09,1.2355782925342399e-18
8,polynomial,170,0,171,2,5,0.1837479814639258,0.18374795762678411,3.0143396806403544e-08,1.640474990051601e-07,1.7354109487568608e-08,-1.6051283342678103e-09,-1.605128336964675e-09,2.6968648093224554e-18
8,polynomial,170,2,178,1,5,0.09768557489499821,0.09768564075493165,1.8477201425837197e-07,1.8914961588051392e-06,8.281861697423761e-08,8.099498546884149e-09,8.099498546587322e-09,2.9682714536975356e-19
8,polynomial,171,0,172,1,5,0.09065575657526671,0.09065589316980445,1.3659453773628982e-07,1.5067364399624775e-06,7.696844587171925e-08,3.602642127319301e-09,3.602642127336188e-09,1.6887305795576336e-20
8,polynomial,172,0,173,2,5,0.17062447811175696,0.17062447750678716,1.4058500141800323e-08,8.239439204374988e-08,8.572241832952422e-09,-7.70561648774152e-10,-7.705616488636298e-10,8.947778122108611e-20
8,polynomial,172,2,180,1,5,0.08677348635895901,0.08677363482689246,1.4846793344736042e-07,1.710979766418036e-06,6.790664280574106e-08,-2.0825308097366653e-09,-2.082530810268505e-09,5.318394971537256e-19
8,polynomial,173,0,174,1,5,0.09353070028527127,0.0935307912205026,1.3974056636834042e-07,1.494059491476945e-06,6.587123735144202e-08,3.551261595872964e-09,3.551261596349174e-09,4.762099465983094e-19
8,polynomial,174,0,175,2,5,0.14489441192563146,0.14489447956935333,6.76437218738446e-08,4.6684816478095785e-07,4.429358647875194e-08,-4.034026031967442e-09,-4.034026033697745e-09,1.7303030227833237e-18
8,polynomial,174,2,182,1,5,0.05985968904051273,0.05985984339328912,1.5435277638670142e-07,2.5785696660209755e-06,6.809276802511235e-08,2.8720655424861027e-10,2.8720655484132023e-10,5.927099606727013e-19
8,polynomial,175,0,438,0,5,0.09200790738309411,0.09200793094762244,2.3564528328634538e-08,2.5611409892533254e-07,1.4031159350375559e-08,2.3241614835857415e-10,2.3241614861359165e-10,2.550175081034139e-19
8,polynomial,176,0,177,1,5,0.06734874494654747,0.06734876521030124,3.902575027026067e-08,5.794575468221286e-07,1.891839893855461e-08,-2.0843326544795495e-09,-2.084332649952136e-09,4.527413436950774e-18
8,polynomial,177,0,178,2,5,0.15938941980964833,0.1593894285577447,3.741618531671875e-08,2.347469694526407e-07,2.379149230272423e-08,1.2365195482963664e-09,1.2365195459683412e-09,2.3280251809802135e-18
8,polynomial,177,2,183,1,5,0.09526003097458237,0.0952600291665415,1.3033300393094915e-07,1.3681814145717115e-06,6.116871259135702e-08,1.6123799647178027e-09,1.6123799624029888e-09,2.3148138658268228e-18
8,polynomial,178,0,179,1,5,0.06725770611259572,0.06725780963180183,1.035192061099588e-07,1.5391403121312964e-06,4.2812280370744736e-08,-1.1309066826544936e-10,-1.1309066849439765e-10,2.2894829071334583e-19
8,polynomial,179,0,180,2,5,0.1485936365998194,0.1485935902241332,4.637568618015564e-08,3.1209739017997767e-07,2.9647634954479038e-08,3.196837354756562e-09,3.196837357253114e-09,2.4965518570544703e-18
8,polynomial,179,2,185,1,5,0.08873578542762411,0.0887358462934612,8.933313179471103e-08,1.006731050935994e-06,4.2138512676041276e-08,-3.0660888078447114e-09,-3.0660888076308124e-09,2.1389898023886232e-19
8,polynomial,180,0,181,1,5,0.07115948367252038,0.07115965782959068,1.7415707029289074e-07,2.4474129809611047e-06,7.833183033710914e-08,-2.0398124798789335e-09,-2.0398124799975984e-09,1.186648491350197e-19
8,polynomial,181,0,182,2,5,0.12568737867554794,0.12568740614671453,2.747116659151949e-08,2.1856737626880836e-07,1.5100453039084683e-08,-8.528417526764452e-10,-8.528417524667937e-10,2.096515111909791e-19
8,polynomial,181,2,187,1,5,0.06532117065793212,0.06532131876402082,1.4810608869875175e-07,2.2673468861490443e-06,7.487157013188443e-08,3.756116486803925e-09,3.756116486840597e-09,3.667222527692593e-20
8,polynomial,182,0,431,0,5,0.07552349875237567,0.0755235195200154,2.356452831475675e-08,3.120157596536749e-07,1.4031159338692365e-08,-7.809572213624444e-10,-7.809572205235759e-10,8.388684678132488e-19
8,polynomial,183,0,184,1,5,0.04179740799606198,0.041797451999741615,4.4003679637583115e-08,1.0527837830367062e-06,1.718892058554788e-08,5.126107896262022e-10,5.126107899068237e-10,2.806215397964975e-19
8,polynomial,184,0,185,2,5,0.12225435597863507,0.12225427594308329,8.003555178326405e-08,6.546642133328231e-07,4.5670520701876744e-08,3.843696792499634e-09,3.843696788395089e-09,4.104544645743253e-18
8,polynomial,184,2,188,1,5,0.08601793142106968,0.08601793311397421,6.104219109348552e-08,7.096449412775856e-07,3.28471863052826e-08,-1.6177570410418857e-09,-1.6177570410624102e-09,2.0524418948972e-20
8,polynomial,185,0,186,1,5,0.0426463163600464,0.04264644474858782,1.2838854142327438e-07,3.0105332854862606e-06,5.876271179792779e-08,-8.442916078560942e-09,-8.44291607822679e-09,3.341528433305964e-19
8,polynomial,186,0,187,2,5,0.10263775275534197,0.10263771235138669,4.0403955278711656e-08,3.9365588386392997e-07,2.0328780289821954e-08,3.029871916201487e-10,3.0298719077494705e-10,8.452016727756845e-19
8,polynomial,186,2,190,1,5,0.06955560804610847,0.06955566339403493,5.534792646422204e-08,7.957357282422046e-07,2.988447680026062e-08,2.4762712525399973e-10,2.4762712603264e-10,7.786402583411323e-19
8,polynomial,187,0,422,0,5,0.048846417331580266,0.048846424089447255,1.2325266592061457e-08,2.523268964272903e-07,6.6233429987097506e-09,6.977740923186916e-12,6.977742262957473e-12,1.3397705570274845e-18
8,polynomial,188,0,189,1,5,0.021065852981021718,0.02106590653922337,5.3558201651426884e-08,2.54241143393022e-06,2.3016831396086846e-08,-2.0367147887590943e-10,-2.0367147909647745e-10,2.2056802052999454e-19
8,polynomial,189,0,190,2,5,0.08397190770133374,0.08397185847521933,4.922611440694169e-08,5.862212227216058e-07,2.359686044385249e-08,-8.296273844948529e-10,-8.296273852971887e-10,8.023358292646912e-19
8,polynomial,189,2,191,1,5,0.06979252156717371,0.06979253064645807,1.131250296909636e-08,1.6208758823205765e-07,5.842428038895284e-09,1.205919524393468e-10,1.205919540472684e-10,1.607921599457315e-18
8,polynomial,190,0,411,0,5,0.024534025523322678,0.024534025809532622,4.0817813434790295e-09,1.66372260923157e-07,1.9936224409235195e-09,2.7073925005054054e-10,2.707392499216907e-10,1.2884982061980855e-19
8,polynomial,191,0,398,0,5,0.008480334479588444,0.008480334017751737,1.1114092979269685e-09,1.3105724787177333e-07,5.799790033329487e-10,-3.0672982218941685e-11,-3.0672982211147065e-11,7.794619847315213e-21
8,polynomial,192,0,193,1,5,0.07093433899563692,0.07093433150055357,9.728302004241574e-09,1.3714517033618863e-07,4.743513746079736e-09,-6.998553727163995e-13,-6.998549322086538e-13,4.405077456859668e-19
8,polynomial,193,0,194,2,5,0.008024879992413442,0.008024924129667427,7.021449351021086e-08,8.749552316717134e-06,3.142956419501401e-08,-3.894470526126058e-10,-3.8944705256449086e-10,4.811492488310167e-20
8,polynomial,193,2,207,1,5,0.07016013881991912,0.07016017403681549,7.454658069311337e-08,1.0625198941780871e-06,3.1134368866074325e-08,-1.2059282993384e-09,-1.20592829966591e-09,3.275101694214893e-19
8,polynomial,194,0,195,1,5,0.06921645327987137,0.06921638642962011,6.685025126518251e-08,9.658144573643306e-07,3.955829701103928e-08,-1.4848781725934483e-09,-1.4848781721612245e-09,4.322237903451896e-19
8,polynomial,195,0,196,2,5,0.015280292576373838,0.015280341888167393,7.15821380729148e-08,4.68459008291861e-06,3.3554544399765874e-08,4.8458918434551694e-09,4.845891843517731e-09,6.256132408861059e-20
8,polynomial,195,2,209,1,5,0.07379748323701214,0.07379756964667905,2.178745948655525e-07,2.952327507649258e-06,9.869383339617649e-08,-1.2900541022054784e-08,-1.290054102099181e-08,1.0629750636061686e-18
8,polynomial,196,0,197,1,5,0.05701945465778548,0.057019223860619014,2.3079716646862147e-07,4.047691579195212e-06,1.2577362659906171e-07,-3.437874080871115e-09,-3.437874079773536e-09,1.0975789237614057e-18
8,polynomial,197,0,198,2,5,0.014013910737036554,0.014013880729408608,8.18255105651533e-08,5.83887767665748e-06,3.4812463425741755e-08,-3.951190462573865e-09,-3.951190462354091e-09,2.197744441298265e-19
8,polynomial,197,2,211,1,5,0.05942072862479414,0.05942081274203237,3.601218025242603e-07,6.060533101216263e-06,1.7113080130595435e-07,1.4577740845168616e-08,1.4577740845144507e-08,2.4109006133470545e-20
8,polynomial,198,0,199,1,5,0.03468500986003528,0.0346847069927686,3.028672666827159e-07,8.73193543565012e-06,1.4563343329906425e-07,7.444137604140892e-09,7.444137604022438e-09,1.1845391807881867e-19
8,polynomial,199,0,200,2,5,0.03468470699276859,0.034685009860035275,3.028672666827159e-07,8.731935435650122e-06,1.4563343329612153e-07,3.659630975334925e-09,3.6596309753843528e-09,4.942776391279989e-20
8,polynomial,199,2,213,1,5,0.021368345663211056,0.02136817814941606,1.6751379499496677e-07,7.839343187122245e-06,8.438775782988729e-08,4.862899784916648e-10,4.862899785230977e-10,3.143286327701505e-20
8,polynomial,200,0,201,1,5,0.01401388072940862,0.01401391073703659,8.182551055127552e-08,5.838877675667178e-06,3.481246342879231e-08,2.6265064532542226e-10,2.6265064525999165e-10,6.54306068384039e-20
8,polynomial,201,0,202,2,5,0.05701922386061906,0.05701945465778547,2.3079716640617143e-07,4.047691578099971e-06,1.257736265710633e-07,-4.279698059344606e-09,-4.279698058908335e-09,4.362715986727179e-19
8,polynomial,201,2,215,1,5,0.05942072862479421,0.05942081274203238,3.60121802545077e-07,6.060533101566588e-06,1.7113080130317984e-07,2.9090486623651083e-08,2.9090486623656043e-08,4.959774952867954e-21
8,polynomial,202,0,203,1,5,0.015280341888167383,0.015280292576373864,7.158213814490583e-08,4.684590087629962e-06,3.355454441274163e-08,9.437923078803053e-10,9.437923077808912e-10,9.941408153422622e-20
8,polynomial,203,0,204,2,5,0.06921638642962011,0.06921645327987141,6.685025130681588e-08,9.658144579658253e-07,3.9558297017739154e-08,-1.0616788329730764e-10,-1.0616788380244182e-10,5.051341778726043e-19
8,polynomial,203,2,217,1,5,0.07379748323701217,0.07379756964667901,2.1787459487943028e-07,2.9523275078373116e-06,9.869383340017623e-08,-7.096496991524381e-10,-7.096496987002303e-10,4.5220785355901135e-19
8,polynomial,204,0,205,1,5,0.008024924129667432,0.008024879992413442,7.021449352322129e-08,8.74955231833838e-06,3.1429564200648696e-08,9.423838585472202e-11,9.423838585102618e-11,3.695842976886928e-21
8,polynomial,205,0,206,2,5,0.07093433150055353,0.07093433899563693,9.728301948730422e-09,1.371451695536177e-07,4.743513748743058e-09,-6.204584007826626e-11,-6.204583974045775e-11,3.378085163489862e-19
8,polynomial,205,2,219,1,5,0.0701601388199192,0.07016017403681551,7.454658079025789e-08,1.0625198955626974e-06,3.113436889048596e-08,1.3229431398360699e-09,1.3229431405192204e-09,6.831504767292225e-19
8,polynomial,206,0,511,0,5,0.008480334017751737,0.008480334479588444,1.1114092979269685e-09,1.3105724787177333e-07,5.799790033329487e-10,-2.028543008406717e-10,-2.0285430082310047e-10,1.7571229065792837e-20
8,polynomial,207,0,208,1,5,0.09291057060456889,0.09291058082586888,7.254451582505705e-08,7.807992930430444e-07,4.2298237840216786e-08,-9.934600729662346e-10,-9.934600731478518e-10,1.8161722285821472e-19
8,polynomial,208,0,209,2,5,0.027861843733603432,0.027861674211998366,1.695216050659476e-07,6.084364218204701e-06,8.448790887525928e-08,-8.017367776819596e-10,-8.017367778469002e-10,1.6494064132368627e-19
8,polynomial,208,2,220,1,5,0.07239527692392887,0.07239530215900367,7.518186250637937e-08,1.0384909001589014e-06,3.0245990814047746e-08,-1.1388922467787402e-10,-1.1388922221093812e-10,2.466935895992928e-18
8,polynomial,209,0,210,1,5,0.09611948124987456,0.09611941504970004,9.466746919706281e-08,9.848936757259743e-07,4.1726800301492076e-08,-2.5309651250675683e-10,-2.530965112158433e-10,1.290913521887952e-18
8,polynomial,210,0,211,2,5,0.039101652021885966,0.03910149348856539,1.5853332057530478e-07,4.054389325713669e-06,8.350454863647568e-08,4.193344568549436e-09,4.1933445683084316e-09,2.4100403455099993e-19
8,polynomial,210,2,222,1,5,0.071348041870945,0.07134808555149418,2.1567684039408563e-07,3.0228819557943824e-06,9.180061168206948e-08,-6.78629700823156e-10,-6.786297013499816e-10,5.268255418707355e-19
8,polynomial,211,0,212,1,5,0.08545796732234279,0.08545770644306841,2.6087927437745684e-07,3.05272033201345e-06,1.122044918089965e-07,3.745058458468914e-09,3.745058458657698e-09,1.8878329529991474e-19
8,polynomial,212,0,213,2,5,0.06156701055123805,0.06156715934807575,1.4879683770535612e-07,2.4168215535837726e-06,6.327519269993003e-08,-9.023090003488761e-09,-9.023090004004553e-09,5.157917796798906e-19
8,polynomial,212,2,224,1,5,0.04539900592320765,0.0453989434723948,2.7533445600856285e-07,6.06476838885615e-06,1.1417827273102698e-07,-1.5001005855278073e-08,-1.5001005854911212e-08,3.668612191121682e-19
8,polynomial,213,0,214,1,5,0.061567159348075724,0.061567010551238074,1.4879683764984497e-07,2.416821552682138e-06,6.327519268475729e-08,-5.195397315044504e-10,-5.195397330722916e-10,1.5678411315627292e-18
8,polynomial,214,0,215,2,5,0.08545770644306838,0.08545796732234284,2.6087927446072356e-07,3.052720332987807e-06,1.1220449182894977e-07,3.685227219470171e-09,3.6852272183457733e-09,1.1243977735816e-18
8,polynomial,214,2,226,1,5,0.04539900592320769,0.04539894347239481,2.753344560237417e-07,6.064768389190487e-06,1.1417827274708531e-07,1.945994083304832e-08,1.945994083269095e-08,3.5736849440250965e-19
8,polynomial,215,0,216,1,5,0.03910149348856537,0.039101652021885966,1.5853332059612146e-07,4.054389326246043e-06,8.350454862878768e-08,5.474721805669458e-09,5.474721805467202e-09,2.022555859365659e-19
8,polynomial,216,0,217,2,5,0.09611941504970004,0.09611948124987461,9.466746919706281e-08,9.848936757259736e-07,4.1726800320176015e-08,-6.279642078881955e-09,-6.279642076542671e-09,2.339284143092826e-18
8,polynomial,216,2,228,1,5,0.07134804187094505,0.0713480855514942,2.156768404287801e-07,3.0228819562806517e-06,9.180061169160028e-08,5.5273199981738515e-09,5.5273199973062895e-09,8.675619156966414e-19
8,polynomial,217,0,218,1,5,0.02786167421199834,0.02786184373360352,1.6952160518043935e-07,6.084364222313949e-06,8.448790890721308e-08,-1.890576180020847e-08,-1.8905761800325735e-08,1.1726443235796742e-19
8,polynomial,218,0,219,2,5,0.09291058082586887,0.09291057060456893,7.254451582505705e-08,7.807992930430445e-07,4.22982378402825e-08,8.990177565727531e-10,8.990177582839706e-10,1.7112174845098877e-18
8,polynomial,218,2,230,1,5,0.0723952769239289,0.07239530215900367,7.518186249944048e-08,1.038490900063054e-06,3.0245990807762966e-08,4.1223723376482934e-09,4.122372334900014e-09,2.7482794610666076e-18
8,polynomial,219,0,510,0,5,0.024534025809532622,0.024534025523322678,4.0817813434790295e-09,1.66372260923157e-07,1.9936224409235195e-09,3.481277217854009e-11,3.481277196944209e-11,2.090979981142104e-19
8,polynomial,220,0,221,1,5,0.11616428343226931,0.11616433944329274,2.1302408169387999e-07,1.8338164940702021e-06,1.0954655538645559e-07,-4.270378352490178e-09,-4.270378352707979e-09,2.178016183688875e-19
8,polynomial,221,0,222,2,5,0.06436501800564028,0.06436480994528337,2.0806035690157376e-07,3.232506776947402e-06,1.14840052686736e-07,3.4425211426998054e-09,3.442521144311845e-09,1.6120397698356985e-18
8,polynomial,221,2,231,1,5,0.06333352663439454,0.06333348129397606,4.534041847525927e-08,7.158991593346114e-07,2.382267381695697e-08,2.102019180228555e-09,2.102019179465611e-09,7.629442477239972e-19
8,polynomial,222,0,223,1,5,0.12442200480664792,0.12442201448902417,2.971833552717351e-07,2.3885110403669845e-06,1.307802685235345e-07,-5.198953453925516e-09,-5.198953452878623e-09,1.0468930181369127e-18
8,polynomial,223,0,224,2,5,0.08916648519414092,0.08916637659761945,1.0859652146977261e-07,1.2179073923719988e-06,5.8798111271982075e-08,-2.2761864626689803e-09,-2.2761864640605346e-09,1.3915543639693827e-18
8,polynomial,223,2,233,1,5,0.05328701242573861,0.05328691393643607,9.848930253991695e-08,1.8482796849827667e-06,5.303775425648462e-08,5.4921701778749205e-09,5.4921701775930455e-09,2.8187502861724503e-19
8,polynomial,224,0,225,1,5,0.11472797044251985,0.11472788565601283,1.1145257905464945e-07,9.71450803363497e-07,5.190186642017968e-08,2.206273307308211e-09,2.2062733084232235e-09,1.1150125823515733e-18
8,polynomial,225,0,226,2,5,0.11472788565601282,0.1147279704425199,1.1145257901301608e-07,9.714508030006089e-07,5.190186641814047e-08,2.308798067964905e-10,2.308798074775757e-10,6.810852135348308e-19
8,polynomial,225,2,235,1,5,0.019628100517533626,0.019628045918504523,5.5066777646453624e-08,2.8055072164146963e-06,4.645063490026723e-08,-1.815171576374881e-09,-1.8151715761369444e-09,2.3793664204450017e-19
8,polynomial,226,0,227,1,5,0.08916637659761936,0.089166485194141,1.0859652163630606e-07,1.2179073942396664e-06,5.879811128119892e-08,-6.497512635543619e-09,-6.49751263539956e-09,1.4405929394039764e-19
8,polynomial,227,0,228,2,5,0.12442201448902415,0.12442200480664793,2.971833552856129e-07,2.3885110404785227e-06,1.3078026854071571e-07,7.735979537959893e-09,7.735979538185971e-09,2.260783875780931e-19
8,polynomial,227,2,237,1,5,0.05328701242573865,0.05328691393643605,9.84893025954281e-08,1.8482796860245044e-06,5.3037754272488013e-08,-6.951363966621184e-10,-6.951363961412349e-10,5.208834899404608e-19
8,polynomial,228,0,229,1,5,0.06436480994528326,0.06436501800564035,2.08060357081985e-07,3.2325067797503383e-06,1.1484005273601146e-07,-6.910068313203319e-10,-6.91006831272677e-10,4.7654805667369047e-20
8,polynomial,229,0,230,2,5,0.11616433944329271,0.11616428343226955,2.1302408162449105e-07,1.8338164934728683e-06,1.0954655536585695e-07,1.5276105991597856e-09,1.5276105995261716e-09,3.663860038502565e-19
8,polynomial,229,2,239,1,5,0.06333352663439457,0.06333348129397606,4.5340418503014845e-08,7.158991597728556e-07,2.3822673822582603e-08,-5.868152504879464e-09,-5.86815250235262e-09,2.5268440382667747e-18
8,polynomial,230,0,507,0,5,0.048846424089447255,0.048846417331580266,1.2325266592061457e-08,2.523268964272903e-07,6.6233429987097506e-09,-9.28938578459529e-10,-9.289385789401938e-10,4.806648311847903e-19
8,polynomial,231,0,232,1,5,0.13017932217352285,0.13017938771279702,2.3522354485050467e-07,1.806918506710579e-06,1.0525851188969599e-07,-4.273412101196262e-09,-4.273412099872148e-09,1.3241143286279344e-18
8,polynomial,232,0,233,2,5,0.09963599437521853,0.09963596660198999,7.65785637263372e-08,7.685833237931114e-07,3.199205121153813e-08,-1.7186945571870125e-09,-1.7186945580118936e-09,8.248810504501303e-19
8,polynomial,232,2,240,1,5,0.04282417038437187,0.04282407176322699,1.4851449033764785e-07,3.4680062451798554e-06,8.030997227707271e-08,4.223816600336363e-09,4.2238166002986384e-09,3.772439901609338e-20
8,polynomial,233,0,234,1,5,0.1376699898252726,0.1376699905306949,1.410728756590096e-07,1.02471769711901e-06,5.9128162771292e-08,-6.5849486125600776e-09,-6.584948613929293e-09,1.3692155243467756e-18
8,polynomial,234,0,235,2,5,0.12534179335143517,0.1253418582244747,1.3873991835944288e-07,1.1068921454074312e-06,7.28657101101889e-08,-4.457813006634672e-09,-4.457813006222957e-09,4.117150878278561e-19
8,polynomial,234,2,242,1,5,0.026736439594025933,0.026736364051716286,1.1241134099644959e-07,4.204424474736984e-06,7.07651506432469e-08,-4.412504834171793e-09,-4.4125048342737254e-09,1.0193263970429705e-19
8,polynomial,235,0,236,1,5,0.12534185822447452,0.1253417933514353,1.3873991831780952e-07,1.1068921450752743e-06,7.286571008492686e-08,-1.3359688446790206e-09,-1.3359688461548062e-09,1.4757855453601981e-18
8,polynomial,236,0,237,2,5,0.13766999053069487,0.1376699898252727,1.410728756590096e-07,1.0247176971190103e-06,5.9128162771839044e-08,9.798447447348094e-10,9.798447439020891e-10,8.327202411152953e-19
8,polynomial,236,2,244,1,5,0.02673643959402597,0.026736364051716303,1.1241134095785199e-07,4.204424473293345e-06,7.076515063671922e-08,1.7570749274529614e-09,1.7570749274565758e-09,3.6143656865504544e-21
8,polynomial,237,0,238,1,5,0.09963596660199,0.09963599437521853,7.657856365694826e-08,7.685833230966869e-07,3.1992051189283024e-08,-2.721482890215471e-10,-2.7214828929023573e-10,2.686886322798075e-19
8,polynomial,238,0,239,2,5,0.13017938771279702,0.130179322173523,2.3522354483662689e-07,1.8069185066039737e-06,1.0525851188086412e-07,6.582127924108148e-09,6.582127924649226e-09,5.410778638250241e-19
8,polynomial,238,2,246,1,5,0.04282417038437191,0.042824071763227,1.4851449031336172e-07,3.4680062446127393e-06,8.030997227040669e-08,2.899452771366798e-09,2.899452772227047e-09,8.602488119010601e-19
8,polynomial,239,0,502,0,5,0.0755235195200154,0.07552349875237567,2.356452831475675e-08,3.120157596536749e-07,1.4031159338692364e-08,-3.5784366448672087e-09,-3.5784366442958316e-09,5.7137707607253525e-19
8,polynomial,240,0,241,1,5,0.1253198074794165,0.12531981379408474,5.435434406730888e-08,4.3372506247591053e-07,2.1565894012416188e-08,-4.381816042910794e-09,-4.381816043436265e-09,5.254706200273736e-19
8,polynomial,241,0,242,2,5,0.1128516150022337,0.11285168876953175,1.8596473227994181e-07,1.647868404164719e-06,9.47628679922966e-08,-7.184233104353224e-09,-7.184233104416527e-09,6.330330509807065e-20
8,polynomial,241,2,247,1,5,0.020904308468710296,0.020904254265727843,8.269107778721696e-08,3.95569544484045e-06,5.2702779456242066e-08,1.7395031807861571e-09,1.7395031807241643e-09,6.199284421263352e-20
8,polynomial,242,0,243,1,5,0.12661031163441194,0.1266102512404578,1.1215763426331016e-07,8.858491288384632e-07,5.471337544071572e-08,6.306644859205046e-09,6.306644859880052e-09,6.750058496228723e-19
8,polynomial,243,0,244,2,5,0.12661025124045774,0.126610311634412,1.1215763438821025e-07,8.85849129824955e-07,5.47133754640385e-08,-5.136729458763804e-09,-5.136729456352553e-09,2.4112505107461644e-18
8,polynomial,243,2,249,1,5,0.007383629622075933,0.0073836349564133895,1.2571772393943359e-08,1.7026535667264507e-06,9.076827339501435e-09,-3.7974592576177555e-11,-3.797459262166833e-11,4.549077840030815e-20
8,polynomial,244,0,245,1,5,0.11285168876953176,0.11285161500223366,1.8596473223830845e-07,1.6478684037957976e-06,9.476286800116984e-08,3.980444272087571e-09,3.980444271954802e-09,1.3276910575966137e-19
8,polynomial,245,0,246,2,5,0.12531981379408463,0.12531980747941648,5.435434401179773e-08,4.33725062032955e-07,2.1565893993199982e-08,-3.159334230969059e-10,-3.1593342279351554e-10,3.0339035824126727e-19
8,polynomial,245,2,251,1,5,0.02090430846871033,0.020904254265727857,8.269107781670726e-08,3.955695446251171e-06,5.27027794573035e-08,-1.1273957108068725e-09,-1.1273957110679247e-09,2.6105220426229452e-19
8,polynomial,246,0,495,0,5,0.09200793094762244,0.09200790738309411,2.3564528328634538e-08,2.5611409892533254e-07,1.4031159350375559e-08,-4.1864030582209183e-10,-4.186403068304188e-10,1.0083269628475466e-18
8,polynomial,247,0,248,1,5,0.10537850851229418,0.1053784921004074,3.117818282716289e-08,2.958685150067903e-07,1.342189244286078e-08,1.11218993505238e-09,1.1121899356458257e-09,5.934456344299906e-19
8,polynomial,248,0,249,2,5,0.10236099450521602,0.10236102945492663,8.94860534561559e-08,8.742199441786577e-07,3.99430306127148e-08,1.0056499717283565e-09,1.00564997178436e-09,5.600343619229019e-20
8,polynomial,248,2,252,1,5,0.006892649404799144,0.006892637490594714,1.5921565349116817e-08,2.3099340201506713e-06,1.1376636515789134e-08,-2.9527957828893175e-10,-2.9527957826005456e-10,2.8877185376955904e-20
8,polynomial,249,0,250,1,5,0.10236102945492655,0.10236099450521595,8.948605347003369e-08,8.742199443142353e-07,3.9943030614379386e-08,2.162721223782623e-09,2.16272122399247e-09,2.0984703600827131e-19
8,polynomial,250,0,251,2,5,0.1053784921004074,0.10537850851229424,3.117818284104068e-08,2.9586851513848483e-07,1.3421892432810402e-08,-1.379291872542689e-09,-1.379291873725365e-09,1.182675956458411e-18
8,polynomial,250,2,254,1,5,0.006892649404799172,0.006892637490594707,1.5921565349116817e-08,2.3099340201506616e-06,1.1376636510736564e-08,-5.351855944981018e-10,-5.351855945091434e-10,1.104162040666409e-20
8,polynomial,251,0,486,0,5,0.09131302776692127,0.09131301544165459,1.2325266682267078e-08,1.3497818420529896e-07,6.623343027146278e-09,6.428932755974243e-10,6.428932746452128e-10,9.52211547079832e-19
8,polynomial,252,0,253,1,5,0.0821810179780863,0.08218101103157135,2.0988379104136534e-08,2.553920554955053e-07,8.213756514857608e-09,1.74346185140295e-11,1.743461680012554e-11,1.7139039603443068e-18
8,polynomial,253,0,254,2,5,0.08218101103157133,0.08218101797808637,2.0988379173525473e-08,2.5539205633984773e-07,8.213756524635497e-09,-2.4702950706843553e-09,-2.4702950696016184e-09,1.0827368220303667e-18
8,polynomial,253,2,255,1,5,0.0011418099333798302,0.0011418083491788345,1.5842010184143746e-09,1.38744722050634e-06,1.252953833437706e-09,2.618097404139071e-10,2.6180974034903794e-10,6.486915799763354e-20
8,polynomial,254,0,475,0,5,0.07869427570441963,0.07869427162263831,4.081781315723454e-09,5.186884661159939e-08,1.9936224653461587e-09,-2.4436861860940125e-10,-2.4436862446070903e-10,5.851307787234558e-18
8,polynomial,255,0,462,0,5,0.06302314235262088,0.06302314291203177,1.1114093118047563e-09,1.763493949129244e-08,5.799790044187626e-10,2.39098706681496e-10,2.390987064378537e-10,2.436423271147378e-19
8,polynomial,256,0,257,1,5,0.06979253064645807,0.06979252156717373,1.1312502927462997e-08,1.6208758763552728e-07,5.8424280214319794e-09,8.542437215392768e-10,8.542437220034291e-10,4.641523416042771e-19
8,polynomial,256,1,448,2,5,0.0707943073994842,0.07079430739948424,4.163336342344337e-17,5.88089140960318e-16,3.470516423196761e-17,-1.43266447521731e-18,-1.4942195971298976e-18,6.155512191258761e-20
8,polynomial,256,2,320,1,5,0.008480334479588474,0.008480334017751733,1.1114093257909644e-09,1.3105725115749182e-07,5.799790193829202e-10,3.3935800940653385e-11,3.393580091823369e-11,2.2419696527484124e-20
8,polynomial,257,0,258,2,5,0.0210659065392233,0.02106585298102178,5.35582015195879e-08,2.542411427671823e-06,2.3016831351702598e-08,-3.86290530376937e-09,-3.862905303552018e-09,2.173524592962712e-19
8,polynomial,257,2,271,1,5,0.08397190770133377,0.08397185847521933,4.9226114434697266e-08,5.862212230521396e-07,2.3596860428825846e-08,1.8232194774751164e-09,1.8232194777547313e-09,2.79614964388597e-19
8,polynomial,258,0,259,1,5,0.08601793311397417,0.08601793142106968,6.104219096858543e-08,7.096449398255622e-07,3.284718628249283e-08,6.308053618509244e-10,6.308053607934802e-10,1.0574442238379094e-18
8,polynomial,258,1,463,2,5,0.10024987255292027,0.10024987255292032,5.551115123125783e-17,5.537278982769217e-16,3.812580123811891e-17,7.069298652001096e-19,3.2797379049794763e-18,2.5728080397793668e-18
8,polynomial,259,0,260,2,5,0.04179745199974175,0.041797407996062005,4.4003679741666524e-08,1.0527837855268882e-06,1.7188920626480778e-08,-2.2550726998163475e-09,-2.2550726999314807e-09,1.1513320150972454e-19
8,polynomial,259,2,273,1,5,0.12225435597863517,0.12225427594308343,8.003555174163068e-08,6.546642129922755e-07,4.567052070652301e-08,3.826027258161189e-09,3.826027256313936e-09,1.847253126508521e-18
8,polynomial,260,0,261,1,5,0.09526002916654143,0.09526003097458238,1.3033300395870473e-07,1.3681814148630777e-06,6.116871260435877e-08,5.916771481914544e-10,5.916771483678993e-10,1.764449658854972e-19
8,polynomial,260,1,476,2,5,0.13216960855456766,0.13216960855456772,5.551115123125783e-17,4.199993617166493e-16,4.651194547336526e-17,-8.268479071927522e-19,3.4445009429664127e-18,4.271348850159165e-18
8,polynomial,261,0,262,2,5,0.06734876521030132,0.06734874494654752,3.902575027719957e-08,5.794575469251571e-07,1.8918398955400393e-08,4.75185961582361e-10,4.75185961903942e-10,3.215809387907092e-19
8,polynomial,261,2,275,1,5,0.15938941980964838,0.15938942855774468,3.7416185177940875e-08,2.347469685819564e-07,2.3791492245456787e-08,9.95698567915105e-10,9.956985693165563e-10,1.4014513732034266e-18
8,polynomial,262,0,263,1,5,0.08791039772757442,0.0879104109937216,8.670905451979571e-08,9.863343094367779e-07,3.880565608150937e-08,-7.134572184173952e-10,-7.134572187606371e-10,3.4324190390132905e-19
8,polynomial,262,1,487,2,5,0.1537782441329402,0.15377824413294014,1.1102230246251565e-16,7.219636502452041e-16,6.988675367311056e-17,-6.628282011510448e-18,-6.661911397432248e-18,3.362938592179971e-20
8,polynomial,263,0,264,2,5,0.08791041099372164,0.08791039772757443,8.670905447816235e-08,9.863343089631888e-07,3.8805656060146976e-08,-1.359121269936287e-09,-1.3591212705910849e-09,6.547978272582018e-19
8,polynomial,263,2,277,1,5,0.17596442637317894,0.17596444490793098,4.8805335273183204e-08,2.773590727303995e-07,3.571492651123976e-08,-2.093275678024776e-09,-2.093275680475316e-09,2.450539935481208e-18
8,polynomial,264,0,265,1,5,0.06734874494654747,0.0673487652103013,3.9025750235566203e-08,5.794575463069818e-07,1.891839893690844e-08,3.012362154549591e-10,3.0123621427172235e-10,1.1832367332149337e-18
8,polynomial,264,1,496,2,5,0.15377824413294017,0.1537782441329401,5.551115123125783e-17,3.6098182512260217e-16,5.551115123125783e-17,-2.431734039057359e-18,-1.7891584161510368e-18,6.4257562290632205e-19
8,polynomial,265,0,266,2,5,0.09526003097458235,0.09526002916654149,1.3033300383380464e-07,1.3681814135519291e-06,6.116871258100756e-08,-7.030433911384454e-11,-7.030433943451992e-11,3.2067538281511676e-19
8,polynomial,265,2,279,1,5,0.1593894198096484,0.15938942855774466,3.74161852612076e-08,2.3474696910436703e-07,2.379149226962694e-08,-8.650988032781857e-10,-8.650988026189949e-10,6.591907766963178e-19
8,polynomial,266,0,267,1,5,0.04179740799606195,0.04179745199974163,4.400367967921648e-08,1.05278378403278e-06,1.7188920599927844e-08,-2.378478071167715e-09,-2.378478071505011e-09,3.372961296582979e-19
8,polynomial,266,1,503,2,5,0.13216960855456764,0.13216960855456758,8.326672684688674e-17,6.299990425749743e-16,5.554427387655981e-17,-8.390180701860819e-19,2.7204387677187644e-18,3.559456837904846e-18
8,polynomial,267,0,268,2,5,0.08601793142106967,0.08601793311397415,6.104219092695207e-08,7.096449393415543e-07,3.284718629349241e-08,-3.805348935584828e-10,-3.805348925424197e-10,1.0160631178276605e-18
8,polynomial,267,2,281,1,5,0.12225435597863507,0.12225427594308333,8.003555174163068e-08,6.546642129922761e-07,4.567052070564795e-08,-1.183192759497728e-09,-1.1831927594680737e-09,2.965442496002604e-20
8,polynomial,268,0,269,1,5,0.021065852981021746,0.021065906539223384,5.3558201637549097e-08,2.5424114332714388e-06,2.3016831393648685e-08,-8.415153960978313e-12,-8.415154236117661e-12,2.75139348588014e-19
8,polynomial,268,1,508,2,5,0.10024987255292024,0.10024987255292024,6.938893903907228e-17,6.921598728461527e-16,4.248927590600552e-17,1.0846353454331264e-18,2.4031472819195332e-18,1.3185119364864068e-18
8,polynomial,269,0,270,2,5,0.06979252156717372,0.06979253064645807,1.131250291358521e-08,1.6208758743668384e-07,5.842428021560206e-09,-2.2906856602692398e-10,-2.290685659559091e-10,7.101487730435525e-20
8,polynomial,269,2,283,1,5,0.08397190770133373,0.08397185847521936,4.9226114365308327e-08,5.862212222258048e-07,2.3596860425393096e-08,2.4364482005020184e-09,2.4364482009468075e-09,4.447890774401764e-19
8,polynomial,270,1,511,2,5,0.07079430739948421,0.0707943073994842,5.551115123125783e-17,7.841188546137576e-16,3.8662932303144985e-17,7.656389449432515e-18,7.75979560311508e-18,1.0340615368256503e-19
8,polynomial,271,0,272,1,5,0.06955566339403493,0.06955560804610854,5.53479263948331e-08,7.957357272446016e-07,2.9884476774705655e-08,-6.818423043814041e-10,-6.818423041547987e-10,2.2660540502586595e-19
8,polynomial,271,2,322,1,5,0.024534025523322664,0.02453402580953264,4.081781331335965e-09,1.6637226042820898e-07,1.9936224521134998e-09,9.687518207526175e-11,9.687518249481531e-11,4.195535547099852e-19
8,polynomial,272,0,273,2,5,0.04264644474858779,0.04264631636004642,1.2838854136776323e-07,3.0105332841846035e-06,5.876271182384489e-08,-4.017320432372288e-09,-4.017320432560293e-09,1.8800491834350234e-19
8,polynomial,272,2,284,1,5,0.10263775275534205,0.1026377123513867,4.0403955348100595e-08,3.9365588453998635e-07,2.0328780307793008e-08,2.118924225568078e-09,2.1189242271206203e-09,1.5525423227359843e-18
8,polynomial,273,0,274,1,5,0.0887358462934612,0.08873578542762414,8.933313176695545e-08,1.0067310506232051e-06,4.213851266073268e-08,1.7686103542243095e-09,1.768610355286464e-09,1.062154500438516e-18
8,polynomial,274,0,275,2,5,0.06725780963180177,0.06725770611259584,1.0351920592954755e-07,1.5391403094489146e-06,4.28122803411626e-08,-1.2618663073032268e-09,-1.2618663075425504e-09,2.3932361713659846e-19
8,polynomial,274,2,286,1,5,0.14859363659981958,0.14859359022413332,4.6375686263422367e-08,3.120973907403426e-07,2.9647634964971847e-08,4.558695857289994e-09,4.558695859582096e-09,2.292101760952801e-18
8,polynomial,275,0,276,1,5,0.09768564075493161,0.09768557489499823,1.8477201427224976e-07,1.8914961589472059e-06,8.28186169859911e-08,-3.487444026067641e-09,-3.4874440257786906e-09,2.8895031798671735e-19
8,polynomial,276,0,277,2,5,0.0881543939118929,0.08815444613239802,9.905153926237364e-08,1.123613653174219e-06,6.050567000192693e-08,2.2476218955842604e-09,2.247621896466754e-09,8.824937665241424e-19
8,polynomial,276,2,288,1,5,0.18374798146392565,0.1837479576267842,3.014339669538124e-08,1.6404749840095058e-07,1.7354109393533015e-08,-1.0172024317419034e-09,-1.0172024329064507e-09,1.1645472593585457e-18
8,polynomial,277,0,278,1,5,0.08815444613239798,0.08815439391189293,9.905153933176258e-08,1.1236136539613487e-06,6.050566998235605e-08,3.708725294125051e-09,3.708725295209332e-09,1.084280754643697e-18
8,polynomial,278,0,279,2,5,0.09768557489499825,0.09768564075493162,1.847720142444942e-07,1.891496158663074e-06,8.281861697730109e-08,2.932357806622055e-09,2.9323578064866843e-09,1.3537058878614064e-19
8,polynomial,278,2,290,1,5,0.18374798146392574,0.18374795762678411,3.0143396806403544e-08,1.6404749900516015e-07,1.7354109436491218e-08,-2.76796164257986e-10,-2.7679616395152075e-10,3.064652470720683e-19
8,polynomial,279,0,280,1,5,0.0672577061125957,0.06725780963180185,1.0351920615159216e-07,1.5391403127503078e-06,4.281228036464641e-08,3.271137393175957e-10,3.271137399132592e-10,5.956635124473984e-19
8,polynomial,280,0,281,2,5,0.0887357854276241,0.08873584629346119,8.933313169756651e-08,1.0067310498412334e-06,4.2138512671482677e-08,1.8380415419172076e-09,1.8380415422458756e-09,3.286680154839104e-19
8,polynomial,280,2,292,1,5,0.14859363659981947,0.1485935902241333,4.637568618015564e-08,3.1209739017997746e-07,2.9647634980652164e-08,-1.3066441094377943e-09,-1.3066441123067568e-09,2.8689624241011036e-18
8,polynomial,281,0,282,1,5,0.04264631636004637,0.042646444748587836,1.2838854146490775e-07,3.010533286462504e-06,5.8762711824800263e-08,-1.512860731584145e-09,-1.5128607314485323e-09,1.3561274591046554e-19
8,polynomial,282,0,283,2,5,0.0695556080461085,0.06955566339403493,5.5347926436466466e-08,7.957357278431635e-07,2.9884476792446674e-08,-1.1895958577848435e-09,-1.1895958584261386e-09,6.412951377340393e-19
8,polynomial,282,2,294,1,5,0.10263775275534191,0.10263771235138673,4.040395518156714e-08,3.936558829174508e-07,2.0328780270738798e-08,1.4350940636059716e-09,1.4350940624171931e-09,1.188778481427521e-18
8,polynomial,284,0,285,1,5,0.06532131876402078,0.06532117065793216,1.4810608861548502e-07,2.2673468848743207e-06,7.487157013583982e-08,1.3850888830315331e-08,1.3850888829370396e-08,9.449347358336265e-19
8,polynomial,284,2,324,1,5,0.0488464173315803,0.048846424089447324,1.2325266585122563e-08,2.5232689628523464e-07,6.6233429820230055e-09,2.4414693884648086e-10,2.441469387169901e-10,1.2949078219696058e-19
8,polynomial,285,0,286,2,5,0.07115965782959063,0.07115948367252045,1.7415707018186843e-07,2.4474129794009204e-06,7.8331830305782e-08,-1.2328396246815792e-09,-1.232839622471556e-09,2.210023317106155e-18
8,polynomial,285,2,295,1,5,0.12568737867554805,0.1256874061467146,2.747116653600834e-08,2.1856737582714785e-07,1.510045304292179e-08,-4.706670292705371e-10,-4.706670294377279e-10,1.6719077938498364e-19
8,polynomial,286,0,287,1,5,0.08677363482689249,0.08677348635895904,1.4846793344736042e-07,1.7109797664180356e-06,6.790664278023307e-08,4.355373130830722e-09,4.355373130051073e-09,7.796491601945056e-19
8,polynomial,287,0,288,2,5,0.09065589316980442,0.0906557565752668,1.3659453762526752e-07,1.5067364387378215e-06,7.696844585693e-08,-6.17989194779719e-09,-6.179891948228497e-09,4.313068606361746e-19
8,polynomial,287,2,297,1,5,0.17062447811175702,0.1706244775067872,1.4058500308333777e-08,8.239439301977308e-08,8.572241899597926e-09,-4.930515055813645e-10,-4.930515067297582e-10,1.1483936627663039e-18
8,polynomial,288,0,289,1,5,0.09604436674594191,0.09604443955892193,1.6605160828297993e-07,1.7289039224504982e-06,9.369297920066757e-08,-3.0776888465648442e-09,-3.0776888461085768e-09,4.562674492102685e-19
8,polynomial,289,0,290,2,5,0.09604443955892193,0.09604436674594198,1.6605160803317975e-07,1.728903919849617e-06,9.369297915179878e-08,1.444593254572641e-08,1.4445932541985609e-08,3.740800243179185e-18
8,polynomial,289,2,299,1,5,0.1916354639322978,0.191635457091208,2.6666072100445248e-08,1.3914998588082845e-07,1.7975490574679172e-08,-2.8403549686173765e-10,-2.8403549567176813e-10,1.1899695181120207e-18
8,polynomial,290,0,291,1,5,0.0906557565752667,0.0906558931698044,1.3659453769465646e-07,1.5067364395032323e-06,7.696844586266995e-08,8.332475366765627e-09,8.33247536632284e-09,4.427881275384106e-19
8,polynomial,291,0,292,2,5,0.086773486358959,0.08677363482689243,1.4846793343348264e-07,1.7109797662581056e-06,6.79066427751159e-08,-1.0092259025848147e-09,-1.0092259022805528e-09,3.0426184471538017e-19
8,polynomial,291,2,301,1,5,0.17062447811175693,0.1706244775067871,1.4058500169555899e-08,8.239439220642043e-08,8.572241834921102e-09,-5.1782627741178255e-11,-5.178262521765964e-11,2.5235186171079467e-18
8,polynomial,292,0,293,1,5,0.07115948367252034,0.07115965782959066,1.741570703206463e-07,2.447412981351152e-06,7.833183032489449e-08,-9.665782800906819e-09,-9.665782802080085e-09,1.173266363400314e-18
8,polynomial,293,0,294,2,5,0.06532117065793216,0.06532131876402078,1.4810608861548502e-07,2.2673468848743207e-06,7.487157012220017e-08,2.962542311786311e-09,2.9625423114509858e-09,3.353253718488903e-19
8,polynomial,293,2,303,1,5,0.125687378675548,0.1256874061467146,2.747116659151949e-08,2.1856737626880825e-07,1.510045303078438e-08,-1.1151758490736599e-09,-1.1151758529769403e-09,3.903280435770832e-18
8,polynomial,295,0,296,1,5,0.05985984339328909,0.059859689040512774,1.5435277631731248e-07,2.5785696648617864e-06,6.809276799122799e-08,6.44100862520141e-10,6.441008616977812e-10,8.223598039430686e-19
8,polynomial,295,2,326,1,5,0.07552349875237578,0.07552351952001547,2.356452834945122e-08,3.120157601130609e-07,1.4031159301851415e-08,2.817000619264896e-10,2.817000612649302e-10,6.615594083803634e-19
8,polynomial,296,0,297,2,5,0.09353079122050258,0.09353070028527136,1.3974056646548494e-07,1.494059492515582e-06,6.587123737501817e-08,-5.205805024707774e-09,-5.205805025893802e-09,1.1860272787101696e-18
8,polynomial,296,2,304,1,5,0.14489441192563157,0.14489447956935333,6.76437217628223e-08,4.668481640147292e-07,4.429358647956271e-08,9.939237847131315e-10,9.939237863064168e-10,1.5932853106024369e-18
8,polynomial,297,0,298,1,5,0.08311496196276374,0.08311485518726251,1.0677550123239232e-07,1.2846724429739703e-06,5.724216693465899e-08,-2.4486931532261884e-09,-2.448693153394974e-09,1.6878579040113902e-19
8,polynomial,298,0,299,2,5,0.09595922656819403,0.09595927926266452,1.667379343761599e-07,1.7375905244114696e-06,8.511966025210168e-08,6.775902510575539e-09,6.775902511636372e-09,1.0608326658196563e-18
8,polynomial,298,2,306,1,5,0.17635808392509253,0.1763581133947434,3.6304080797133764e-08,2.058543273020512e-07,2.096814427368784e-08,-1.4552284003634436e-09,-1.4552283990393224e-09,1.324121152867988e-18
8,polynomial,299,0,300,1,5,0.09595927926266438,0.09595922656819406,1.6673793430677097e-07,1.737590523688364e-06,8.511966026773301e-08,-9.311743993426424e-10,-9.311744014446746e-10,2.1020321998003665e-18
8,polynomial,300,0,301,2,5,0.08311485518726246,0.0831149619627637,1.0677550124627011e-07,1.284672443140942e-06,5.724216691299837e-08,-1.0704436883533845e-09,-1.0704436922402053e-09,3.8868207823519456e-18
8,polynomial,300,2,308,1,5,0.17635808392509258,0.17635811339474328,3.630408076937819e-08,2.0585432714466942e-07,2.0968144230928663e-08,4.94285820331469e-10,4.942858226447925e-10,2.3133234931581554e-18
8,polynomial,301,0,302,1,5,0.0935307002852713,0.09353079122050262,1.3974056645160715e-07,1.4940594923672047e-06,6.587123739532262e-08,7.44425487028416e-10,7.444254867088099e-10,3.1960604507823883e-19
8,polynomial,302,0,303,2,5,0.059859689040512684,0.05985984339328911,1.5435277642833478e-07,2.57856966671649e-06,6.809276802414453e-08,1.667579658092967e-09,1.6675796580416657e-09,5.13013280002325e-20
8,polynomial,302,2,310,1,5,0.1448944119256315,0.14489447956935336,6.76437218738446e-08,4.6684816478095775e-07,4.42935864867236e-08,-8.813137526490448e-09,-8.813137522045048e-09,4.445399306396754e-18
8,polynomial,304,0,305,1,5,0.058338661200167036,0.058338613465246776,4.7734920259612235e-08,8.182381850661249e-07,2.001401015068202e-08,-8.495042596026866e-10,-8.495042595852185e-10,1.746808998316513e-20
8,polynomial,304,2,328,1,5,0.09200790738309415,0.09200793094762248,2.3564528328634538e-08,2.5611409892533243e-07,1.4031159310496754e-08,-1.3041286436720585e-09,-1.3041286401565686e-09,3.515489892799847e-18
8,polynomial,305,0,306,2,5,0.09587428808746432,0.09587426390041849,1.5206144557411427e-07,1.5860503228497663e-06,6.671091202254171e-08,2.9677996565406043e-10,2.9677996550161104e-10,1.52449386893523e-19
8,polynomial,305,2,311,1,5,0.15009202542055258,0.15009201417288587,3.034323392547833e-08,2.0216419786765921e-07,1.992131751133505e-08,5.068840225024874e-10,5.068840253085898e-10,2.8061023844137848e-18
8,polynomial,306,0,307,1,5,0.08188424698718906,0.08188427635694184,6.142020128607761e-08,7.500854134478852e-07,3.627788094703501e-08,5.86818999356982e-10,5.868190069539717e-10,7.596989700267679e-18
8,polynomial,307,0,308,2,5,0.08188427635694187,0.08188424698718907,6.142020121668867e-08,7.500854126004825e-07,3.627788094848594e-08,-6.140298422577594e-09,-6.140298421123389e-09,1.454205023564149e-18
8,polynomial,307,2,313,1,5,0.16360024425991335,0.1636002298837758,2.8467294688194755e-08,1.7400520895903113e-07,2.2666432962281906e-08,-3.249910569135269e-10,-3.2499105566476337e-10,1.2487635514983351e-18
8,polynomial,308,0,309,1,5,0.09587426390041844,0.09587428808746436,1.5206144551860312e-07,1.586050322270766e-06,6.671091204474669e-08,1.2184733550008826e-09,1.218473351580854e-09,3.4200284938227055e-18
8,polynomial,309,0,310,2,5,0.058338613465246755,0.058338661200167084,4.7734920329001174e-08,8.182381862555403e-07,2.0014010152056085e-08,-5.665629507544159e-10,-5.66562948963868e-10,1.7905478275664795e-18
8,polynomial,309,2,315,1,5,0.1500920254205526,0.1500920141728859,3.034323378670045e-08,2.021641969430406e-07,1.992131749176394e-08,1.250244808859796e-09,1.2502448079679995e-09,8.917964464880668e-19
8,polynomial,311,0,312,1,5,0.060840304355324656,0.06084030075560034,2.4076718826981924e-08,3.9573633107367524e-07,1.027790092379217e-08,-3.633841068320905e-10,-3.6338410761748584e-10,7.853953254159701e-19
8,polynomial,311,2,330,1,5,0.09131301544165461,0.09131302776692121,1.232526659900035e-08,1.3497818329341683e-07,6.623342984441004e-09,-5.7841208936802675e-11,-5.784120983866374e-11,9.018610631937292e-19
8,polynomial,312,0,313,2,5,0.08167412510375804,0.08167413067036187,4.8352989764910426e-08,5.920233171512272e-07,2.0826115011153698e-08,1.603025544616758e-09,1.6030255468390102e-09,2.222252148486986e-18
8,polynomial,312,2,316,1,5,0.141580139282551,0.14158014398002391,5.6942646708968425e-09,4.021937335859941e-08,3.296823693633431e-09,-5.2003043700916203e-11,-5.200304423414076e-11,5.332245593906574e-19
8,polynomial,313,0,314,1,5,0.08167413067036189,0.08167412510375803,4.835298982042158e-08,5.920233178308935e-07,2.082611502159045e-08,1.6040492742400254e-10,1.6040492713717414e-10,2.868283929203657e-19
8,polynomial,314,0,315,2,5,0.06084030075560026,0.0608403043553247,2.4076718722898516e-08,3.957363293629109e-07,1.0277900907282125e-08,-1.5095336656066809e-09,-1.5095336669147204e-09,1.3080395209890382e-18
8,polynomial,314,2,318,1,5,0.14158013928255106,0.14158014398002383,5.694264504363389e-09,4.021937218235078e-08,3.2968236088863597e-09,-5.148978440649023e-12,-5.148979650653166e-12,1.2100041427407848e-18
8,polynomial,316,0,317,1,5,0.06308936441704825,0.06308936742346297,8.920357640052057e-09,1.4139240896453452e-07,4.257514704792248e-09,-1.6388844136327546e-10,-1.6388844028537369e-10,1.0779017704042353e-18
8,polynomial,316,2,332,1,5,0.07869427162263837,0.07869427570441968,4.081781315723454e-09,5.186884661159935e-08,1.9936224365747763e-09,-9.80846926731868e-11,-9.808469193252925e-11,7.406575463293751e-19
8,polynomial,317,0,318,2,5,0.06308936742346295,0.06308936441704825,8.92035752209086e-09,1.413924070947869e-07,4.257514686545637e-09,1.2491688007804927e-10,1.2491687924916043e-10,8.288888439155262e-19
8,polynomial,317,2,319,1,5,0.12629677984286916,0.12629677742505163,2.741943505579769e-09,2.1710320001754043e-08,2.5382841317574743e-09,-1.4252128366562856e-10,-1.4252128986125653e-10,6.195627972763138e-18
8,polynomial,319,2,334,1,5,0.06302314291203179,0.0630231423526209,1.1114092979269685e-09,1.763493927109098e-08,5.799790094272701e-10,-4.8706739769537747e-11,-4.870673935114907e-11,4.183886776123574e-19
8,polynomial,320,0,321,1,5,0.07093433899563689,0.07093433150055356,9.728301941791528e-09,1.371451694557964e-07,4.74351372157439e-09,-1.1855314607239977e-09,-1.1855314618634558e-09,1.1394580441991998e-18
8,polynomial,320,2,384,1,5,0.062469601849366195,0.062469601849366244,4.85722573273506e-17,7.775342869076308e-16,2.7132639960347637e-17,1.3166972470855306e-18,2.318295639273147e-18,1.0015983921876166e-18
8,polynomial,321,0,322,2,5,0.07016013881991913,0.07016017403681547,7.454658083189125e-08,1.0625198961561024e-06,3.113436889612562e-08,-1.1721083518033856e-09,-1.1721083512652276e-09,5.381579162627119e-19
8,polynomial,321,2,335,1,5,0.008024879992413431,0.008024924129667434,7.021449351714976e-08,8.749552317581794e-06,3.142956419797021e-08,3.3337534500882174e-09,3.333753450163016e-09,7.479863407072008e-20
8,polynomial,322,0,323,1,5,0.09291057060456888,0.09291058082586881,7.254451581117927e-08,7.807992928936778e-07,4.2298237823176905e-08,7.08479448973615e-10,7.084794486241949e-10,3.494201158964876e-19
8,polynomial,323,0,324,2,5,0.07239527692392887,0.0723953021590036,7.518186249944048e-08,1.038490900063055e-06,3.0245990792870155e-08,-1.326475078052238e-09,-1.3264750779570134e-09,9.522461852679827e-20
8,polynomial,323,2,337,1,5,0.02786184373360352,0.027861674211998366,1.6952160515268377e-07,6.084364221317763e-06,8.448790889683558e-08,5.693609693532872e-09,5.693609693669388e-09,1.3651623393452658e-19
8,polynomial,324,0,325,1,5,0.11616428343226931,0.11616433944329277,2.1302408172163556e-07,1.8338164943091353e-06,1.0954655539913088e-07,-3.505524304529448e-09,-3.5055243105370053e-09,6.007557190163361e-18
8,polynomial,325,0,326,2,5,0.06333352663439457,0.06333348129397606,4.5340418503014845e-08,7.158991597728556e-07,2.382267381922171e-08,2.629358910106149e-09,2.6293589108268853e-09,7.207361161975601e-19
8,polynomial,325,2,339,1,5,0.06436501800564033,0.06436480994528333,2.0806035699871828e-07,3.2325067784566746e-06,1.1484005270764508e-07,-1.9274189086135417e-10,-1.9274189034854686e-10,5.128073120297993e-19
8,polynomial,326,0,327,1,5,0.13017932217352288,0.13017938771279708,2.352235448227491e-07,1.8069185064973678e-06,1.052585118733168e-07,-1.3677560322605497e-08,-1.3677560319385657e-08,3.2198402390320628e-18
8,polynomial,327,0,328,2,5,0.042824170384371835,0.04282407176322698,1.4851449032377007e-07,3.4680062448557937e-06,8.030997226751042e-08,-2.671175009380129e-09,-2.6711750091061538e-09,2.7397504017705734e-19
8,polynomial,327,2,341,1,5,0.09963599437521856,0.09963596660198994,7.657856368470384e-08,7.685833233752565e-07,3.199205122763771e-08,-2.4402356415057804e-09,-2.4402356434150737e-09,1.909293326811223e-18
8,polynomial,328,0,329,1,5,0.12531980747941648,0.12531981379408466,5.4354344039553304e-08,4.3372506225443286e-07,2.156589399580142e-08,4.878146158508325e-10,4.87814616765715e-10,9.14882540396539e-19
8,polynomial,329,0,330,2,5,0.02090430846871033,0.02090425426572784,8.269107779415585e-08,3.955695445172379e-06,5.270277945107164e-08,1.279964249144842e-08,1.2799642491644934e-08,1.9651329812422278e-19
8,polynomial,329,2,343,1,5,0.11285161500223374,0.11285168876953174,1.8596473233545296e-07,1.6478684046566139e-06,9.476286802761331e-08,-1.1487537581705212e-08,-1.1487537581886437e-08,1.8122534604301773e-19
8,polynomial,330,0,331,1,5,0.10537850851229416,0.10537849210040742,3.117818285491847e-08,2.958685152701797e-07,1.3421892434774074e-08,5.971974321379497e-10,5.971974321874785e-10,4.952878334510793e-20
8,polynomial,331,0,332,2,5,0.006892649404799153,0.006892637490594709,1.592156533610639e-08,2.309934018263088e-06,1.1376636521886923e-08,7.736284866056001e-11,7.736284869664194e-11,3.6081928512292775e-20
8,polynomial,331,2,345,1,5,0.10236099450521605,0.10236102945492655,8.948605348391148e-08,8.742199444498123e-07,3.994303062750251e-08,1.4354624244040212e-09,1.435462423440445e-09,9.635762849132747e-19
8,polynomial,332,0,333,1,5,0.08218101797808627,0.08218101103157138,2.0988379104136534e-08,2.553920554955054e-07,8.213756506474943e-09,1.0799459888892035e-10,1.079946013348859e-10,2.4459655491456074e-18
8,polynomial,333,0,334,2,5,0.001141809933379867,0.0011418083491788313,1.584201058529855e-09,1.3874472556395334e-06,1.2529538278761474e-09,1.6766725323312207e-10,1.6766725324602495e-10,1.2902880182484971e-20
8,polynomial,333,2,347,1,5,0.08218101103157144,0.0821810179780863,2.0988379159647685e-08,2.5539205617097943e-07,8.213756511363362e-09,-1.9017857253416047e-11,-1.9017856298237016e-11,9.551790316779719e-19
8,polynomial,335,0,336,1,5,0.06921645327987137,0.06921638642962018,6.685025119579358e-08,9.658144563618386e-07,3.9558297007857224e-08,7.943181675730985e-10,7.943181682106827e-10,6.375841987109733e-19
8,polynomial,335,2,386,1,5,0.06677710937952716,0.06677710937952717,2.7755575615628914e-17,4.156450597147043e-16,1.8794973595304414e-17,1.7074403112020533e-19,8.46739856593659e-19,6.7599582547345365e-19
8,polynomial,336,0,337,2,5,0.0737974832370121,0.07379756964667905,2.1787459490024697e-07,2.9523275081193884e-06,9.869383339760985e-08,-3.5829378603386813e-09,-3.582937860338813e-09,1.3193530770220791e-22
8,polynomial,336,2,348,1,5,0.015280292576373866,0.015280341888167391,7.158213807248112e-08,4.684590082890229e-06,3.355454439679006e-08,3.4487328466358647e-09,3.4487328467855733e-09,1.4970852393382854e-19
8,polynomial,337,0,338,1,5,0.09611948124987457,0.09611941504970006,9.466746916930724e-08,9.84893675437213e-07,4.1726800283879184e-08,-1.9210352925897717e-10,-1.9210352990141785e-10,6.424406794848487e-19
8,polynomial,338,0,339,2,5,0.07134804187094491,0.07134808555149413,2.1567684049816904e-07,3.022881957253196e-06,9.180061169510179e-08,-5.497134654850638e-09,-5.497134654222352e-09,6.282858614452647e-19
8,polynomial,338,2,350,1,5,0.039101652021885994,0.03910149348856539,1.5853332060306036e-07,4.054389326423498e-06,8.350454863582496e-08,-5.79488865066032e-10,-5.794888647466336e-10,3.19398422744488e-19
8,polynomial,339,0,340,1,5,0.12442200480664788,0.12442201448902421,2.971833552717351e-07,2.3885110403669837e-06,1.3078026852805776e-07,-7.922456186748842e-09,-7.92245618833509e-09,1.5862478647459888e-18
8,polynomial,340,0,341,2,5,0.053287012425738675,0.053286913936436045,9.848930263012257e-08,1.8482796866755903e-06,5.303775425864356e-08,1.516873963065214e-09,1.5168739621693546e-09,8.958593508617742e-19
8,polynomial,340,2,352,1,5,0.08916648519414108,0.0891663765976194,1.0859652167793943e-07,1.2179073947065826e-06,5.87981112802058e-08,4.150995830326385e-09,4.150995831341404e-09,1.0150192675934069e-18
8,polynomial,341,0,342,1,5,0.13766998982527262,0.13766999053069492,1.410728756590096e-07,1.0247176971190099e-06,5.912816276003148e-08,-3.808742247857069e-09,-3.808742251372063e-09,3.5149939980226216e-18
8,polynomial,342,0,343,2,5,0.026736439594026024,0.02673636405171628,1.1241134089626931e-07,4.204424470990013e-06,7.076515061803365e-08,9.009758352113505e-09,9.009758351836137e-09,2.7736854864005613e-19
8,polynomial,342,2,354,1,5,0.12534179335143533,0.12534185822447463,1.3873991841495403e-07,1.1068921458503098e-06,7.286571011629056e-08,-7.725990981859328e-09,-7.725990978934657e-09,2.9246707636098655e-18
8,polynomial,343,0,344,1,5,0.12661031163441194,0.12661025124045786,1.1215763431882131e-07,8.858491292769041e-07,5.471337542842784e-08,7.1541939978320875e-09,7.154193997941422e-09,1.0933425182542154e-19
8,polynomial,344,0,345,2,5,0.007383629622075991,0.007383634956413398,1.2571772413892679e-08,1.702653569428278e-06,9.076827356882602e-09,-5.176225042860402e-10,-5.176225042337432e-10,5.229694326501664e-20
8,polynomial,344,2,356,1,5,0.12661025124045783,0.12661031163441203,1.1215763442984361e-07,8.858491301537856e-07,5.47133754549572e-08,-5.965642516526882e-09,-5.965642515875625e-09,6.512574942364749e-19
8,polynomial,345,0,346,1,5,0.10236102945492656,0.10236099450521605,8.94860534561559e-08,8.742199441786584e-07,3.9943030614494615e-08,1.5438484771633086e-11,1.543848292082753e-11,1.8508055570467065e-18
8,polynomial,346,0,347,2,5,0.006892649404799195,0.006892637490594722,1.5921565308350816e-08,2.309934014236237e-06,1.1376636486913812e-08,1.3992004261508295e-09,1.399200426093046e-09,5.77835288705043e-20
8,polynomial,346,2,358,1,5,0.10537849210040745,0.10537850851229423,3.117818289655183e-08,2.958685156652635e-07,1.3421892428404287e-08,6.363245653653084e-11,6.363245922185689e-11,2.685326053367647e-18
8,polynomial,348,0,349,1,5,0.057019454657785455,0.05701922386061904,2.3079716641311032e-07,4.047691578221666e-06,1.257736265834805e-07,2.2304843148260508e-08,2.2304843149148476e-08,8.879684614083246e-19
8,polynomial,348,2,388,1,5,0.05983831209858221,0.0598383120985822,2.7755575615628914e-17,4.638428899849691e-16,1.8415696707999025e-17,-1.1257263766228166e-19,-4.0466020711772597e-19,2.920875694554443e-19
8,polynomial,349,0,350,2,5,0.05942072862479416,0.059420812742032356,3.60121802545077e-07,6.060533101566591e-06,1.7113080130333726e-07,-8.197858707143924e-09,-8.197858706030156e-09,1.1137672619393747e-18
8,polynomial,349,2,359,1,5,0.014013910737036587,0.014013880729408611,8.182551055127552e-08,5.83887767566718e-06,3.4812463428187536e-08,5.98458875566046e-10,5.984588754779641e-10,8.808191393740288e-20
8,polynomial,350,0,351,1,5,0.08545796732234276,0.08545770644306837,2.608792743913346e-07,3.052720332175844e-06,1.1220449180393812e-07,5.043033162869622e-09,5.043033161720036e-09,1.149585836824146e-18
8,polynomial,351,0,352,2,5,0.04539900592320764,0.0453989434723948,2.753344559868788e-07,6.064768388378518e-06,1.1417827271787384e-07,3.2673421738015173e-09,3.267342173583409e-09,2.181085023761447e-19
8,polynomial,351,2,361,1,5,0.06156701055123809,0.06156715934807574,1.4879683764984497e-07,2.4168215526821374e-06,6.32751926922595e-08,-1.6786378944756909e-09,-1.678637894193593e-09,2.8209795379232807e-19
8,polynomial,352,0,353,1,5,0.11472797044251984,0.11472788565601284,1.1145257906852724e-07,9.714508034844597e-07,5.190186641597262e-08,4.772955961762321e-10,4.77295595605676e-10,5.705560993145764e-19
8,polynomial,353,0,354,2,5,0.01962810051753365,0.019628045918504516,5.5066777646453624e-08,2.805507216414693e-06,4.6450634882148186e-08,-3.4844924541991673e-09,-3.4844924542001988e-09,1.0314942238536255e-21
8,polynomial,353,2,363,1,5,0.11472788565601287,0.11472797044251988,1.1145257905464945e-07,9.714508033634967e-07,5.190186640370207e-08,-3.994418121644197e-09,-3.994418124918453e-09,3.2742563156288637e-18
8,polynomial,354,0,355,1,5,0.12534185822447447,0.12534179335143528,1.387399183455651e-07,1.1068921452967139e-06,7.28657101015694e-08,7.834251458438259e-09,7.834251458925746e-09,4.874873134795511e-19
8,polynomial,355,0,356,2,5,0.026736439594025968,0.02673636405171631,1.1241134090255768e-07,4.20442447122522e-06,7.076515061640951e-08,-2.419229081131341e-09,-2.4192290810648136e-09,6.652724153549608e-20
8,polynomial,355,2,365,1,5,0.137669990530695,0.13766998982527262,1.410728755618651e-07,1.0247176964133762e-06,5.912816273877465e-08,3.994634545462634e-09,3.994634546125866e-09,6.63232587964405e-19
8,polynomial,356,0,357,1,5,0.1128516887695317,0.1128516150022337,1.8596473225218624e-07,1.6478684039187724e-06,9.476286799890795e-08,-1.7835118784835445e-09,-1.7835118800471363e-09,1.5635918013584677e-18
8,polynomial,357,0,358,2,5,0.02090430846871029,0.02090425426572785,8.269107788783092e-08,3.955695449653524e-06,5.270277947304431e-08,1.5513189330647765e-09,1.5513189329298691e-09,1.3490736764311094e-19
8,polynomial,357,2,367,1,5,0.1253198137940847,0.1253198074794165,5.435434394240879e-08,4.3372506147925996e-07,2.156589395823836e-08,1.3275477048243857e-10,1.3275477124513304e-10,7.626944650284003e-19
8,polynomial,359,0,360,1,5,0.03468500986003528,0.03468470699276862,3.028672666618992e-07,8.731935435049956e-06,1.4563343329256245e-07,4.7312643535356415e-09,4.731264353505392e-09,3.024916782045167e-20
8,polynomial,359,2,390,1,5,0.03536788838508288,0.035367888385082896,1.3877787807814457e-17,3.923838386028069e-16,8.128028055360444e-18,8.744701138349739e-19,1.0353002144942214e-18,1.6083010065924752e-19
8,polynomial,360,0,361,2,5,0.021368345663211056,0.021368178149416064,1.6751379499149732e-07,7.83934318695988e-06,8.438775782732774e-08,8.193204112650688e-09,8.193204112658351e-09,7.663001194691248e-21
8,polynomial,360,2,368,1,5,0.034684706992768606,0.03468500986003529,3.028672666827159e-07,8.731935435650118e-06,1.4563343329987465e-07,-8.563306856115012e-09,-8.563306856283368e-09,1.6835607007291772e-19
8,polynomial,361,0,362,1,5,0.0615671593480757,0.06156701055123808,1.487968376220894e-07,2.416821552231321e-06,6.32751926792921e-08,-8.580546911337372e-10,-8.580546910732068e-10,6.053038888963977e-20
8,polynomial,362,0,363,2,5,0.04539900592320765,0.04539894347239482,2.753344560410889e-07,6.064768389572599e-06,1.1417827273915267e-07,-3.6899032452528986e-09,-3.6899032449883307e-09,2.6456792866079803e-19
8,polynomial,362,2,370,1,5,0.08545770644306842,0.08545796732234279,2.6087927436357905e-07,3.052720331851057e-06,1.1220449181081421e-07,1.2111339854222443e-09,1.2111339855252671e-09,1.0302286375164194e-19
8,polynomial,363,0,364,1,5,0.08916637659761933,0.08916648519414103,1.0859652169181722e-07,1.2179073948622223e-06,5.879811129643702e-08,-2.0403291299892307e-09,-2.0403291328788828e-09,2.889652072377433e-18
8,polynomial,364,0,365,2,5,0.05328701242573869,0.053286913936436094,9.84893025954281e-08,1.8482796860245031e-06,5.303775426931932e-08,-3.929469273179236e-09,-3.929469271815185e-09,1.3640506086019945e-18
8,polynomial,364,2,372,1,5,0.12442201448902426,0.12442200480664789,2.971833552023462e-07,2.388511039809292e-06,1.3078026849022138e-07,-6.691401093846829e-09,-6.691401091001546e-09,2.8452829315007012e-18
8,polynomial,365,0,366,1,5,0.09963596660199,0.09963599437521854,7.657856367082605e-08,7.685833232359717e-07,3.199205119658728e-08,3.5189751908637106e-09,3.5189751905351698e-09,3.2854083646473036e-19
8,polynomial,366,0,367,2,5,0.042824170384371876,0.042824071763227,1.48514490393159e-07,3.4680062464761122e-06,8.03099722925497e-08,-4.4687618017596145e-09,-4.468761801939041e-09,1.794262282107149e-19
8,polynomial,366,2,374,1,5,0.1301793877127972,0.13017932217352285,2.3522354478111573e-07,1.806918506177551e-06,1.0525851187705557e-07,1.1234784772414064e-08,1.1234784773887991e-08,1.4739266637286383e-18
8,polynomial,368,0,369,1,5,0.01401388072940863,0.01401391073703658,8.182551056341858e-08,5.838877676533683e-06,3.481246342977336e-08,2.41915754760588e-09,2.4191575474469763e-09,1.5890387721327428e-19
8,polynomial,368,2,392,1,5,0.0353678883850829,0.03536788838508289,1.3877787807814457e-17,3.9238383860280686e-16,9.224912045388103e-18,5.85210793693629e-19,1.2724643235494768e-18,6.872535298558478e-19
8,polynomial,369,0,370,2,5,0.05942072862479416,0.0594208127420324,3.601218025485464e-07,6.060533101624974e-06,1.7113080130587164e-07,-7.361754579761868e-09,-7.361754580611266e-09,8.493978566255894e-19
8,polynomial,369,2,375,1,5,0.057019223860619056,0.05701945465778548,2.307971664269881e-07,4.047691578465051e-06,1.257736265916926e-07,-1.1895368902150724e-08,-1.1895368902253889e-08,1.031643116363885e-19
8,polynomial,370,0,371,1,5,0.03910149348856537,0.03910165202188599,1.5853332061693814e-07,4.054389326778414e-06,8.350454864542875e-08,-1.5595327363814598e-09,-1.5595327363401387e-09,4.132118711462708e-20
8,polynomial,371,0,372,2,5,0.07134804187094498,0.07134808555149423,2.1567684041490232e-07,3.0228819560861425e-06,9.180061168711194e-08,3.3102563350715255e-09,3.310256334910987e-09,1.6053838610367906e-19
8,polynomial,371,2,377,1,5,0.09611941504970009,0.09611948124987457,9.466746915542945e-08,9.848936752928323e-07,4.172680027697166e-08,1.88578718647735e-09,1.8857871866870875e-09,2.0973743457710804e-19
8,polynomial,372,0,373,1,5,0.06436480994528326,0.06436501800564032,2.0806035705422943e-07,3.232506779319118e-06,1.1484005271947256e-07,-7.829374490139113e-09,-7.829374489777446e-09,3.616665248653352e-19
8,polynomial,373,0,374,2,5,0.06333352663439448,0.06333348129397612,4.534041836423697e-08,7.158991575816336e-07,2.3822673779978586e-08,-9.813872712511335e-10,-9.813872718450794e-10,5.939458719054321e-19
8,polynomial,373,2,379,1,5,0.11616433944329274,0.11616428343226944,2.1302408162449105e-07,1.833816493472868e-06,1.0954655536877335e-07,1.940694141095945e-08,1.9406941412698543e-08,1.7390942983335373e-18
8,polynomial,375,0,376,1,5,0.015280341888167397,0.015280292576373875,7.15821380638075e-08,4.684590082322595e-06,3.355454439757619e-08,-1.284416546356141e-09,-1.2844165463630623e-09,6.921433775537459e-21
8,polynomial,375,2,394,1,5,0.05983831209858222,0.0598383120985822,4.163336342344337e-17,6.957643349774535e-16,3.059264087868098e-17,1.9582390688680026e-18,3.1130082165342633e-18,1.1547691476662607e-18
8,polynomial,376,0,377,2,5,0.07379748323701213,0.0737975696466791,2.178745948724914e-07,2.952327507743282e-06,9.869383340430828e-08,1.3079122872408152e-08,1.307912287230526e-08,1.0289134203424601e-19
8,polynomial,376,2,380,1,5,0.06921638642962019,0.0692164532798714,6.685025120967136e-08,9.658144565623368e-07,3.955829702309114e-08,-7.746662717206382e-09,-7.746662717010215e-09,1.9616753662817562e-19
8,polynomial,377,0,378,1,5,0.027861674211998325,0.027861843733603505,1.6952160518043935e-07,6.0843642223139525e-06,8.448790891340271e-08,-2.145111330290763e-09,-2.14511133017128e-09,1.1948293076083464e-19
8,polynomial,378,0,379,2,5,0.07239527692392884,0.07239530215900368,7.518186244392933e-08,1.0384908992962754e-06,3.024599078653531e-08,1.7530228249544454e-09,1.7530228247732068e-09,1.8123858093281858e-19
8,polynomial,378,2,382,1,5,0.09291058082586885,0.09291057060456892,7.254451575566812e-08,7.807992922962089e-07,4.2298237801404486e-08,-3.1393209461027116e-12,-3.1393199280024547e-12,1.0181002568812255e-18
8,polynomial,380,0,381,1,5,0.00802492412966746,0.008024879992413435,7.021449352495601e-08,8.749552318554516e-06,3.1429564202904053e-08,-7.996102290582662e-09,-7.996102290583888e-09,1.225881667803587e-21
8,polynomial,380,2,396,1,5,0.0667771093795272,0.0667771093795272,4.163336342344337e-17,6.234675895720562e-16,2.832098555665641e-17,-2.0412683700667546e-18,-2.760159267020191e-18,7.188908969534363e-19
8,polynomial,381,0,382,2,5,0.07016013881991909,0.07016017403681551,7.454658074862452e-08,1.0625198949692928e-06,3.1134368874937075e-08,8.940653944482573e-10,8.940653936273774e-10,8.208798744296347e-19
8,polynomial,381,2,383,1,5,0.07093433150055357,0.07093433899563693,9.728301914035953e-09,1.3714516906451086e-07,4.743513709662583e-09,5.67108099731785e-10,5.671080995986288e-10,1.3315612288875961e-19
8,polynomial,383,2,398,1,5,0.062469601849366244,0.06246960184936621,6.938893903907228e-17,1.1107632670109012e-15,4.7606261803891005e-17,1.3370634457776223e-18,1.4980745381876239e-18,1.6101109241000157e-19
8,polynomial,384,0,385,1,5,0.07093433899563692,0.07093433150055357,9.728302004241574e-09,1.3714517033618863e-07,4.743513746079736e-09,2.0047792070242265e-10,2.0047792198607924e-10,1.283656588825842e-18
8,polynomial,384,2,448,1,5,0.008480334017751737,0.008480334479588467,1.1114093260078048e-09,1.3105725118306173e-07,5.799790181572513e-10,-3.721014211332782e-11,-3.7210142205731235e-11,9.24034156501096e-20
8,polynomial,385,0,386,2,5,0.008024879992413442,0.008024924129667427,7.021449351021086e-08,8.749552316717134e-06,3.142956419501401e-08,-8.821305103845516e-11,-8.821305105883598e-11,2.0380825564511622e-20
8,polynomial,385,2,399,1,5,0.07016013881991912,0.07016017403681549,7.454658069311337e-08,1.0625198941780871e-06,3.1134368866074325e-08,-5.672801667369129e-10,-5.672801669466699e-10,2.0975708011665617e-19
8,polynomial,386,0,387,1,5,0.06921645327987137,0.06921638642962011,6.685025126518251e-08,9.658144573643306e-07,3.955829701103928e-08,4.2595921577760273e-10,4.2595921556622453e-10,2.1137819902089525e-19
8,polynomial,387,0,388,2,5,0.015280292576373838,0.015280341888167393,7.15821380729148e-08,4.68459008291861e-06,3.3554544399765874e-08,-5.004336149103666e-10,-5.004336149745384e-10,6.417184474125133e-20
8,polynomial,387,2,401,1,5,0.07379748323701214,0.07379756964667905,2.178745948655525e-07,2.952327507649258e-06,9.869383339617649e-08,7.324270935180819e-09,7.324270935628591e-09,4.477718907290426e-19
8,polynomial,388,0,389,1,5,0.05701945465778548,0.057019223860619014,2.3079716646862147e-07,4.047691579195212e-06,1.2577362659906171e-07,-3.3837782309934206e-09,-3.38377823125222e-09,2.587995846591595e-19
8,polynomial,389,0,390,2,5,0.014013910737036554,0.014013880729408608,8.18255105651533e-08,5.83887767665748e-06,3.4812463425741755e-08,8.113504164325069e-10,8.1135041604557e-10,3.869368925788302e-19
8,polynomial,389,2,403,1,5,0.05942072862479414,0.05942081274203237,3.601218025242603e-07,6.060533101216263e-06,1.7113080130595435e-07,-6.170841253205583e-09,-6.170841252581848e-09,6.23734713714998e-19
8,polynomial,390,0,391,1,5,0.03468500986003528,0.0346847069927686,3.028672666827159e-07,8.73193543565012e-06,1.4563343329906425e-07,-2.3993160864397523e-09,-2.3993160865534743e-09,1.1372203138470907e-19
8,polynomial,391,0,392,2,5,0.03468470699276859,0.034685009860035275,3.028672666827159e-07,8.731935435650122e-06,1.4563343329612153e-07,2.3653399865083105e-08,2.3653399864627828e-08,4.552769004267362e-19
8,polynomial,391,2,405,1,5,0.021368345663211056,0.02136817814941606,1.6751379499496677e-07,7.839343187122245e-06,8.438775782988729e-08,5.183192241443296e-09,5.183192241780447e-09,3.3715054587048855e-19
8,polynomial,392,0,393,1,5,0.01401388072940862,0.01401391073703659,8.182551055127552e-08,5.838877675667178e-06,3.481246342879231e-08,-2.3262012110794404e-09,-2.326201211063054e-09,1.6386447934675478e-20
8,polynomial,393,0,394,2,5,0.05701922386061906,0.05701945465778547,2.3079716640617143e-07,4.047691578099971e-06,1.257736265710633e-07,1.6296094784174909e-09,1.6296094777687548e-09,6.487360409342601e-19
8,polynomial,393,2,407,1,5,0.05942072862479421,0.05942081274203238,3.60121802545077e-07,6.060533101566588e-06,1.7113080130317984e-07,-1.7167693129449024e-08,-1.716769312937594e-08,7.30830614802851e-20
8,polynomial,394,0,395,1,5,0.015280341888167383,0.015280292576373864,7.158213814490583e-08,4.684590087629962e-06,3.355454441274163e-08,3.153479707867421e-09,3.1534797082967763e-09,4.293551279808557e-19
8,polynomial,395,0,396,2,5,0.06921638642962011,0.06921645327987141,6.685025130681588e-08,9.658144579658253e-07,3.9558297017739154e-08,3.036338896985029e-09,3.0363388984510236e-09,1.465994415244561e-18
8,polynomial,395,2,409,1,5,0.07379748323701217,0.07379756964667901,2.1787459487943028e-07,2.9523275078373116e-06,9.869383340017623e-08,7.823476249540988e-09,7.823476251778531e-09,2.237543409290641e-18
8,polynomial,396,0,397,1,5,0.008024924129667432,0.008024879992413442,7.021449352322129e-08,8.74955231833838e-06,3.1429564200648696e-08,4.844859593817655e-09,4.844859593743991e-09,7.366374227029733e-20
8,polynomial,397,0,398,2,5,0.07093433150055353,0.07093433899563693,9.728301948730422e-09,1.371451695536177e-07,4.743513748743058e-09,-3.4527273620800864e-10,-3.452727342755009e-10,1.9325077371122176e-18
8,polynomial,397,2,411,1,5,0.0701601388199192,0.07016017403681551,7.454658079025789e-08,1.0625198955626974e-06,3.113436889048596e-08,-4.673937330139337e-10,-4.673937333756666e-10,3.6173290610949256e-19
8,polynomial,399,0,400,1,5,0.09291057060456889,0.09291058082586888,7.254451582505705e-08,7.807992930430444e-07,4.2298237840216786e-08,-2.543350904891007e-09,-2.543350904596955e-09,2.9405195441463815e-19
8,polynomial,399,2,450,1,5,0.02453402580953265,0.02453402552332265,4.081781333070689e-09,1.6637226049891577e-07,1.9936224550176813e-09,-1.049113612737068e-10,-1.0491136125061137e-10,2.309542553975752e-20
8,polynomial,400,0,401,2,5,0.027861843733603432,0.027861674211998366,1.695216050659476e-07,6.084364218204701e-06,8.448790887525928e-08,-3.6384913086914133e-09,-3.6384913087242478e-09,3.283452082498616e-20
8,polynomial,400,2,412,1,5,0.07239527692392887,0.07239530215900367,7.518186250637937e-08,1.0384909001589014e-06,3.0245990814047746e-08,3.2859030215305854e-09,3.285903022107541e-09,5.769555821235929e-19
8,polynomial,401,0,402,1,5,0.09611948124987456,0.09611941504970004,9.466746919706281e-08,9.848936757259743e-07,4.1726800301492076e-08,2.155051273426822e-09,2.1550512702452628e-09,3.1815591474637212e-18
8,polynomial,402,0,403,2,5,0.039101652021885966,0.03910149348856539,1.5853332057530478e-07,4.054389325713669e-06,8.350454863647568e-08,-5.842566602585022e-09,-5.8425666024112974e-09,1.7372447224838687e-19
8,polynomial,402,2,414,1,5,0.071348041870945,0.07134808555149418,2.1567684039408563e-07,3.0228819557943824e-06,9.180061168206948e-08,-5.267352454598588e-10,-5.267352461021755e-10,6.423167057905423e-19
8,polynomial,403,0,404,1,5,0.08545796732234279,0.08545770644306841,2.6087927437745684e-07,3.05272033201345e-06,1.122044918089965e-07,1.0142124772916313e-08,1.0142124772161661e-08,7.546517620831531e-19
8,polynomial,404,0,405,2,5,0.06156701055123805,0.06156715934807575,1.4879683770535612e-07,2.4168215535837726e-06,6.327519269993003e-08,4.738275638715847e-09,4.738275637938501e-09,7.77346289369158e-19
8,polynomial,404,2,416,1,5,0.04539900592320765,0.0453989434723948,2.7533445600856285e-07,6.06476838885615e-06,1.1417827273102698e-07,-2.5502048255367153e-09,-2.550204825503489e-09,3.3226190845030016e-20
8,polynomial,405,0,406,1,5,0.061567159348075724,0.061567010551238074,1.4879683764984497e-07,2.416821552682138e-06,6.327519268475729e-08,-1.294402840492337e-08,-1.2944028405977914e-08,1.0545444388030282e-18
8,polynomial,406,0,407,2,5,0.08545770644306838,0.08545796732234284,2.6087927446072356e-07,3.052720332987807e-06,1.1220449182894977e-07,-2.476304196936778e-09,-2.4763041974968203e-09,5.600422201387211e-19
8,polynomial,406,2,418,1,5,0.04539900592320769,0.04539894347239481,2.753344560237417e-07,6.064768389190487e-06,1.1417827274708531e-07,-1.0710962162148691e-09,-1.071096216255184e-09,4.0314921899456325e-20
8,polynomial,407,0,408,1,5,0.03910149348856537,0.039101652021885966,1.5853332059612146e-07,4.054389326246043e-06,8.350454862878768e-08,-8.910181491862718e-09,-8.910181491657716e-09,2.0500182557024195e-19
8,polynomial,408,0,409,2,5,0.09611941504970004,0.09611948124987461,9.466746919706281e-08,9.848936757259736e-07,4.1726800320176015e-08,2.696795288177707e-09,2.696795290794701e-09,2.61699390373556e-18
8,polynomial,408,2,420,1,5,0.07134804187094505,0.0713480855514942,2.156768404287801e-07,3.0228819562806517e-06,9.180061169160028e-08,3.3491626160357536e-09,3.3491626161927037e-09,1.5695007660642402e-19
8,polynomial,409,0,410,1,5,0.02786167421199834,0.02786184373360352,1.6952160518043935e-07,6.084364222313949e-06,8.448790890721308e-08,7.356975923660477e-09,7.35697592338225e-09,2.782271621158862e-19
8,polynomial,410,0,411,2,5,0.09291058082586887,0.09291057060456893,7.254451582505705e-08,7.807992930430445e-07,4.22982378402825e-08,-3.2023746833755877e-09,-3.2023746826551494e-09,7.20438331177041e-19
8,polynomial,410,2,422,1,5,0.0723952769239289,0.07239530215900367,7.518186249944048e-08,1.038490900063054e-06,3.0245990807762966e-08,-1.7695521099421572e-09,-1.7695521093749057e-09,5.67251512767427e-19
8,polynomial,412,0,413,1,5,0.11616428343226931,0.11616433944329274,2.1302408169387999e-07,1.8338164940702021e-06,1.0954655538645559e-07,-5.095815197689944e-09,-5.095815197068348e-09,6.215956246509358e-19
8,polynomial,412,2,452,1,5,0.04884642408944733,0.04884641733158028,1.2325266605939245e-08,2.523268967114006e-07,6.6233429999640666e-09,3.5059994790799457e-10,3.5059994744436723e-10,4.636273404092473e-19
8,polynomial,413,0,414,2,5,0.06436501800564028,0.06436480994528337,2.0806035690157376e-07,3.232506776947402e-06,1.14840052686736e-07,2.8530958874714512e-09,2.8530958877538966e-09,2.8244536964960034e-19
8,polynomial,413,2,423,1,5,0.06333352663439454,0.06333348129397606,4.534041847525927e-08,7.158991593346114e-07,2.382267381695697e-08,-4.296634157522478e-09,-4.296634159469616e-09,1.9471384941967493e-18
8,polynomial,414,0,415,1,5,0.12442200480664792,0.12442201448902417,2.971833552717351e-07,2.3885110403669845e-06,1.307802685235345e-07,-9.667949351499719e-10,-9.667949360477693e-10,8.97797435036986e-19
8,polynomial,415,0,416,2,5,0.08916648519414092,0.08916637659761945,1.0859652146977261e-07,1.2179073923719988e-06,5.8798111271982075e-08,-6.184072682920915e-09,-6.184072683212002e-09,2.910873390992481e-19
8,polynomial,415,2,425,1,5,0.05328701242573861,0.05328691393643607,9.848930253991695e-08,1.8482796849827667e-06,5.303775425648462e-08,-9.143792218251537e-10,-9.143792217415872e-10,8.356654176862904e-20
8,polynomial,416,0,417,1,5,0.11472797044251985,0.11472788565601283,1.1145257905464945e-07,9.71450803363497e-07,5.190186642017968e-08,3.163530898491801e-09,3.16353089984924e-09,1.3574389539658582e-18
8,polynomial,417,0,418,2,5,0.11472788565601282,0.1147279704425199,1.1145257901301608e-07,9.714508030006089e-07,5.190186641814047e-08,3.3096834903141714e-10,3.309683486086166e-10,4.2280054880698552e-19
8,polynomial,417,2,427,1,5,0.019628100517533626,0.019628045918504523,5.5066777646453624e-08,2.8055072164146963e-06,4.645063490026723e-08,1.4395690267268548e-09,1.4395690267004996e-09,2.635521508685829e-20
8,polynomial,418,0,419,1,5,0.08916637659761936,0.089166485194141,1.0859652163630606e-07,1.2179073942396664e-06,5.879811128119892e-08,-2.449912906215711e-09,-2.4499129054393358e-09,7.763751793300207e-19
8,polynomial,419,0,420,2,5,0.12442201448902415,0.12442200480664793,2.971833552856129e-07,2.3885110404785227e-06,1.3078026854071571e-07,5.266737010752322e-10,5.266737015744423e-10,4.992101171206526e-19
8,polynomial,419,2,429,1,5,0.05328701242573865,0.05328691393643605,9.84893025954281e-08,1.8482796860245044e-06,5.3037754272488013e-08,1.134279170809155e-09,1.1342791707488857e-09,6.026941340637929e-20
8,polynomial,420,0,421,1,5,0.06436480994528326,0.06436501800564035,2.08060357081985e-07,3.2325067797503383e-06,1.1484005273601146e-07,9.579553097551878e-09,9.579553097864973e-09,3.130944792962214e-19
8,polynomial,421,0,422,2,5,0.11616433944329271,0.11616428343226955,2.1302408162449105e-07,1.8338164934728683e-06,1.0954655536585695e-07,6.574510110046068e-09,6.574510111385521e-09,1.3394527387265052e-18
8,polynomial,421,2,431,1,5,0.06333352663439457,0.06333348129397606,4.5340418503014845e-08,7.158991597728556e-07,2.3822673822582603e-08,7.343145475206259e-10,7.34314545039867e-10,2.4807589112093016e-18
8,polynomial,423,0,424,1,5,0.13017932217352285,0.13017938771279702,2.3522354485050467e-07,1.806918506710579e-06,1.0525851188969599e-07,2.3180737774510737e-08,2.3180737774243336e-08,2.6740102225879215e-19
8,polynomial,423,2,454,1,5,0.07552351952001549,0.0755234987523757,2.356452840496237e-08,3.120157608480789e-07,1.4031159353750199e-08,-3.5288932662106617e-10,-3.5288932704335925e-10,4.2229307350118424e-19
8,polynomial,424,0,425,2,5,0.09963599437521853,0.09963596660198999,7.65785637263372e-08,7.685833237931114e-07,3.199205121153813e-08,4.718750192211109e-09,4.718750191069842e-09,1.1412668814037002e-18
8,polynomial,424,2,432,1,5,0.04282417038437187,0.04282407176322699,1.4851449033764785e-07,3.4680062451798554e-06,8.030997227707271e-08,5.414893421493791e-09,5.414893420146974e-09,1.3468171277200648e-18
8,polynomial,425,0,426,1,5,0.1376699898252726,0.1376699905306949,1.410728756590096e-07,1.02471769711901e-06,5.9128162771292e-08,-3.3917420730714954e-09,-3.3917420783398823e-09,5.2683869404247505e-18
8,polynomial,426,0,427,2,5,0.12534179335143517,0.1253418582244747,1.3873991835944288e-07,1.1068921454074312e-06,7.28657101101889e-08,-5.052556441921297e-10,-5.052556447366898e-10,5.445600874087192e-19
8,polynomial,426,2,434,1,5,0.026736439594025933,0.026736364051716286,1.1241134099644959e-07,4.204424474736984e-06,7.07651506432469e-08,-1.252093311259267e-09,-1.2520933112496565e-09,9.610391151794214e-21
8,polynomial,427,0,428,1,5,0.12534185822447452,0.1253417933514353,1.3873991831780952e-07,1.1068921450752743e-06,7.286571008492686e-08,3.882061702680837e-09,3.882061701051458e-09,1.6293795434263414e-18
8,polynomial,428,0,429,2,5,0.13766999053069487,0.1376699898252727,1.410728756590096e-07,1.0247176971190103e-06,5.9128162771839044e-08,-3.2400142544452694e-09,-3.24001425340749e-09,1.0377795557381097e-18
8,polynomial,428,2,436,1,5,0.02673643959402597,0.026736364051716303,1.1241134095785199e-07,4.204424473293345e-06,7.076515063671922e-08,9.062218890829673e-09,9.062218891015165e-09,1.8549194364256624e-19
8,polynomial,429,0,430,1,5,0.09963596660199,0.09963599437521853,7.657856365694826e-08,7.685833230966869e-07,3.1992051189283024e-08,2.684695531492265e-09,2.6846955330370877e-09,1.5448226596693332e-18
8,polynomial,430,0,431,2,5,0.13017938771279702,0.130179322173523,2.3522354483662689e-07,1.8069185066039737e-06,1.0525851188086412e-07,-1.0816627638295164e-08,-1.0816627639220295e-08,9.251303776078819e-19
8,polynomial,430,2,438,1,5,0.04282417038437191,0.042824071763227,1.4851449031336172e-07,3.4680062446127393e-06,8.030997227040669e-08,1.7512938493874178e-09,1.7512938499563162e-09,5.688984293670201e-19
8,polynomial,432,0,433,1,5,0.1253198074794165,0.12531981379408474,5.435434406730888e-08,4.3372506247591053e-07,2.1565894012416188e-08,3.4857235631493595e-10,3.4857235656010153e-10,2.451655802127542e-19
8,polynomial,432,2,456,1,5,0.09200793094762254,0.09200790738309414,2.3564528398023477e-08,2.5611409967949483e-07,1.4031159339140497e-08,-5.963113669562741e-10,-5.963113665092801e-10,4.46994030760513e-19
8,polynomial,433,0,434,2,5,0.1128516150022337,0.11285168876953175,1.8596473227994181e-07,1.647868404164719e-06,9.47628679922966e-08,2.5716533386841417e-09,2.5716533391271643e-09,4.430226332420694e-19
8,polynomial,433,2,439,1,5,0.020904308468710296,0.020904254265727843,8.269107778721696e-08,3.95569544484045e-06,5.2702779456242066e-08,-1.2150205873523706e-09,-1.2150205872966846e-09,5.568600563222296e-20
8,polynomial,434,0,435,1,5,0.12661031163441194,0.1266102512404578,1.1215763426331016e-07,8.858491288384632e-07,5.471337544071572e-08,2.1825855659202097e-10,2.182585569371837e-10,3.4516272068125375e-19
8,polynomial,435,0,436,2,5,0.12661025124045774,0.126610311634412,1.1215763438821025e-07,8.85849129824955e-07,5.47133754640385e-08,8.177418966710102e-09,8.177418967757865e-09,1.0477632121413185e-18
8,polynomial,435,2,441,1,5,0.007383629622075933,0.0073836349564133895,1.2571772393943359e-08,1.7026535667264507e-06,9.076827339501435e-09,-3.69996028863808e-10,-3.6999602902468717e-10,1.608791845160509e-19
8,polynomial,436,0,437,1,5,0.11285168876953176,0.11285161500223366,1.8596473223830845e-07,1.6478684037957976e-06,9.476286800116984e-08,-1.899499913044359e-08,-1.8994999131010383e-08,5.667940818886852e-19
8,polynomial,437,0,438,2,5,0.12531981379408463,0.12531980747941648,5.435434401179773e-08,4.33725062032955e-07,2.1565893993199982e-08,-1.2197662926302877e-10,-1.2197663046474035e-10,1.2017115795517583e-18
8,polynomial,437,2,443,1,5,0.02090430846871033,0.020904254265727857,8.269107781670726e-08,3.955695446251171e-06,5.27027794573035e-08,2.791284554515754e-09,2.791284554587823e-09,7.206893804929509e-20
8,polynomial,439,0,440,1,5,0.10537850851229418,0.1053784921004074,3.117818282716289e-08,2.958685150067903e-07,1.342189244286078e-08,1.4003824831253503e-10,1.4003824814865667e-10,1.6387836047140919e-19
8,polynomial,439,2,458,1,5,0.09131302776692121,0.09131301544165459,1.2325266626755926e-08,1.3497818359737756e-07,6.623343006156034e-09,2.3192386015106419e-10,2.3192385958115104e-10,5.699131473340754e-19
8,polynomial,440,0,441,2,5,0.10236099450521602,0.10236102945492663,8.94860534561559e-08,8.742199441786577e-07,3.99430306127148e-08,-2.256211268255274e-09,-2.256211266631859e-09,1.6234147440292215e-18
8,polynomial,440,2,444,1,5,0.006892649404799144,0.006892637490594714,1.5921565349116817e-08,2.3099340201506713e-06,1.1376636515789134e-08,-3.1733802105797215e-10,-3.1733802104245926e-10,1.5512893509031196e-20
8,polynomial,441,0,442,1,5,0.10236102945492655,0.10236099450521595,8.948605347003369e-08,8.742199443142353e-07,3.9943030614379386e-08,-1.0698869699855452e-08,-1.0698869697782607e-08,2.072845131886433e-18
8,polynomial,442,0,443,2,5,0.1053784921004074,0.10537850851229424,3.117818284104068e-08,2.9586851513848483e-07,1.3421892432810402e-08,2.371170286021156e-09,2.371170291662714e-09,5.6415583068397795e-18
8,polynomial,442,2,446,1,5,0.006892649404799172,0.006892637490594707,1.5921565349116817e-08,2.3099340201506616e-06,1.1376636510736564e-08,-6.418109489755502e-10,-6.418109489943826e-10,1.883242100599478e-20
8,polynomial,444,0,445,1,5,0.0821810179780863,0.08218101103157135,2.0988379104136534e-08,2.553920554955053e-07,8.213756514857608e-09,-1.5405112470283984e-09,-1.5405112464962969e-09,5.321015066127518e-19
8,polynomial,444,2,460,1,5,0.07869427570441974,0.07869427162263835,4.081781385112393e-09,5.186884749335263e-08,1.993622475536578e-09,1.247032853971288e-10,1.2470328369696825e-10,1.7001605354124972e-18
8,polynomial,445,0,446,2,5,0.08218101103157133,0.08218101797808637,2.0988379173525473e-08,2.5539205633984773e-07,8.213756524635497e-09,1.5229862765141628e-09,1.522986277767546e-09,1.2533831484242907e-18
8,polynomial,445,2,447,1,5,0.0011418099333798302,0.0011418083491788345,1.5842010184143746e-09,1.38744722050634e-06,1.252953833437706e-09,6.335579432655842e-11,6.335579432668401e-11,1.2558928144027765e-22
8,polynomial,447,2,462,1,5,0.06302314235262091,0.0630231429120318,1.1114093534381198e-09,1.76349401518968e-08,5.799790512141699e-10,7.694118752581927e-11,7.694118707995414e-11,4.458651230948342e-19
8,polynomial,448,0,449,1,5,0.06979253064645809,0.06979252156717368,1.1312502934401891e-08,1.62087587734949e-07,5.8424280443045375e-09,3.94240370960637e-10,3.9424036976591726e-10,1.1947197578759714e-18
8,polynomial,449,0,450,2,5,0.08397190770133375,0.0839718584752194,4.922611435143054e-08,5.862212220605376e-07,2.3596860428628752e-08,-2.0159611989403292e-09,-2.0159611992611736e-09,3.208443344552307e-19
8,polynomial,449,2,463,1,5,0.021065906539223384,0.021065852981021774,5.355820160979352e-08,2.54241143195388e-06,2.301683138069659e-08,-2.3781801055201054e-10,-2.3781801040501584e-10,1.4699469944040691e-19
8,polynomial,450,0,451,1,5,0.06955566339403493,0.0695556080461085,5.5347926436466466e-08,7.957357278431635e-07,2.9884476793394114e-08,-4.515433357089003e-09,-4.515433357797748e-09,7.087457196282977e-19
8,polynomial,451,0,452,2,5,0.10263775275534195,0.10263771235138673,4.0403955223200505e-08,3.9365588332308466e-07,2.0328780284964762e-08,-1.9184071275966363e-09,-1.918407128540663e-09,9.440269051113495e-19
8,polynomial,451,2,465,1,5,0.04264644474858783,0.042646316360046406,1.2838854142327438e-07,3.01053328548626e-06,5.876271181169704e-08,9.016916792649062e-10,9.016916800426425e-10,7.777363050279767e-19
8,polynomial,452,0,453,1,5,0.06532131876402081,0.06532117065793216,1.481060886432406e-07,2.267346885299228e-06,7.487157013080795e-08,-1.621548656589363e-09,-1.6215486561357177e-09,4.536452866684754e-19
8,polynomial,453,0,454,2,5,0.125687378675548,0.12568740614671461,2.7471166619275067e-08,2.1856737648963842e-07,1.5100453024571336e-08,3.1777704530096106e-09,3.177770454119889e-09,1.110278214115626e-18
8,polynomial,453,2,467,1,5,0.07115965782959073,0.07115948367252041,1.741570703206463e-07,2.4474129813511494e-06,7.833183031399139e-08,5.282891787063749e-09,5.2828917823765286e-09,4.6872205953929564e-18
8,polynomial,454,0,455,1,5,0.05985984339328913,0.05985968904051278,1.5435277635200695e-07,2.5785696654413797e-06,6.809276800214611e-08,-2.462234921337838e-10,-2.4622349184707713e-10,2.8670664227395555e-19
8,polynomial,455,0,456,2,5,0.1448944119256315,0.14489447956935333,6.764372184608902e-08,4.668481645894007e-07,4.42935864667383e-08,9.67224699009299e-10,9.672247003975808e-10,1.3882818306709698e-18
8,polynomial,455,2,469,1,5,0.09353079122050266,0.0935307002852713,1.3974056647936273e-07,1.4940594926639574e-06,6.587123741452123e-08,-1.6122978263173362e-09,-1.6122978268648386e-09,5.4750236884757035e-19
8,polynomial,456,0,457,1,5,0.058338661200166994,0.05833861346524674,4.773492025267334e-08,8.182381849471839e-07,2.0014010132967086e-08,5.301636431419132e-10,5.301636420612854e-10,1.0806278216610862e-18
8,polynomial,457,0,458,2,5,0.15009202542055256,0.15009201417288584,3.034323386996718e-08,2.021641974978118e-07,1.9921317487677094e-08,7.757683942595204e-10,7.757683932455136e-10,1.014006798523642e-18
8,polynomial,457,2,471,1,5,0.09587428808746437,0.09587426390041844,1.5206144561574764e-07,1.5860503232840149e-06,6.671091205991102e-08,1.356684757598434e-10,1.3566847550278415e-10,2.570592483491362e-19
8,polynomial,458,0,459,1,5,0.06084030435532471,0.06084030075560031,2.407671876453188e-08,3.957363300472164e-07,1.0277900894978214e-08,4.0012821699642094e-10,4.0012821706261043e-10,6.618949335163302e-20
8,polynomial,459,0,460,2,5,0.141580139282551,0.14158014398002383,5.6942645321189644e-09,4.021937237839222e-08,3.2968236664002057e-09,-2.6132166819285963e-10,-2.61321668000959e-10,1.919006288358974e-19
8,polynomial,459,2,473,1,5,0.08167412510375809,0.08167413067036187,4.8352989695521487e-08,5.920233163016444e-07,2.082611499707564e-08,1.9000462676780754e-10,1.9000462699754956e-10,2.2974202220987874e-19
8,polynomial,460,0,461,1,5,0.06308936441704822,0.06308936742346294,8.920357667807632e-09,1.413924094044752e-07,4.257514719711256e-09,7.135363540086447e-11,7.135363562448231e-11,2.2361783544847755e-19
8,polynomial,461,0,462,2,5,0.12629677984286916,0.12629677742505155,2.741943533335345e-09,2.1710320221518756e-08,2.538284159933253e-09,-1.2125827546321052e-10,-1.2125827590457527e-10,4.4136475649936e-19
8,polynomial,461,2,475,1,5,0.06308936742346295,0.06308936441704824,8.920357667807632e-09,1.4139240940447517e-07,4.257514725128469e-09,-3.1329115075084225e-10,-3.1329115160857876e-10,8.577365092843717e-19
8,polynomial,463,0,464,1,5,0.08601793311397422,0.08601793142106974,6.104219103797437e-08,7.096449406322416e-07,3.284718629113629e-08,-1.392927811246141e-09,-1.3929278136109184e-09,2.364777435981404e-18
8,polynomial,464,0,465,2,5,0.12225435597863507,0.12225427594308347,8.00355516028528e-08,6.546642118571191e-07,4.5670520707101905e-08,-2.705487019493812e-09,-2.705487021142192e-09,1.6483798820966844e-18
8,polynomial,464,2,476,1,5,0.041797451999741664,0.04179740799606198,4.400367968615537e-08,1.0527837841987914e-06,1.7188920613505355e-08,2.0021655609274974e-09,2.0021655615725146e-09,6.450172436953748e-19
8,polynomial,465,0,466,1,5,0.08873584629346117,0.08873578542762417,8.933313178083324e-08,1.0067310507796e-06,4.2138512663490795e-08,-1.2373529293590125e-09,-1.237352930301835e-09,9.428225301394723e-19
8,polynomial,466,0,467,2,5,0.14859363659981947,0.14859359022413338,4.637568609688891e-08,3.120973896196121e-07,2.9647634973966113e-08,-1.7150162281707634e-09,-1.7150162301933015e-09,2.022538074982489e-18
8,polynomial,466,2,478,1,5,0.06725780963180185,0.06725770611259582,1.0351920602669207e-07,1.539140310893273e-06,4.281228035734434e-08,-3.0372983105231983e-09,-3.0372983104988862e-09,2.4312078973852313e-20
8,polynomial,467,0,468,1,5,0.08677363482689243,0.08677348635895907,1.484679333640937e-07,1.710979765458451e-06,6.790664278738976e-08,-3.1019722255007613e-10,-3.101972228688326e-10,3.187564788903586e-19
8,polynomial,468,0,469,2,5,0.17062447811175688,0.17062447750678722,1.4058500308333777e-08,8.239439301977315e-08,8.572241881269105e-09,1.0137884583029408e-10,1.0137885286347484e-10,7.033180758113333e-18
8,polynomial,468,2,480,1,5,0.09065589316980449,0.09065575657526677,1.3659453772241203e-07,1.5067364398093947e-06,7.696844589524408e-08,1.0183322236253028e-09,1.0183322239348708e-09,3.095680015497547e-19
8,polynomial,469,0,470,1,5,0.08311496196276363,0.08311485518726246,1.0677550117688117e-07,1.284672442306088e-06,5.724216692730678e-08,-5.971730059007309e-10,-5.971730062238662e-10,3.231353145592729e-19
8,polynomial,470,0,471,2,5,0.1763580839250925,0.17635811339474328,3.630408076937819e-08,2.0585432714466942e-07,2.096814426485584e-08,-1.1913136525773077e-09,-1.1913136536931143e-09,1.1158066757396242e-18
8,polynomial,470,2,482,1,5,0.09595922656819407,0.0959592792626645,1.6673793447330443e-07,1.7375905254238215e-06,8.511966030621557e-08,4.635718587119245e-09,4.635718587393956e-09,2.7471081733192326e-19
8,polynomial,471,0,472,1,5,0.081884246987189,0.08188427635694182,6.142020132771098e-08,7.500854139563269e-07,3.62778809624956e-08,-4.6020617671811103e-10,-4.6020617821449756e-10,1.4963865302146195e-18
8,polynomial,472,0,473,2,5,0.16360024425991354,0.16360022988377568,2.8467294632683604e-08,1.7400520861972122e-07,2.2666433072274504e-08,-3.0633541443835204e-09,-3.063354147198785e-09,2.815264547071152e-18
8,polynomial,472,2,484,1,5,0.08188427635694179,0.08188424698718905,6.142020131383319e-08,7.500854137868468e-07,3.627788098973422e-08,-4.227962240057963e-10,-4.227962227755165e-10,1.2302797871205315e-18
8,polynomial,473,0,474,1,5,0.08167413067036187,0.0816741251037581,4.8352989695521487e-08,5.920233163016444e-07,2.0826114975602633e-08,-3.710894729737634e-09,-3.7108947341009588e-09,4.3633247916580176e-18
8,polynomial,474,0,475,2,5,0.1415801392825511,0.1415801439800239,5.69426455987454e-09,4.021937257443365e-08,3.2968236565672682e-09,-6.467840261164682e-11,-6.467840379544572e-11,1.183798892914043e-18
8,polynomial,474,2,486,1,5,0.06084030075560032,0.060840304355324726,2.4076718806165243e-08,3.95736330731522e-07,1.0277900927269998e-08,7.311922873658033e-10,7.311922869149529e-10,4.508504501738118e-19
8,polynomial,476,0,477,1,5,0.09526002916654155,0.09526003097458242,1.3033300384768243e-07,1.3681814136976114e-06,6.116871256181112e-08,-1.5692323899040194e-09,-1.5692323897944604e-09,1.0955903815688282e-19
8,polynomial,477,0,478,2,5,0.15938941980964827,0.15938942855774466,3.741618528896318e-08,2.347469692785039e-07,2.379149229381192e-08,-1.4081998412424287e-09,-1.4081998383554593e-09,2.8869693188557704e-18
8,polynomial,477,2,487,1,5,0.06734876521030132,0.06734874494654748,3.902575026332178e-08,5.794575467190985e-07,1.891839896731549e-08,-4.644149824161515e-10,-4.6441498234851145e-10,6.764005795332133e-20
8,polynomial,478,0,479,1,5,0.09768564075493165,0.09768557489499823,1.8477201431388313e-07,1.8914961593734024e-06,8.281861702240437e-08,-4.5220562693983127e-10,-4.5220562835617334e-10,1.416342071795453e-18
8,polynomial,479,0,480,2,5,0.18374798146392562,0.18374795762678414,3.0143396917425846e-08,1.640474996093699e-07,1.735410941627103e-08,1.8061089132624558e-10,1.8061088968475875e-10,1.6414868309559152e-18
8,polynomial,479,2,489,1,5,0.08815439391189295,0.08815444613239805,9.905153930400701e-08,1.1236136536464962e-06,6.050567000125793e-08,5.231337229764507e-09,5.231337229389574e-09,3.7493284752946064e-19
8,polynomial,480,0,481,1,5,0.09604436674594188,0.09604443955892188,1.6605160824134657e-07,1.7289039220170191e-06,9.369297916683458e-08,1.183409103308329e-09,1.1834091022312249e-09,1.0771041356491869e-18
8,polynomial,481,0,482,2,5,0.19163546393229794,0.19163545709120786,2.6666071989422946e-08,1.3914998530148724e-07,1.7975490576470303e-08,-5.747208405694848e-10,-5.747208406033003e-10,3.381555703147405e-20
8,polynomial,481,2,491,1,5,0.09604443955892188,0.09604436674594197,1.6605160815807984e-07,1.7289039211500587e-06,9.369297918099091e-08,-2.899866952630453e-09,-2.8998669513072135e-09,1.3232395851301595e-18
8,polynomial,482,0,483,1,5,0.09595927926266445,0.09595922656819406,1.6673793443167106e-07,1.7375905249899575e-06,8.511966031898123e-08,5.0905561506349544e-09,5.090556151748637e-09,1.1136828895168943e-18
8,polynomial,483,0,484,2,5,0.17635808392509258,0.1763581133947433,3.6304080797133764e-08,2.058543273020513e-07,2.0968144256237183e-08,-9.995185148229558e-10,-9.995185172023103e-10,2.3793544263261196e-18
8,polynomial,483,2,493,1,5,0.0831148551872624,0.08311496196276373,1.0677550132953684e-07,1.2846724441427676e-06,5.7242166971980475e-08,-9.509648308021141e-09,-9.509648308834301e-09,8.131599011702539e-19
8,polynomial,484,0,485,1,5,0.09587426390041841,0.09587428808746427,1.5206144550472533e-07,1.5860503221260177e-06,6.671091203360248e-08,-5.83959199692981e-10,-5.839591981140967e-10,1.5788843029330418e-18
8,polynomial,485,0,486,2,5,0.15009202542055267,0.15009201417288592,3.03432337311893e-08,2.0216419657319308e-07,1.9921317482551555e-08,6.811014738474625e-10,6.811014733625383e-10,4.84924190953979e-19
8,polynomial,485,2,495,1,5,0.05833861346524673,0.0583386612001671,4.773492037063454e-08,8.182381869691897e-07,2.0014010172695982e-08,3.063311231432694e-11,3.063311313181889e-11,8.174919494357706e-19
8,polynomial,487,0,488,1,5,0.0879103977275744,0.08791041099372157,8.670905450591793e-08,9.863343092789153e-07,3.880565607872765e-08,-9.517559333234586e-10,-9.51755934736953e-10,1.4134945025367392e-18
8,polynomial,488,0,489,2,5,0.175964426373179,0.17596444490793087,4.880533524542763e-08,2.7735907257266565e-07,3.5714926480160845e-08,5.679263963037994e-09,5.6792639576866e-09,5.351393687713834e-18
8,polynomial,488,2,496,1,5,0.08791041099372157,0.0879103977275744,8.670905456142908e-08,9.863343099103667e-07,3.8805656099681266e-08,1.654809505942056e-09,1.6548095048759694e-09,1.0660865034802869e-18
8,polynomial,489,0,490,1,5,0.08815444613239808,0.08815439391189295,9.905153929012922e-08,1.12361365348907e-06,6.05056699962153e-08,-2.8477070249873112e-09,-2.8477070240079666e-09,9.793446221352199e-19
8,polynomial,490,0,491,2,5,0.1837479814639258,0.18374795762678411,3.0143396806403544e-08,1.640474990051601e-07,1.7354109487568608e-08,-1.923417984703828e-09,-1.9234179852950268e-09,5.9119880509114345e-19
8,polynomial,490,2,498,1,5,0.09768557489499821,0.09768564075493165,1.8477201425837197e-07,1.8914961588051392e-06,8.281861697423761e-08,4.058518790468744e-09,4.0585187905294146e-09,6.067038920831437e-20
8,polynomial,491,0,492,1,5,0.09065575657526671,0.09065589316980445,1.3659453773628982e-07,1.5067364399624775e-06,7.696844587171925e-08,-1.649684039913822e-09,-1.649684038941459e-09,9.723630109701192e-19
8,polynomial,492,0,493,2,5,0.17062447811175696,0.17062447750678716,1.4058500141800323e-08,8.239439204374988e-08,8.572241832952422e-09,1.2816403668998196e-09,1.2816403626461265e-09,4.253693168402383e-18
8,polynomial,492,2,500,1,5,0.08677348635895901,0.08677363482689246,1.4846793344736042e-07,1.710979766418036e-06,6.790664280574106e-08,3.095017622780486e-09,3.095017620097795e-09,2.682690655936053e-18
8,polynomial,493,0,494,1,5,0.09353070028527127,0.0935307912205026,1.3974056636834042e-07,1.494059491476945e-06,6.587123735144202e-08,-1.469850020668348e-09,-1.4698500203019992e-09,3.663487807226916e-19
8,polynomial,494,0,495,2,5,0.14489441192563146,0.14489447956935333,6.76437218738446e-08,4.6684816478095785e-07,4.429358647875194e-08,2.516713093799514e-09,2.5167130920690633e-09,1.7304506745226644e-18
8,polynomial,494,2,502,1,5,0.05985968904051273,0.05985984339328912,1.5435277638670142e-07,2.5785696660209755e-06,6.809276802511235e-08,-3.88083214625737e-09,-3.880832145854637e-09,4.027327335561428e-19
8,polynomial,496,0,497,1,5,0.06734874494654747,0.06734876521030124,3.902575027026067e-08,5.794575468221286e-07,1.891839893855461e-08,8.005367277596672e-10,8.005367265907447e-10,1.1689224244134918e-18
8,polynomial,497,0,498,2,5,0.15938941980964833,0.1593894285577447,3.741618531671875e-08,2.347469694526407e-07,2.379149230272423e-08,3.945010149010692e-10,3.945010131857026e-10,1.7153666224624537e-18
8,polynomial,497,2,503,1,5,0.09526003097458237,0.0952600291665415,1.3033300393094915e-07,1.3681814145717115e-06,6.116871259135702e-08,2.7167059355997587e-10,2.716705946357168e-10,1.0757409419996995e-18
8,polynomial,498,0,499,1,5,0.06725770611259572,0.06725780963180183,1.035192061099588e-07,1.5391403121312964e-06,4.2812280370744736e-08,7.119225338999226e-10,7.11922533491059e-10,4.088635894612327e-19
8,polynomial,499,0,500,2,5,0.1485936365998194,0.1485935902241332,4.637568618015564e-08,3.1209739017997767e-07,2.9647634954479038e-08,-2.2004420598191696e-09,-2.200442056334612e-09,3.484557473793427e-18
8,polynomial,499,2,505,1,5,0.08873578542762411,0.0887358462934612,8.933313179471103e-08,1.006731050935994e-06,4.2138512676041276e-08,-8.103605968886092e-10,-8.10360597179022e-10,2.904127733097111e-19
8,polynomial,500,0,501,1,5,0.07115948367252038,0.07115965782959068,1.7415707029289074e-07,2.4474129809611047e-06,7.833183033710914e-08,4.285099006818593e-09,4.285099006831516e-09,1.2923042709915951e-20
8,polynomial,501,0,502,2,5,0.12568737867554794,0.12568740614671453,2.747116659151949e-08,2.1856737626880836e-07,1.5100453039084683e-08,6.027043560477948e-10,6.027043571720953e-10,1.1243004764620484e-18
8,polynomial,501,2,507,1,5,0.06532117065793212,0.06532131876402082,1.4810608869875175e-07,2.2673468861490443e-06,7.487157013188443e-08,-2.235380655076837e-09,-2.2353806544737464e-09,6.030907671675121e-19
8,polynomial,503,0,504,1,5,0.04179740799606198,0.041797451999741615,4.4003679637583115e-08,1.0527837830367062e-06,1.718892058554788e-08,7.929063181717584e-10,7.929063183198147e-10,1.4805623066025387e-19
8,polynomial,504,0,505,2,5,0.12225435597863507,0.12225427594308329,8.003555178326405e-08,6.546642133328231e-07,4.5670520701876744e-08,-5.438433517452438e-10,-5.438433526438128e-10,8.985690911509213e-19
8,polynomial,504,2,508,1,5,0.08601793142106968,0.08601793311397421,6.104219109348552e-08,7.096449412775856e-07,3.28471863052826e-08,5.76163359757466e-10,5.761633584152434e-10,1.342222553007639e-18
8,polynomial,505,0,506,1,5,0.0426463163600464,0.04264644474858782,1.2838854142327438e-07,3.0105332854862606e-06,5.876271179792779e-08,3.4926249186101375e-09,3.4926249182300877e-09,3.8004978679871367e-19
8,polynomial,506,0,507,2,5,0.10263775275534197,0.10263771235138669,4.0403955278711656e-08,3.9365588386392997e-07,2.0328780289821954e-08,-1.8381639601652916e-09,-1.8381639595971517e-09,5.68139904745309e-19
8,polynomial,506,2,510,1,5,0.06955560804610847,0.06955566339403493,5.534792646422204e-08,7.957357282422046e-07,2.988447680026062e-08,8.908296414651964e-10,8.908296416806211e-10,2.1542471487871638e-19
8,polynomial,508,0,509,1,5,0.021065852981021718,0.02106590653922337,5.3558201651426884e-08,2.54241143393022e-06,2.3016831396086846e-08,2.2740160327570665e-09,2.274016032963382e-09,2.0631538838297616e-19
8,polynomial,509,0,510,2,5,0.08397190770133374,0.08397185847521933,4.922611440694169e-08,5.862212227216058e-07,2.359686044385249e-08,-2.5546592098113184e-09,-2.5546592100367206e-09,2.25402167427331e-19
8,polynomial,509,2,511,1,5,0.06979252156717371,0.06979253064645807,1.131250296909636e-08,1.6208758823205765e-07,5.842428038895284e-09,1.403449876953011e-10,1.4034498792579824e-10,2.304971347115631e-19
