ndivs,state,element,face,neighbor_element,neighbor_face,n_face_points,max_abs_aM,max_abs_aP,max_abs_metric_mismatch,relative_metric_mismatch,weighted_l2_metric_mismatch,R_geo_face,I_direct_face,interface_formula_error
8,gaussian,0,0,1,1,5,0.07093433899563689,0.07093433150055356,9.728301941791528e-09,1.371451694557964e-07,4.74351372157439e-09,1.7184522149132393e-17,1.7184522129220527e-17,1.9911866138788974e-26
8,gaussian,0,1,64,2,5,0.008480334017751733,0.008480334479588474,1.1114093257909644e-09,1.3105725115749182e-07,5.799790193829202e-10,-7.004604732113202e-20,-7.004604735775583e-20,3.662380882314579e-29
8,gaussian,0,2,192,1,5,0.062469601849366195,0.062469601849366244,4.85722573273506e-17,7.775342869076308e-16,2.7132639960347637e-17,4.187332310296007e-27,-7.389559654037844e-27,1.1576891964333851e-26
8,gaussian,1,0,2,2,5,0.07016013881991913,0.07016017403681547,7.454658083189125e-08,1.0625198961561024e-06,3.113436889612562e-08,2.396547518396688e-16,2.3965475186120207e-16,2.1533289610785078e-26
8,gaussian,1,2,15,1,5,0.008024879992413431,0.008024924129667434,7.021449351714976e-08,8.749552317581794e-06,3.142956419797021e-08,-1.594779011888773e-16,-1.5947790118130778e-16,7.569514816048219e-27
8,gaussian,2,0,3,1,5,0.09291057060456888,0.09291058082586881,7.254451581117927e-08,7.807992928936778e-07,4.2298237823176905e-08,1.2844958293109611e-16,1.28449582923262e-16,7.834103694040004e-27
8,gaussian,2,1,79,2,5,0.02453402580953264,0.024534025523322664,4.081781331335965e-09,1.6637226042820898e-07,1.9936224521134993e-09,1.4513346542090672e-19,1.451334660858581e-19,6.64951387423998e-28
8,gaussian,3,0,4,2,5,0.07239527692392887,0.0723953021590036,7.518186249944048e-08,1.038490900063055e-06,3.0245990792870155e-08,3.8351172181251633e-16,3.8351172185267453e-16,4.0158196975440014e-26
8,gaussian,3,2,17,1,5,0.02786184373360352,0.027861674211998366,1.6952160515268377e-07,6.084364221317763e-06,8.448790889683558e-08,-1.8374615872120044e-16,-1.8374615874025538e-16,1.905493516561354e-26
8,gaussian,4,0,5,1,5,0.11616428343226931,0.11616433944329277,2.1302408172163556e-07,1.8338164943091353e-06,1.0954655539913088e-07,7.824497429800867e-16,7.824497429313921e-16,4.869460874225631e-26
8,gaussian,4,1,92,2,5,0.048846424089447324,0.0488464173315803,1.2325266585122563e-08,2.5232689628523464e-07,6.6233429820230055e-09,7.458228370593466e-19,7.45822832237141e-19,4.822205602293965e-27
8,gaussian,5,0,6,2,5,0.06333352663439457,0.06333348129397606,4.5340418503014845e-08,7.158991597728556e-07,2.382267381922171e-08,-2.4683201342534744e-16,-2.4683201346475755e-16,3.9410110318257613e-26
8,gaussian,5,2,19,1,5,0.06436501800564033,0.06436480994528333,2.0806035699871828e-07,3.2325067784566746e-06,1.1484005270764508e-07,3.111341157374501e-16,3.1113411584803655e-16,1.1058646599840754e-25
8,gaussian,6,0,7,1,5,0.13017932217352288,0.13017938771279708,2.352235448227491e-07,1.8069185064973678e-06,1.052585118733168e-07,1.4184836382629076e-15,1.4184836382417425e-15,2.1165138087079747e-26
8,gaussian,6,1,103,2,5,0.07552351952001547,0.07552349875237578,2.356452834945122e-08,3.120157601130609e-07,1.4031159301851415e-08,6.530032805593139e-19,6.530032855452534e-19,4.985939499481018e-27
8,gaussian,7,0,8,2,5,0.042824170384371835,0.04282407176322698,1.4851449032377007e-07,3.4680062448557937e-06,8.030997226751042e-08,-9.195290474621104e-16,-9.19529047501601e-16,3.9490574130590156e-26
8,gaussian,7,2,21,1,5,0.09963599437521856,0.09963596660198994,7.657856368470384e-08,7.685833233752565e-07,3.199205122763771e-08,-2.6548407441187755e-17,-2.6548407854419426e-17,4.1323167038747773e-25
8,gaussian,8,0,9,1,5,0.12531980747941648,0.12531981379408466,5.4354344039553304e-08,4.3372506225443286e-07,2.156589399580142e-08,3.5608535700598654e-16,3.5608535695619517e-16,4.97913719195464e-26
8,gaussian,8,1,112,2,5,0.09200793094762248,0.09200790738309415,2.3564528328634538e-08,2.5611409892533243e-07,1.4031159310496753e-08,-6.530032615781173e-19,-6.530032653726652e-19,3.794547872896402e-27
8,gaussian,9,0,10,2,5,0.02090430846871033,0.02090425426572784,8.269107779415585e-08,3.955695445172379e-06,5.270277945107164e-08,-3.017991184454276e-16,-3.0179911846007213e-16,1.4644512452136016e-26
8,gaussian,9,2,23,1,5,0.11285161500223374,0.11285168876953174,1.8596473233545296e-07,1.6478684046566139e-06,9.476286802761331e-08,-1.2264767089028165e-16,-1.2264767033796246e-16,5.523191878534547e-25
8,gaussian,10,0,11,1,5,0.10537850851229416,0.10537849210040742,3.117818285491847e-08,2.958685152701797e-07,1.3421892434774074e-08,-1.6432599447717342e-16,-1.64325994527912e-16,5.073857199958724e-26
8,gaussian,10,1,119,2,5,0.09131302776692121,0.09131301544165461,1.232526659900035e-08,1.3497818329341683e-07,6.623342984441004e-09,-7.458228422182592e-19,-7.458228431590383e-19,9.40779125902752e-28
8,gaussian,11,0,12,2,5,0.006892649404799153,0.006892637490594709,1.592156533610639e-08,2.309934018263088e-06,1.1376636521886923e-08,-1.749328873530939e-17,-1.749328873384973e-17,1.4596607641071305e-27
8,gaussian,11,2,25,1,5,0.10236099450521605,0.10236102945492655,8.948605348391148e-08,8.742199444498123e-07,3.994303062750251e-08,1.3566741381206017e-16,1.3566741364325814e-16,1.6880203422100255e-25
8,gaussian,12,0,13,1,5,0.08218101797808627,0.08218101103157138,2.0988379104136534e-08,2.553920554955054e-07,8.213756506474943e-09,-6.96088161136168e-17,-6.960881610205435e-17,1.1562445221389167e-26
8,gaussian,12,1,124,2,5,0.07869427570441968,0.07869427162263837,4.081781315723454e-09,5.186884661159935e-08,1.9936224365747763e-09,-1.4513344850692566e-19,-1.4513345148057952e-19,2.9736538656529965e-27
8,gaussian,13,0,14,2,5,0.001141809933379867,0.0011418083491788313,1.584201058529855e-09,1.3874472556395334e-06,1.2529538278761474e-09,5.673701824208963e-19,5.673701823335465e-19,8.734978225570533e-29
8,gaussian,13,2,27,1,5,0.08218101103157144,0.0821810179780863,2.0988379159647685e-08,2.5539205617097943e-07,8.213756511363362e-09,4.8699380569861626e-17,4.869938053047559e-17,3.938603773469673e-26
8,gaussian,14,0,319,0,5,0.06302314235262094,0.06302314291203176,1.111409339560332e-09,1.7634939931695355e-08,5.799789916559034e-10,-2.3135779323815346e-18,-2.3135779305106897e-18,1.870844881303861e-27
8,gaussian,14,1,127,2,5,0.0630231423526209,0.06302314291203179,1.1114092979269685e-09,1.763493927109098e-08,5.799790094272701e-10,7.004605159944597e-20,7.004605161275909e-20,1.3313123148260444e-29
8,gaussian,15,0,16,1,5,0.06921645327987137,0.06921638642962018,6.685025119579358e-08,9.658144563618386e-07,3.9558297007857224e-08,3.250776217450845e-15,3.2507762175293317e-15,7.848653247360674e-26
8,gaussian,15,2,194,1,5,0.06677710937952716,0.06677710937952717,2.7755575615628914e-17,4.156450597147043e-16,1.8794973595304414e-17,-3.467535661303716e-24,-1.91381583081601e-24,1.5537198304877056e-24
8,gaussian,16,0,17,2,5,0.0737974832370121,0.07379756964667905,2.1787459490024697e-07,2.9523275081193884e-06,9.869383339760985e-08,5.3844893145809286e-14,5.3844893147932375e-14,2.123089753213897e-24
8,gaussian,16,2,28,1,5,0.015280292576373866,0.015280341888167391,7.158213807248112e-08,4.684590082890229e-06,3.355454439679006e-08,-1.465347306602047e-14,-1.46534730662961e-14,2.756311557278424e-25
8,gaussian,17,0,18,1,5,0.09611948124987457,0.09611941504970006,9.466746916930724e-08,9.84893675437213e-07,4.1726800283879184e-08,2.953985225626481e-14,2.9539852257769806e-14,1.504995145867888e-24
8,gaussian,18,0,19,2,5,0.07134804187094491,0.07134808555149413,2.1567684049816904e-07,3.022881957253196e-06,9.180061169510179e-08,1.3379237536606245e-13,1.3379237536424183e-13,1.820615238603194e-24
8,gaussian,18,2,30,1,5,0.039101652021885994,0.03910149348856539,1.5853332060306036e-07,4.054389326423498e-06,8.350454863582496e-08,-3.204183714748165e-14,-3.20418371483217e-14,8.400548225262346e-25
8,gaussian,19,0,20,1,5,0.12442200480664788,0.12442201448902421,2.971833552717351e-07,2.3885110403669837e-06,1.3078026852805776e-07,1.7866792040139987e-13,1.78667920396923e-13,4.476867678663385e-24
8,gaussian,20,0,21,2,5,0.053287012425738675,0.053286913936436045,9.848930263012257e-08,1.8482796866755903e-06,5.303775425864356e-08,-4.482421703715858e-14,-4.4824217037055305e-14,1.0327766971153487e-25
8,gaussian,20,2,32,1,5,0.08916648519414108,0.0891663765976194,1.0859652167793943e-07,1.2179073947065826e-06,5.87981112802058e-08,8.827310043464333e-15,8.8273100425954e-15,8.689334425445654e-25
8,gaussian,21,0,22,1,5,0.13766998982527262,0.13766999053069492,1.410728756590096e-07,1.0247176971190099e-06,5.912816276003148e-08,1.2384806413027316e-13,1.238480640939646e-13,3.6308553785809213e-23
8,gaussian,22,0,23,2,5,0.026736439594026024,0.02673636405171628,1.1241134089626931e-07,4.204424470990013e-06,7.076515061803365e-08,-7.73613736128464e-14,-7.736137361138498e-14,1.4614121585762376e-24
8,gaussian,22,2,34,1,5,0.12534179335143533,0.12534185822447463,1.3873991841495403e-07,1.1068921458503098e-06,7.286571011629056e-08,-5.661799553807842e-15,-5.66179969302893e-15,1.3922108818330986e-22
8,gaussian,23,0,24,1,5,0.12661031163441194,0.12661025124045786,1.1215763431882131e-07,8.858491292769041e-07,5.471337542842784e-08,-7.134210807351472e-14,-7.134210808023339e-14,6.718671531782182e-24
8,gaussian,24,0,25,2,5,0.007383629622075991,0.007383634956413398,1.2571772413892679e-08,1.702653569428278e-06,9.076827356882602e-09,-6.893543416911303e-15,-6.893543416868275e-15,4.302841807528009e-26
8,gaussian,24,2,36,1,5,0.12661025124045783,0.12661031163441203,1.1215763442984361e-07,8.858491301537856e-07,5.47133754549572e-08,2.5534391248920304e-14,2.5534391259549713e-14,1.0629408448648276e-23
8,gaussian,25,0,26,1,5,0.10236102945492656,0.10236099450521605,8.94860534561559e-08,8.742199441786584e-07,3.9943030614494615e-08,-2.2704595423088662e-14,-2.2704595426915202e-14,3.8265402147300455e-24
8,gaussian,26,0,27,2,5,0.006892649404799195,0.006892637490594722,1.5921565308350816e-08,2.309934014236237e-06,1.1376636486913812e-08,-4.4362027986642455e-16,-4.4362027971270864e-16,1.537159075733625e-25
8,gaussian,26,2,38,1,5,0.10537849210040745,0.10537850851229423,3.117818289655183e-08,2.958685156652635e-07,1.3421892428404287e-08,6.400722515001065e-15,6.400722527326616e-15,1.2325550902738457e-23
8,gaussian,27,0,318,0,5,0.07869427570441961,0.07869427162263831,4.081781301845666e-09,5.186884643524873e-08,1.993622427777655e-09,-1.568627032389353e-17,-1.568627081750339e-17,4.9360986049692535e-25
8,gaussian,28,0,29,1,5,0.057019454657785455,0.05701922386061904,2.3079716641311032e-07,4.047691578221666e-06,1.257736265834805e-07,3.6292596484979186e-13,3.6292596482862524e-13,2.116661483469432e-23
8,gaussian,28,2,196,1,5,0.05983831209858221,0.0598383120985822,2.7755575615628914e-17,4.638428899849691e-16,1.8415696707999025e-17,8.842751680759089e-23,-2.1855633049549405e-24,9.061308011254583e-23
8,gaussian,29,0,30,2,5,0.05942072862479416,0.059420812742032356,3.60121802545077e-07,6.060533101566591e-06,1.7113080130333726e-07,6.8834058660271895e-12,6.883405865995001e-12,3.218815026210986e-23
8,gaussian,29,2,39,1,5,0.014013910737036587,0.014013880729408611,8.182551055127552e-08,5.83887767566718e-06,3.4812463428187536e-08,1.1623006746698531e-12,1.1623006746801905e-12,1.0337334276212007e-23
8,gaussian,30,0,31,1,5,0.08545796732234276,0.08545770644306837,2.608792743913346e-07,3.052720332175844e-06,1.1220449180393812e-07,3.2371956173381203e-12,3.2371956174663414e-12,1.2822107288138875e-22
8,gaussian,31,0,32,2,5,0.04539900592320764,0.0453989434723948,2.753344559868788e-07,6.064768388378518e-06,1.1417827271787384e-07,1.5660075240482557e-11,1.566007524065045e-11,1.6789181495412234e-22
8,gaussian,31,2,41,1,5,0.06156701055123809,0.06156715934807574,1.4879683764984497e-07,2.4168215526821374e-06,6.32751926922595e-08,2.5086228501425944e-12,2.5086228514578843e-12,1.3152898753803392e-21
8,gaussian,32,0,33,1,5,0.11472797044251984,0.11472788565601284,1.1145257906852724e-07,9.714508034844597e-07,5.190186641597262e-08,7.2696009472067405e-12,7.269600948225227e-12,1.018486324045089e-21
8,gaussian,33,0,34,2,5,0.01962810051753365,0.019628045918504516,5.5066777646453624e-08,2.805507216414693e-06,4.6450634882148186e-08,2.33350122255958e-13,2.3335012216629963e-13,8.965837114701584e-23
8,gaussian,33,2,43,1,5,0.11472788565601287,0.11472797044251988,1.1145257905464945e-07,9.714508033634967e-07,5.190186640370207e-08,1.6831284268493463e-13,1.683128414885649e-13,1.1963697376287703e-21
8,gaussian,34,0,35,1,5,0.12534185822447447,0.12534179335143528,1.387399183455651e-07,1.1068921452967139e-06,7.28657101015694e-08,-8.477899048257122e-12,-8.47789904643114e-12,1.825981815165202e-21
8,gaussian,35,0,36,2,5,0.026736439594025968,0.02673636405171631,1.1241134090255768e-07,4.20442447122522e-06,7.076515061640951e-08,-8.162393747724886e-13,-8.162393747496854e-13,2.2803204601327557e-23
8,gaussian,35,2,45,1,5,0.137669990530695,0.13766998982527262,1.410728755618651e-07,1.0247176964133762e-06,5.912816273877465e-08,-2.5262131824636295e-12,-2.5262131829531015e-12,4.894720105747499e-22
8,gaussian,36,0,37,1,5,0.1128516887695317,0.1128516150022337,1.8596473225218624e-07,1.6478684039187724e-06,9.476286799890795e-08,-3.5770929690439536e-12,-3.5770929689646986e-12,7.925505023380391e-23
8,gaussian,37,0,38,2,5,0.02090430846871029,0.02090425426572785,8.269107788783092e-08,3.955695449653524e-06,5.270277947304431e-08,-8.926312060946809e-14,-8.926312056100408e-14,4.8464004189276674e-23
8,gaussian,37,2,47,1,5,0.1253198137940847,0.1253198074794165,5.435434394240879e-08,4.3372506147925996e-07,2.156589395823836e-08,-7.681722375483194e-13,-7.681722380541923e-13,5.058728453128527e-22
8,gaussian,38,0,315,0,5,0.09131302776692117,0.09131301544165457,1.232526659900035e-08,1.3497818329341688e-07,6.623342959085789e-09,4.040124824301495e-14,4.0401248352454766e-14,1.0943981565190173e-22
8,gaussian,39,0,40,1,5,0.03468500986003528,0.03468470699276862,3.028672666618992e-07,8.731935435049956e-06,1.4563343329256245e-07,1.0735397638138113e-11,1.0735397638301117e-11,1.6300466387409712e-22
8,gaussian,39,2,198,1,5,0.03536788838508288,0.035367888385082896,1.3877787807814457e-17,3.923838386028069e-16,8.128028055360444e-18,-3.555276134951256e-23,5.543324167564551e-22,5.898851781059676e-22
8,gaussian,40,0,41,2,5,0.021368345663211056,0.021368178149416064,1.6751379499149732e-07,7.83934318695988e-06,8.438775782732774e-08,1.7419314372199085e-10,1.7419314372395272e-10,1.9618656178226434e-21
8,gaussian,40,2,48,1,5,0.034684706992768606,0.03468500986003529,3.028672666827159e-07,8.731935435650118e-06,1.4563343329987465e-07,9.316022046501599e-11,9.316022047054507e-11,5.529082009457575e-21
8,gaussian,41,0,42,1,5,0.0615671593480757,0.06156701055123808,1.487968376220894e-07,2.416821552231321e-06,6.32751926792921e-08,4.281100610249303e-11,4.281100610802575e-11,5.532713849334566e-21
8,gaussian,42,0,43,2,5,0.04539900592320765,0.04539894347239482,2.753344560410889e-07,6.064768389572599e-06,1.1417827273915267e-07,2.1634233621536289e-10,2.1634233620769927e-10,7.663621580150663e-21
8,gaussian,42,2,50,1,5,0.08545770644306842,0.08545796732234279,2.6087927436357905e-07,3.052720331851057e-06,1.1220449181081421e-07,1.1739355336403316e-11,1.1739355317738916e-11,1.8664399944069947e-20
8,gaussian,43,0,44,1,5,0.08916637659761933,0.08916648519414103,1.0859652169181722e-07,1.2179073948622223e-06,5.879811129643702e-08,-9.774818316224639e-11,-9.774818315299061e-11,9.255776238253317e-21
8,gaussian,44,0,45,2,5,0.05328701242573869,0.053286913936436094,9.84893025954281e-08,1.8482796860245031e-06,5.303775426931932e-08,8.585971248748025e-12,8.585971268280425e-12,1.9532399981147906e-20
8,gaussian,44,2,52,1,5,0.12442201448902426,0.12442200480664789,2.971833552023462e-07,2.388511039809292e-06,1.3078026849022138e-07,-1.5840277862951533e-11,-1.584027799683837e-11,1.3388683679354791e-19
8,gaussian,45,0,46,1,5,0.09963596660199,0.09963599437521854,7.657856367082605e-08,7.685833232359717e-07,3.199205119658728e-08,-9.090998437965743e-11,-9.090998439445305e-11,1.479561159567408e-20
8,gaussian,46,0,47,2,5,0.042824170384371876,0.042824071763227,1.48514490393159e-07,3.4680062464761122e-06,8.03099722925497e-08,-2.530774660819181e-12,-2.530774661478747e-12,6.595658707923679e-22
8,gaussian,46,2,54,1,5,0.1301793877127972,0.13017932217352285,2.3522354478111573e-07,1.806918506177551e-06,1.0525851187705557e-07,-7.932605946069171e-11,-7.932605946475112e-11,4.0594147054981256e-21
8,gaussian,47,0,310,0,5,0.09200793094762244,0.09200790738309408,2.3564528356390113e-08,2.5611409922699755e-07,1.40311592954678e-08,3.5670816856121484e-12,3.567081689391449e-12,3.77930057315277e-21
8,gaussian,48,0,49,1,5,0.01401388072940863,0.01401391073703658,8.182551056341858e-08,5.838877676533683e-06,3.481246342977336e-08,9.944897187282372e-12,9.944897175102784e-12,1.2179588284989775e-20
8,gaussian,48,2,200,1,5,0.0353678883850829,0.03536788838508289,1.3877787807814457e-17,3.9238383860280686e-16,9.224912045388103e-18,-1.8869494693589262e-20,-2.5615427400579342e-20,6.74593270699008e-21
8,gaussian,49,0,50,2,5,0.05942072862479416,0.0594208127420324,3.601218025485464e-07,6.060533101624974e-06,1.7113080130587164e-07,1.0134748814085854e-09,1.0134748815561203e-09,1.4753490007919232e-19
8,gaussian,49,2,55,1,5,0.057019223860619056,0.05701945465778548,2.307971664269881e-07,4.047691578465051e-06,1.257736265916926e-07,-1.5522966775628672e-10,-1.5522966799574848e-10,2.394617562988948e-19
8,gaussian,50,0,51,1,5,0.03910149348856537,0.03910165202188599,1.5853332061693814e-07,4.054389326778414e-06,8.350454864542875e-08,-1.9637752628651053e-10,-1.9637752631586003e-10,2.934950550672368e-20
8,gaussian,51,0,52,2,5,0.07134804187094498,0.07134808555149423,2.1567684041490232e-07,3.0228819560861425e-06,9.180061168711194e-08,3.9152867674190277e-10,3.9152867680037565e-10,5.847288051349068e-20
8,gaussian,51,2,57,1,5,0.09611941504970009,0.09611948124987457,9.466746915542945e-08,9.848936752928323e-07,4.172680027697166e-08,4.3665702447975355e-11,4.3665702229571445e-11,2.184039092524027e-19
8,gaussian,52,0,53,1,5,0.06436480994528326,0.06436501800564032,2.0806035705422943e-07,3.232506779319118e-06,1.1484005271947256e-07,-6.035538122452408e-10,-6.035538121566057e-10,8.863509097204771e-20
8,gaussian,53,0,54,2,5,0.06333352663439448,0.06333348129397612,4.534041836423697e-08,7.158991575816336e-07,2.3822673779978586e-08,3.0574741997038346e-11,3.057474198401505e-11,1.3023293122748257e-20
8,gaussian,53,2,59,1,5,0.11616433944329274,0.11616428343226944,2.1302408162449105e-07,1.833816493472868e-06,1.0954655536877335e-07,1.0632620767313707e-11,1.0632621243300676e-11,4.759869697244381e-19
8,gaussian,54,0,303,0,5,0.07552351952001538,0.07552349875237567,2.3564528377206795e-08,3.120157604805703e-07,1.4031159329776573e-08,2.5457880328724932e-11,2.5457880313654118e-11,1.507081393923562e-20
8,gaussian,55,0,56,1,5,0.015280341888167397,0.015280292576373875,7.15821380638075e-08,4.684590082322595e-06,3.355454439757619e-08,3.6546873865473255e-10,3.6546873866038746e-10,5.6549168601422046e-21
8,gaussian,55,2,202,1,5,0.05983831209858222,0.0598383120985822,4.163336342344337e-17,6.957643349774535e-16,3.059264087868098e-17,1.4857037206144587e-18,1.1783570785273017e-18,3.0734664208715694e-19
8,gaussian,56,0,57,2,5,0.07379748323701213,0.0737975696466791,2.178745948724914e-07,2.952327507743282e-06,9.869383340430828e-08,7.191230016824618e-10,7.191230011231277e-10,5.593341535343757e-19
8,gaussian,56,2,60,1,5,0.06921638642962019,0.0692164532798714,6.685025120967136e-08,9.658144565623368e-07,3.955829702309114e-08,-8.7949594420284e-10,-8.794959436173673e-10,5.854726473007451e-19
8,gaussian,57,0,58,1,5,0.027861674211998325,0.027861843733603505,1.6952160518043935e-07,6.0843642223139525e-06,8.448790891340271e-08,-4.989971465281529e-10,-4.989971464313641e-10,9.678881706513604e-20
8,gaussian,58,0,59,2,5,0.07239527692392884,0.07239530215900368,7.518186244392933e-08,1.0384908992962754e-06,3.024599078653531e-08,-2.2133052286891418e-10,-2.2133052299344043e-10,1.2452625095557045e-19
8,gaussian,58,2,62,1,5,0.09291058082586885,0.09291057060456892,7.254451575566812e-08,7.807992922962089e-07,4.2298237801404486e-08,7.797256539478202e-10,7.797256533802029e-10,5.676173333933286e-19
8,gaussian,59,0,294,0,5,0.048846424089447296,0.04884641733158032,1.2325266612878139e-08,2.5232689685345605e-07,6.623342994921417e-09,-4.2702004279814876e-11,-4.270200429549665e-11,1.568177406331126e-20
8,gaussian,60,0,61,1,5,0.00802492412966746,0.008024879992413435,7.021449352495601e-08,8.749552318554516e-06,3.1429564202904053e-08,1.0128351014180354e-09,1.0128351013053976e-09,1.126378043968052e-19
8,gaussian,60,2,204,1,5,0.0667771093795272,0.0667771093795272,4.163336342344337e-17,6.234675895720562e-16,2.832098555665641e-17,3.613358896048126e-18,4.921300005793816e-18,1.3079411097456903e-18
8,gaussian,61,0,62,2,5,0.07016013881991909,0.07016017403681551,7.454658074862452e-08,1.0625198949692928e-06,3.1134368874937075e-08,-9.107756449933341e-10,-9.107756445716081e-10,4.2172604119127914e-19
8,gaussian,61,2,63,1,5,0.07093433150055357,0.07093433899563693,9.728301914035953e-09,1.3714516906451086e-07,4.743513709662583e-09,2.2791928891163764e-11,2.279192759182794e-11,1.2993358231861787e-18
8,gaussian,62,0,283,0,5,0.024534025809532622,0.024534025523322657,4.0817813504179234e-09,1.6637226120598435e-07,1.9936224312398253e-09,-5.2757044078500785e-11,-5.275704419342551e-11,1.1492472614596703e-19
8,gaussian,63,0,270,0,5,0.008480334017751709,0.008480334479588451,1.1114092909880746e-09,1.3105724705353968e-07,5.799789928335039e-10,3.229080313688622e-11,3.229080303026658e-11,1.0661963892547857e-19
8,gaussian,63,2,206,1,5,0.062469601849366244,0.06246960184936621,6.938893903907228e-17,1.1107632670109012e-15,4.7606261803891005e-17,8.07473434142742e-18,9.57428423871435e-18,1.4995498972869304e-18
8,gaussian,64,0,65,1,5,0.06979253064645807,0.06979252156717373,1.1312502927462997e-08,1.6208758763552728e-07,5.8424280214319794e-09,5.661931014805774e-19,5.661931018153089e-19,3.3473143915936256e-28
8,gaussian,64,1,128,2,5,0.0707943073994842,0.07079430739948424,4.163336342344337e-17,5.88089140960318e-16,3.470516423196761e-17,4.499406866582732e-27,5.009452676284881e-27,5.100458097021487e-28
8,gaussian,65,0,66,2,5,0.0210659065392233,0.02106585298102178,5.35582015195879e-08,2.542411427671823e-06,2.3016831351702598e-08,2.639360252317425e-20,2.6393602516432413e-20,6.741838140949043e-30
8,gaussian,65,2,79,1,5,0.08397190770133377,0.08397185847521933,4.9226114434697266e-08,5.862212230521396e-07,2.3596860428825846e-08,-1.7696762016436897e-18,-1.7696762019927067e-18,3.490170245218549e-28
8,gaussian,66,0,67,1,5,0.08601793311397417,0.08601793142106968,6.104219096858543e-08,7.096449398255622e-07,3.284718628249283e-08,2.9843710991081416e-20,2.9843711000275384e-20,9.193968257329329e-30
8,gaussian,66,1,143,2,5,0.10024987255292027,0.10024987255292032,5.551115123125783e-17,5.537278982769217e-16,3.812580123811891e-17,1.0255837522091241e-28,1.4057450008526504e-28,3.801612486435263e-29
8,gaussian,67,0,68,2,5,0.04179745199974175,0.041797407996062005,4.4003679741666524e-08,1.0527837855268882e-06,1.7188920626480778e-08,1.5721554743268734e-23,1.5721554680549775e-23,6.271895953091997e-32
8,gaussian,67,2,81,1,5,0.12225435597863517,0.12225427594308343,8.003555174163068e-08,6.546642129922755e-07,4.567052070652301e-08,-3.4624810918190116e-20,-3.462481092142642e-20,3.23630258589293e-30
8,gaussian,68,0,69,1,5,0.09526002916654143,0.09526003097458238,1.3033300395870473e-07,1.3681814148630777e-06,6.116871260435877e-08,1.4043071268410867e-22,1.4043071266419988e-22,1.990878358258869e-32
8,gaussian,68,1,156,2,5,0.13216960855456766,0.13216960855456772,5.551115123125783e-17,4.199993617166493e-16,4.651194547336526e-17,-8.326226367251518e-32,-2.334853877919256e-31,1.5022312411941043e-31
8,gaussian,69,0,70,2,5,0.06734876521030132,0.06734874494654752,3.902575027719957e-08,5.794575469251571e-07,1.8918398955400393e-08,-1.4584004451729804e-25,-1.458400444127537e-25,1.0454433496480714e-34
8,gaussian,69,2,83,1,5,0.15938941980964838,0.15938942855774468,3.7416185177940875e-08,2.347469685819564e-07,2.3791492245456787e-08,-2.933002789511746e-23,-2.933002789256103e-23,2.5564298493377862e-33
8,gaussian,70,0,71,1,5,0.08791039772757442,0.0879104109937216,8.670905451979571e-08,9.863343094367779e-07,3.880565608150937e-08,1.8286218948580603e-26,1.8286218951742264e-26,3.1616608042607326e-36
8,gaussian,70,1,167,2,5,0.1537782441329402,0.15377824413294014,1.1102230246251565e-16,7.219636502452041e-16,6.988675367311056e-17,-2.451059847342085e-34,-3.659895767832536e-34,1.2088359204904513e-34
8,gaussian,71,0,72,2,5,0.08791041099372164,0.08791039772757443,8.670905447816235e-08,9.863343089631888e-07,3.8805656060146976e-08,-2.210923122752795e-29,-2.2109231221604174e-29,5.923776260566587e-39
8,gaussian,71,2,85,1,5,0.17596442637317894,0.17596444490793098,4.8805335273183204e-08,2.773590727303995e-07,3.571492651123976e-08,9.969585427229863e-27,9.969585425650253e-27,1.579610711947018e-36
8,gaussian,72,0,73,1,5,0.06734874494654747,0.0673487652103013,3.9025750235566203e-08,5.794575463069818e-07,1.891839893690844e-08,1.2146518563965414e-31,1.2146518561667848e-31,2.2975667725781196e-41
8,gaussian,72,1,176,2,5,0.15377824413294017,0.1537782441329401,5.551115123125783e-17,3.6098182512260217e-16,5.551115123125783e-17,6.115017606272942e-38,6.326282455384663e-38,2.112648491117212e-39
8,gaussian,73,0,74,2,5,0.09526003097458235,0.09526002916654149,1.3033300383380464e-07,1.3681814135519291e-06,6.116871258100756e-08,-5.736400739665591e-34,-5.7364007402737745e-34,6.081835471791198e-44
8,gaussian,73,2,87,1,5,0.1593894198096484,0.15938942855774466,3.74161852612076e-08,2.3474696910436703e-07,2.379149226962694e-08,-1.5387515126059613e-31,-1.5387515146201768e-31,2.0142154649762395e-40
8,gaussian,74,0,75,1,5,0.04179740799606195,0.04179745199974163,4.400367967921648e-08,1.05278378403278e-06,1.7188920599927844e-08,8.369254664154894e-36,8.369254665110907e-36,9.560131908587472e-46
8,gaussian,74,1,183,2,5,0.13216960855456764,0.13216960855456758,8.326672684688674e-17,6.299990425749743e-16,5.554427387655981e-17,1.0815441238463857e-42,9.960768277862626e-43,8.546729606012311e-44
8,gaussian,75,0,76,2,5,0.08601793142106967,0.08601793311397415,6.104219092695207e-08,7.096449393415543e-07,3.284718629349241e-08,-3.0417487765182004e-38,-3.0417487739127137e-38,2.605486732929701e-47
8,gaussian,75,2,89,1,5,0.12225435597863507,0.12225427594308333,8.003555174163068e-08,6.546642129922761e-07,4.567052070564795e-08,-1.488168044697623e-35,-1.488168044329288e-35,3.683350410801605e-45
8,gaussian,76,0,77,1,5,0.021065852981021746,0.021065906539223384,5.3558201637549097e-08,2.5424114332714388e-06,2.3016831393648685e-08,1.7885260615637725e-39,1.788526061603016e-39,3.9243507335766526e-50
8,gaussian,76,1,188,2,5,0.10024987255292024,0.10024987255292024,6.938893903907228e-17,6.921598728461527e-16,4.248927590600552e-17,-6.109846666779786e-48,2.145515862767973e-47,2.7565005294459514e-47
8,gaussian,77,0,78,2,5,0.06979252156717372,0.06979253064645807,1.131250291358521e-08,1.6208758743668384e-07,5.842428021560206e-09,4.447133449158147e-43,4.4471334063886315e-43,4.276951550530539e-51
8,gaussian,77,2,91,1,5,0.08397190770133373,0.08397185847521936,4.9226114365308327e-08,5.862212222258048e-07,2.3596860425393096e-08,-1.688364833377223e-39,-1.6883648330217272e-39,3.55495651029549e-49
8,gaussian,78,0,383,0,5,0.008480334479588451,0.008480334017751709,1.1114092909880746e-09,1.3105724705353968e-07,5.79978992833504e-10,-3.7762447667894885e-43,-3.7762447610748185e-43,5.7146700041161985e-52
8,gaussian,78,1,191,2,5,0.07079430739948421,0.0707943073994842,5.551115123125783e-17,7.841188546137576e-16,3.8662932303144985e-17,6.350293057328479e-51,3.3380911781435034e-51,3.0122018791849754e-51
8,gaussian,79,0,80,1,5,0.06955566339403493,0.06955560804610854,5.53479263948331e-08,7.957357272446016e-07,2.9884476774705655e-08,1.4188488276924313e-18,1.4188488283760498e-18,6.836184634099713e-28
8,gaussian,80,0,81,2,5,0.04264644474858779,0.04264631636004642,1.2838854136776323e-07,3.0105332841846035e-06,5.876271182384489e-08,-7.059788794906424e-21,-7.0597888242367e-21,2.9330276012564873e-29
8,gaussian,80,2,92,1,5,0.10263775275534205,0.1026377123513867,4.0403955348100595e-08,3.9365588453998635e-07,2.0328780307793008e-08,-1.5804753367535846e-18,-1.5804753393465502e-18,2.5929655731970497e-27
8,gaussian,81,0,82,1,5,0.0887358462934612,0.08873578542762414,8.933313176695545e-08,1.0067310506232051e-06,4.213851266073268e-08,3.5762220119541874e-20,3.576222012507113e-20,5.529254592369611e-30
8,gaussian,82,0,83,2,5,0.06725780963180177,0.06725770611259584,1.0351920592954755e-07,1.5391403094489146e-06,4.28122803411626e-08,-3.802076420759319e-23,-3.802076422914716e-23,2.1553970211169038e-32
8,gaussian,82,2,94,1,5,0.14859363659981958,0.14859359022413332,4.6375686263422367e-08,3.120973907403426e-07,2.9647634964971847e-08,-1.3153189417783103e-20,-1.3153189413616942e-20,4.166161123269085e-30
8,gaussian,83,0,84,1,5,0.09768564075493161,0.09768557489499823,1.8477201427224976e-07,1.8914961589472059e-06,8.28186169859911e-08,4.989856007422535e-23,4.9898560075443935e-23,1.2185879737234326e-33
8,gaussian,84,0,85,2,5,0.0881543939118929,0.08815444613239802,9.905153926237364e-08,1.123613653174219e-06,6.050567000192693e-08,-1.4002615513346794e-26,-1.4002615507761394e-26,5.585400438017966e-36
8,gaussian,84,2,96,1,5,0.18374798146392565,0.1837479576267842,3.014339669538124e-08,1.6404749840095058e-07,1.7354109393533015e-08,5.759137333246513e-24,5.7591373403963876e-24,7.149874593899484e-33
8,gaussian,85,0,86,1,5,0.08815444613239798,0.08815439391189293,9.905153933176258e-08,1.1236136539613487e-06,6.050566998235605e-08,2.0063177343708628e-27,2.0063177344339505e-27,6.308775726887816e-38
8,gaussian,86,0,87,2,5,0.09768557489499825,0.09768564075493162,1.847720142444942e-07,1.891496158663074e-06,8.281861697730109e-08,-4.925904220826415e-31,-4.925904222530745e-31,1.704330133046599e-40
8,gaussian,86,2,98,1,5,0.18374798146392574,0.18374795762678411,3.0143396806403544e-08,1.6404749900516015e-07,1.7354109436491218e-08,5.588344228297106e-28,5.5883442322319015e-28,3.934795865287125e-37
8,gaussian,87,0,88,1,5,0.0672577061125957,0.06725780963180185,1.0351920615159216e-07,1.5391403127503078e-06,4.281228036464641e-08,7.977191110399041e-32,7.977191110301065e-32,9.797594223808555e-43
8,gaussian,88,0,89,2,5,0.0887357854276241,0.08873584629346119,8.933313169756651e-08,1.0067310498412334e-06,4.2138512671482677e-08,1.7829823637101394e-36,1.782982355376697e-36,8.333442490008268e-45
8,gaussian,88,2,100,1,5,0.14859363659981947,0.1485935902241333,4.637568618015564e-08,3.1209739017997746e-07,2.9647634980652164e-08,-3.713597440328183e-32,-3.7135974397444536e-32,5.837294863097319e-42
8,gaussian,89,0,90,1,5,0.04264631636004637,0.042646444748587836,1.2838854146490775e-07,3.010533286462504e-06,5.8762711824800263e-08,2.3631326159139703e-35,2.3631326158605893e-35,5.338099134290335e-46
8,gaussian,90,0,91,2,5,0.0695556080461085,0.06955566339403493,5.5347926436466466e-08,7.957357278431635e-07,2.9884476792446674e-08,3.1568565107449463e-38,3.156856509758998e-38,9.8594844794542e-48
8,gaussian,90,2,102,1,5,0.10263775275534191,0.10263771235138673,4.040395518156714e-08,3.936558829174508e-07,2.0328780270738798e-08,-8.132856493096002e-36,-8.132856488828701e-36,4.2673013901919684e-45
8,gaussian,91,0,382,0,5,0.024534025523322657,0.024534025809532622,4.0817813504179234e-09,1.6637226120598435e-07,1.9936224312398257e-09,-1.186209621079801e-40,-1.1862095977220199e-40,2.335778105577701e-48
8,gaussian,92,0,93,1,5,0.06532131876402078,0.06532117065793216,1.4810608861548502e-07,2.2673468848743207e-06,7.487157013583982e-08,1.1227881676122765e-18,1.1227881667446309e-18,8.676456918280382e-28
8,gaussian,93,0,94,2,5,0.07115965782959063,0.07115948367252045,1.7415707018186843e-07,2.4474129794009204e-06,7.8331830305782e-08,-2.443249793489299e-20,-2.4432497936379873e-20,1.4868841209087844e-30
8,gaussian,93,2,103,1,5,0.12568737867554805,0.1256874061467146,2.747116653600834e-08,2.1856737582714785e-07,1.510045304292179e-08,1.0060657033162063e-18,1.0060657018152894e-18,1.5009168798178273e-27
8,gaussian,94,0,95,1,5,0.08677363482689249,0.08677348635895904,1.4846793344736042e-07,1.7109797664180356e-06,6.790664278023307e-08,2.6735303290330983e-20,2.673530329189374e-20,1.5627567329210272e-30
8,gaussian,95,0,96,2,5,0.09065589316980442,0.0906557565752668,1.3659453762526752e-07,1.5067364387378215e-06,7.696844585693e-08,-1.4895322124960413e-23,-1.489532211766543e-23,7.294982759352772e-33
8,gaussian,95,2,105,1,5,0.17062447811175702,0.1706244775067872,1.4058500308333777e-08,8.239439301977308e-08,8.572241899597926e-09,1.740377348246453e-21,1.7403773400466292e-21,8.199823908737213e-30
8,gaussian,96,0,97,1,5,0.09604436674594191,0.09604443955892193,1.6605160828297993e-07,1.7289039224504982e-06,9.369297920066757e-08,2.347820227579653e-23,2.3478202276361677e-23,5.651482965165853e-34
8,gaussian,97,0,98,2,5,0.09604443955892193,0.09604436674594198,1.6605160803317975e-07,1.728903919849617e-06,9.369297915179878e-08,1.1416557825647011e-28,1.1416557835127017e-28,9.480006076834137e-38
8,gaussian,97,2,107,1,5,0.1916354639322978,0.191635457091208,2.6666072100445248e-08,1.3914998588082845e-07,1.7975490574679172e-08,-3.603318687858386e-24,-3.603318688201811e-24,3.434250826965469e-34
8,gaussian,98,0,99,1,5,0.0906557565752667,0.0906558931698044,1.3659453769465646e-07,1.5067364395032323e-06,7.696844586266995e-08,2.8560688597356896e-27,2.8560688598224336e-27,8.674400710732571e-38
8,gaussian,99,0,100,2,5,0.086773486358959,0.08677363482689243,1.4846793343348264e-07,1.7109797662581056e-06,6.79066427751159e-08,6.42161327566736e-31,6.421613276096762e-31,4.294016400461341e-41
8,gaussian,99,2,109,1,5,0.17062447811175693,0.1706244775067871,1.4058500169555899e-08,8.239439220642043e-08,8.572241834921102e-09,1.97965402421139e-28,1.9796540152300132e-28,8.981376775391211e-37
8,gaussian,100,0,101,1,5,0.07115948367252034,0.07115965782959066,1.741570703206463e-07,2.447412981351152e-06,7.833183032489449e-08,1.1616360908587425e-30,1.1616360908394498e-30,1.9292726932208e-41
8,gaussian,101,0,102,2,5,0.06532117065793216,0.06532131876402078,1.4810608861548502e-07,2.2673468848743207e-06,7.487157012220017e-08,1.3176748409711746e-34,1.3176748410705013e-34,9.932677890468383e-45
8,gaussian,101,2,111,1,5,0.125687378675548,0.1256874061467146,2.747116659151949e-08,2.1856737626880825e-07,1.510045303078438e-08,1.9989319303100307e-31,1.9989319277686288e-31,2.54140190139181e-40
8,gaussian,102,0,379,0,5,0.04884641733158032,0.048846424089447296,1.2325266612878139e-08,2.5232689685345605e-07,6.623342994921417e-09,2.2908290550008394e-34,2.2908290542748263e-34,7.2601312779765305e-44
8,gaussian,103,0,104,1,5,0.05985984339328909,0.059859689040512774,1.5435277631731248e-07,2.5785696648617864e-06,6.809276799122799e-08,-6.656314637018273e-20,-6.656314667476726e-20,3.0458453273919104e-28
8,gaussian,104,0,105,2,5,0.09353079122050258,0.09353070028527136,1.3974056646548494e-07,1.494059492515582e-06,6.587123737501817e-08,8.995482749107239e-23,8.995483304845157e-23,5.557379188088741e-30
8,gaussian,104,2,112,1,5,0.14489441192563157,0.14489447956935333,6.76437217628223e-08,4.668481640147292e-07,4.429358647956271e-08,1.9898180436899512e-18,1.9898180416685625e-18,2.0213886620807892e-27
8,gaussian,105,0,106,1,5,0.08311496196276374,0.08311485518726251,1.0677550123239232e-07,1.2846724429739703e-06,5.724216693465899e-08,2.2418547450987565e-20,2.2418547453361346e-20,2.3737808788301827e-30
8,gaussian,106,0,107,2,5,0.09595922656819403,0.09595927926266452,1.667379343761599e-07,1.7375905244114696e-06,8.511966025210168e-08,1.0460224492816266e-23,1.046022448905215e-23,3.764115112957342e-33
8,gaussian,106,2,114,1,5,0.17635808392509253,0.1763581133947434,3.6304080797133764e-08,2.058543273020512e-07,2.096814427368784e-08,-6.113543301856852e-21,-6.1135433047576445e-21,2.9007928002021366e-30
8,gaussian,107,0,108,1,5,0.09595927926266438,0.09595922656819406,1.6673793430677097e-07,1.737590523688364e-06,8.511966026773301e-08,3.048561393528903e-23,3.0485613935300225e-23,1.1196583691582289e-35
8,gaussian,108,0,109,2,5,0.08311485518726246,0.0831149619627637,1.0677550124627011e-07,1.284672443140942e-06,5.724216691299837e-08,1.4738760179198757e-26,1.473876017617986e-26,3.0188967857646253e-36
8,gaussian,108,2,116,1,5,0.17635808392509258,0.17635811339474328,3.630408076937819e-08,2.0585432714466942e-07,2.0968144230928663e-08,-7.797058211836778e-24,-7.797058205584542e-24,6.252236985568845e-33
8,gaussian,109,0,110,1,5,0.0935307002852713,0.09353079122050262,1.3974056645160715e-07,1.4940594923672047e-06,6.587123739532262e-08,2.187549177728574e-26,2.1875491776961193e-26,3.2454664342234094e-37
8,gaussian,110,0,111,2,5,0.059859689040512684,0.05985984339328911,1.5435277642833478e-07,2.57856966671649e-06,6.809276802414453e-08,-1.0405685038881737e-30,-1.0405685084100489e-30,4.52187523790211e-39
8,gaussian,110,2,118,1,5,0.1448944119256315,0.14489447956935336,6.76437218738446e-08,4.6684816478095775e-07,4.42935864867236e-08,1.5050695101887175e-26,1.5050695109219163e-26,7.331988170994997e-36
8,gaussian,111,0,374,0,5,0.07552349875237567,0.07552351952001538,2.3564528377206795e-08,3.120157604805703e-07,1.4031159329776574e-08,1.3776944913839545e-29,1.3776944912702285e-29,1.1372602024828777e-39
8,gaussian,112,0,113,1,5,0.058338661200167036,0.058338613465246776,4.7734920259612235e-08,8.182381850661249e-07,2.001401015068202e-08,9.643602893205567e-19,9.643602895818505e-19,2.6129380444993287e-28
8,gaussian,113,0,114,2,5,0.09587428808746432,0.09587426390041849,1.5206144557411427e-07,1.5860503228497663e-06,6.671091202254171e-08,1.1512925277177342e-20,1.1512925260428962e-20,1.6748380315939652e-29
8,gaussian,113,2,119,1,5,0.15009202542055258,0.15009201417288587,3.034323392547833e-08,2.0216419786765921e-07,1.992131751133505e-08,3.473519186828508e-19,3.4735191775767876e-19,9.251720155606697e-28
8,gaussian,114,0,115,1,5,0.08188424698718906,0.08188427635694184,6.142020128607761e-08,7.500854134478852e-07,3.627788094703501e-08,2.249788099165809e-20,2.2497880988994518e-20,2.6635731501496996e-30
8,gaussian,115,0,116,2,5,0.08188427635694187,0.08188424698718907,6.142020121668867e-08,7.500854126004825e-07,3.627788094848594e-08,3.642084664425292e-23,3.642084662819324e-23,1.6059680228066895e-32
8,gaussian,115,2,121,1,5,0.16360024425991335,0.1636002298837758,2.8467294688194755e-08,1.7400520895903113e-07,2.2666432962281906e-08,-7.601884160893303e-21,-7.601884135987031e-21,2.4906271990194332e-29
8,gaussian,116,0,117,1,5,0.09587426390041844,0.09587428808746436,1.5206144551860312e-07,1.586050322270766e-06,6.671091204474669e-08,4.232654167474613e-23,4.2326541648333484e-23,2.6412646888894553e-32
8,gaussian,117,0,118,2,5,0.058338613465246755,0.058338661200167084,4.7734920329001174e-08,8.182381862555403e-07,2.0014010152056085e-08,8.307589868213956e-26,8.307589872914626e-26,4.7006698954126006e-35
8,gaussian,117,2,123,1,5,0.1500920254205526,0.1500920141728859,3.034323378670045e-08,2.021641969430406e-07,1.992131749176394e-08,1.806944856810699e-23,1.806944858879789e-23,2.0690898748908298e-32
8,gaussian,118,0,367,0,5,0.09200790738309408,0.09200793094762244,2.3564528356390113e-08,2.5611409922699755e-07,1.4031159295467798e-08,1.0972339404257628e-25,1.0972339400431227e-25,3.826401711707034e-35
8,gaussian,119,0,120,1,5,0.060840304355324656,0.06084030075560034,2.4076718826981924e-08,3.9573633107367524e-07,1.027790092379217e-08,1.2425519391401804e-18,1.2425519392173412e-18,7.71608424779191e-29
8,gaussian,120,0,121,2,5,0.08167412510375804,0.08167413067036187,4.8352989764910426e-08,5.920233171512272e-07,2.0826115011153698e-08,3.675151394301751e-21,3.6751513981313246e-21,3.829573268199266e-30
8,gaussian,120,2,124,1,5,0.141580139282551,0.14158014398002391,5.6942646708968425e-09,4.021937335859941e-08,3.296823693633431e-09,-8.288899426170841e-20,-8.288899377880336e-20,4.829050501761063e-28
8,gaussian,121,0,122,1,5,0.08167413067036189,0.08167412510375803,4.835298982042158e-08,5.920233178308935e-07,2.082611502159045e-08,1.0692123035082901e-20,1.069212302339527e-20,1.1687630752033772e-29
8,gaussian,122,0,123,2,5,0.06084030075560026,0.0608403043553247,2.4076718722898516e-08,3.957363293629109e-07,1.0277900907282125e-08,9.612877589563184e-23,9.612877596412147e-23,6.84896258683157e-32
8,gaussian,122,2,126,1,5,0.14158013928255106,0.14158014398002383,5.694264504363389e-09,4.021937218235078e-08,3.2968236088863597e-09,-2.4851545292588152e-21,-2.4851545169521703e-21,1.2306644948702212e-29
8,gaussian,123,0,358,0,5,0.09131301544165457,0.09131302776692117,1.232526659900035e-08,1.3497818329341688e-07,6.623342959085789e-09,6.33109568862556e-23,6.331095694451423e-23,5.825862850132936e-32
8,gaussian,124,0,125,1,5,0.06308936441704825,0.06308936742346297,8.920357640052057e-09,1.4139240896453452e-07,4.257514704792248e-09,4.46608113207658e-19,4.466081136867487e-19,4.7909067369887446e-28
8,gaussian,125,0,126,2,5,0.06308936742346295,0.06308936441704825,8.92035752209086e-09,1.413924070947869e-07,4.257514686545637e-09,5.695447547658649e-21,5.695447540277401e-21,7.38124763480199e-30
8,gaussian,125,2,127,1,5,0.12629677984286916,0.12629677742505163,2.741943505579769e-09,2.1710320001754043e-08,2.5382841317574743e-09,-1.772046769886633e-20,-1.7720467888362923e-20,1.8949659260769716e-28
8,gaussian,126,0,347,0,5,0.07869427162263831,0.07869427570441961,4.081781301845666e-09,5.186884643524873e-08,1.993622427777655e-09,3.479780229727998e-21,3.479780209984995e-21,1.974300276793629e-29
8,gaussian,127,0,334,0,5,0.06302314291203176,0.06302314235262094,1.111409339560332e-09,1.7634939931695355e-08,5.799789916559034e-10,4.218634145849953e-20,4.2186342044541346e-20,5.860418186121685e-28
8,gaussian,128,0,129,1,5,0.06979253064645809,0.06979252156717368,1.1312502934401891e-08,1.62087587734949e-07,5.8424280443045375e-09,-5.661931008694348e-19,-5.661930995338638e-19,1.3355709792673221e-27
8,gaussian,128,1,192,2,5,0.008480334479588467,0.008480334017751737,1.1114093260078048e-09,1.3105725118306173e-07,5.799790181572512e-10,7.004604689288546e-20,7.004604677648212e-20,1.1640333824644821e-28
8,gaussian,129,0,130,2,5,0.08397190770133375,0.0839718584752194,4.922611435143054e-08,5.862212220605376e-07,2.3596860428628752e-08,1.7696762076559515e-18,1.769676207847583e-18,1.9163157021048548e-28
8,gaussian,129,2,143,1,5,0.021065906539223384,0.021065852981021774,5.355820160979352e-08,2.54241143195388e-06,2.301683138069659e-08,-2.6393602561285895e-20,-2.6393602546304158e-20,1.4981736815015393e-29
8,gaussian,130,0,131,1,5,0.06955566339403493,0.0695556080461085,5.5347926436466466e-08,7.957357278431635e-07,2.9884476793394114e-08,-1.4188488272675694e-18,-1.4188488271609263e-18,1.0664317065959334e-28
8,gaussian,130,1,207,2,5,0.02453402552332265,0.02453402580953265,4.081781333070689e-09,1.6637226049891577e-07,1.9936224550176813e-09,-1.451334665557971e-19,-1.4513346695575088e-19,3.9995377894976545e-28
8,gaussian,131,0,132,2,5,0.10263775275534195,0.10263771235138673,4.0403955223200505e-08,3.9365588332308466e-07,2.0328780284964762e-08,1.580475337385952e-18,1.5804753372114403e-18,1.7451159374883846e-28
8,gaussian,131,2,145,1,5,0.04264644474858783,0.042646316360046406,1.2838854142327438e-07,3.01053328548626e-06,5.876271181169704e-08,7.059788656661463e-21,7.05978865650574e-21,1.5572347306586044e-31
8,gaussian,132,0,133,1,5,0.06532131876402081,0.06532117065793216,1.481060886432406e-07,2.267346885299228e-06,7.487157013080795e-08,-1.1227881630886617e-18,-1.1227881640308536e-18,9.421918918134572e-28
8,gaussian,132,1,220,2,5,0.04884641733158028,0.04884642408944733,1.2325266605939245e-08,2.523268967114006e-07,6.623342999964067e-09,-7.458228288847027e-19,-7.458228286030449e-19,2.8165781730990575e-28
8,gaussian,133,0,134,2,5,0.125687378675548,0.12568740614671461,2.7471166619275067e-08,2.1856737648963842e-07,1.5100453024571336e-08,-1.006065701701125e-18,-1.006065701028869e-18,6.722558619240755e-28
8,gaussian,133,2,147,1,5,0.07115965782959073,0.07115948367252041,1.741570703206463e-07,2.4474129813511494e-06,7.833183031399139e-08,2.443249783797523e-20,2.4432497841102518e-20,3.1272889325095363e-30
8,gaussian,134,0,135,1,5,0.05985984339328913,0.05985968904051278,1.5435277635200695e-07,2.5785696654413797e-06,6.809276800214611e-08,6.656314619184321e-20,6.656314592499561e-20,2.6684760863056234e-28
8,gaussian,134,1,231,2,5,0.0755234987523757,0.07552351952001549,2.356452840496237e-08,3.120157608480789e-07,1.4031159353750199e-08,-6.530032656314258e-19,-6.530032616947522e-19,3.936673606479408e-27
8,gaussian,135,0,136,2,5,0.1448944119256315,0.14489447956935333,6.764372184608902e-08,4.668481645894007e-07,4.42935864667383e-08,-1.9898180343057327e-18,-1.9898180332830955e-18,1.0226372152185343e-27
8,gaussian,135,2,149,1,5,0.09353079122050266,0.0935307002852713,1.3974056647936273e-07,1.4940594926639574e-06,6.587123741452123e-08,-8.995471418574894e-23,-8.995472465429763e-23,1.0468548694524802e-29
8,gaussian,136,0,137,1,5,0.058338661200166994,0.05833861346524674,4.773492025267334e-08,8.182381849471839e-07,2.0014010132967086e-08,-9.643602803951772e-19,-9.643602808790486e-19,4.838714095998269e-28
8,gaussian,136,1,240,2,5,0.09200790738309414,0.09200793094762254,2.3564528398023477e-08,2.5611409967949483e-07,1.4031159339140495e-08,6.530032828260252e-19,6.530032847338005e-19,1.907775358359464e-27
8,gaussian,137,0,138,2,5,0.15009202542055256,0.15009201417288584,3.034323386996718e-08,2.021641974978118e-07,1.9921317487677094e-08,-3.473519178454805e-19,-3.4735191801776843e-19,1.7228791503504896e-28
8,gaussian,137,2,151,1,5,0.09587428808746437,0.09587426390041844,1.5206144561574764e-07,1.5860503232840149e-06,6.671091205991102e-08,-1.151292538924233e-20,-1.1512925379723165e-20,9.519164537704652e-30
8,gaussian,138,0,139,1,5,0.06084030435532471,0.06084030075560031,2.407671876453188e-08,3.957363300472164e-07,1.0277900894978214e-08,-1.2425519371179634e-18,-1.2425519372606093e-18,1.42645927260985e-28
8,gaussian,138,1,247,2,5,0.09131301544165459,0.09131302776692121,1.2325266626755926e-08,1.3497818359737756e-07,6.623343006156033e-09,7.458228634009793e-19,7.458228670716214e-19,3.67064211066278e-27
8,gaussian,139,0,140,2,5,0.141580139282551,0.14158014398002383,5.6942645321189644e-09,4.021937237839222e-08,3.2968236664002057e-09,8.28889975346468e-20,8.288899669873626e-20,8.359105311680413e-28
8,gaussian,139,2,153,1,5,0.08167412510375809,0.08167413067036187,4.8352989695521487e-08,5.920233163016444e-07,2.082611499707564e-08,-3.6751514084671015e-21,-3.675151415665767e-21,7.198665714492158e-30
8,gaussian,140,0,141,1,5,0.06308936441704822,0.06308936742346294,8.920357667807632e-09,1.413924094044752e-07,4.257514719711256e-09,-4.46608115677982e-19,-4.466081152931311e-19,3.84850973363621e-28
8,gaussian,140,1,252,2,5,0.07869427162263835,0.07869427570441974,4.081781385112393e-09,5.186884749335263e-08,1.993622475536578e-09,1.4513347209555697e-19,1.4513346914212905e-19,2.953427917895912e-27
8,gaussian,141,0,142,2,5,0.12629677984286916,0.12629677742505155,2.741943533335345e-09,2.1710320221518756e-08,2.538284159933253e-09,1.772046116864496e-20,1.7720459843592206e-20,1.3250527536172943e-27
8,gaussian,141,2,155,1,5,0.06308936742346295,0.06308936441704824,8.920357667807632e-09,1.4139240940447517e-07,4.257514725128469e-09,-5.6954479631907305e-21,-5.69544801496695e-21,5.177621914242035e-29
8,gaussian,142,0,447,0,5,0.06302314291203177,0.06302314235262088,1.1114093118047563e-09,1.763493949129244e-08,5.799790044187626e-10,-4.218633355897118e-20,-4.2186332564528003e-20,9.944431776878471e-28
8,gaussian,142,1,255,2,5,0.0630231429120318,0.06302314235262091,1.1114093534381198e-09,1.76349401518968e-08,5.799790512141699e-10,-7.004605264882305e-20,-7.00460499660463e-20,2.6827767541069927e-27
8,gaussian,143,0,144,1,5,0.08601793311397422,0.08601793142106974,6.104219103797437e-08,7.096449406322416e-07,3.284718629113629e-08,-2.984371104078344e-20,-2.9843711061365635e-20,2.0582196648547646e-29
8,gaussian,144,0,145,2,5,0.12225435597863507,0.12225427594308347,8.00355516028528e-08,6.546642118571191e-07,4.5670520707101905e-08,3.4624810960867495e-20,3.4624810959252904e-20,1.6145913318148868e-30
8,gaussian,144,2,156,1,5,0.041797451999741664,0.04179740799606198,4.400367968615537e-08,1.0527837841987914e-06,1.7188920613505355e-08,-1.5721554828936424e-23,-1.572155472548869e-23,1.0344773465202426e-31
8,gaussian,145,0,146,1,5,0.08873584629346117,0.08873578542762417,8.933313178083324e-08,1.0067310507796e-06,4.2138512663490795e-08,-3.5762220096129024e-20,-3.5762220099815796e-20,3.686771581354028e-30
8,gaussian,146,0,147,2,5,0.14859363659981947,0.14859359022413338,4.637568609688891e-08,3.120973896196121e-07,2.9647634973966113e-08,1.3153189427860936e-20,1.3153189424162702e-20,3.6982338737886705e-30
8,gaussian,146,2,158,1,5,0.06725780963180185,0.06725770611259582,1.0351920602669207e-07,1.539140310893273e-06,4.281228035734434e-08,3.802076402932246e-23,3.8020764029537e-23,2.145394739685757e-34
8,gaussian,147,0,148,1,5,0.08677363482689243,0.08677348635895907,1.484679333640937e-07,1.710979765458451e-06,6.790664278738976e-08,-2.6735303280082773e-20,-2.6735303279680254e-20,4.025193583769323e-31
8,gaussian,148,0,149,2,5,0.17062447811175688,0.17062447750678722,1.4058500308333777e-08,8.239439301977315e-08,8.572241881269105e-09,-1.7403772967304546e-21,-1.7403772906476618e-21,6.082792813301769e-30
8,gaussian,148,2,160,1,5,0.09065589316980449,0.09065575657526677,1.3659453772241203e-07,1.5067364398093947e-06,7.696844589524408e-08,1.4895322167237296e-23,1.4895322162970322e-23,4.266973963823854e-33
8,gaussian,149,0,150,1,5,0.08311496196276363,0.08311485518726246,1.0677550117688117e-07,1.284672442306088e-06,5.724216692730678e-08,-2.2418547429082216e-20,-2.2418547428428128e-20,6.540879388314388e-31
8,gaussian,150,0,151,2,5,0.1763580839250925,0.17635811339474328,3.630408076937819e-08,2.0585432714466942e-07,2.096814426485584e-08,6.113543292483223e-21,6.1135432839747005e-21,8.508522266958067e-30
8,gaussian,150,2,162,1,5,0.09595922656819407,0.0959592792626645,1.6673793447330443e-07,1.7375905254238215e-06,8.511966030621557e-08,-1.0460224539662202e-23,-1.0460224544823574e-23,5.161372350534008e-33
8,gaussian,151,0,152,1,5,0.081884246987189,0.08188427635694182,6.142020132771098e-08,7.500854139563269e-07,3.62778809624956e-08,-2.249788100285201e-20,-2.249788099934735e-20,3.504659858784525e-30
8,gaussian,152,0,153,2,5,0.16360024425991354,0.16360022988377568,2.8467294632683604e-08,1.7400520861972122e-07,2.2666433072274504e-08,7.601884080388793e-21,7.601884079126412e-21,1.2623808747039948e-30
8,gaussian,152,2,164,1,5,0.08188427635694179,0.08188424698718905,6.142020131383319e-08,7.500854137868468e-07,3.627788098973422e-08,-3.6420846307483996e-23,-3.642084633632052e-23,2.8836522117761864e-32
8,gaussian,153,0,154,1,5,0.08167413067036187,0.0816741251037581,4.8352989695521487e-08,5.920233163016444e-07,2.0826114975602633e-08,-1.0692123047177497e-20,-1.0692123055900353e-20,8.72285570027683e-30
8,gaussian,154,0,155,2,5,0.1415801392825511,0.1415801439800239,5.69426455987454e-09,4.021937257443365e-08,3.2968236565672682e-09,2.485154598223307e-21,2.485154613244593e-21,1.502128608734994e-29
8,gaussian,154,2,166,1,5,0.06084030075560032,0.060840304355324726,2.4076718806165243e-08,3.95736330731522e-07,1.0277900927269998e-08,-9.61287764286069e-23,-9.612877647630627e-23,4.76993743368759e-32
8,gaussian,155,0,446,0,5,0.07869427162263831,0.07869427570441963,4.081781315723454e-09,5.186884661159939e-08,1.9936224653461587e-09,-3.479780111879863e-21,-3.4797800861540916e-21,2.572577173249156e-29
8,gaussian,156,0,157,1,5,0.09526002916654155,0.09526003097458242,1.3033300384768243e-07,1.3681814136976114e-06,6.116871256181112e-08,-1.4043071251815964e-22,-1.4043071253943761e-22,2.1277975892539473e-32
8,gaussian,157,0,158,2,5,0.15938941980964827,0.15938942855774466,3.741618528896318e-08,2.347469692785039e-07,2.379149229381192e-08,2.933002799823502e-23,2.933002800066421e-23,2.4291884633330277e-33
8,gaussian,157,2,167,1,5,0.06734876521030132,0.06734874494654748,3.902575026332178e-08,5.794575467190985e-07,1.891839896731549e-08,1.4584004457050149e-25,1.4584004459240228e-25,2.1900791370513507e-35
8,gaussian,158,0,159,1,5,0.09768564075493165,0.09768557489499823,1.8477201431388313e-07,1.8914961593734024e-06,8.281861702240437e-08,-4.9898560086647125e-23,-4.9898560080436906e-23,6.210218939998702e-33
8,gaussian,159,0,160,2,5,0.18374798146392562,0.18374795762678414,3.0143396917425846e-08,1.640474996093699e-07,1.735410941627103e-08,-5.759137300650629e-24,-5.7591373024263846e-24,1.7757553982819038e-33
8,gaussian,159,2,169,1,5,0.08815439391189295,0.08815444613239805,9.905153930400701e-08,1.1236136536464962e-06,6.050567000125793e-08,1.4002615541298607e-26,1.4002615542363356e-26,1.064749352033515e-36
8,gaussian,160,0,161,1,5,0.09604436674594188,0.09604443955892188,1.6605160824134657e-07,1.7289039220170191e-06,9.369297916683458e-08,-2.3478202270885229e-23,-2.3478202271257496e-23,3.7226730596191023e-34
8,gaussian,161,0,162,2,5,0.19163546393229794,0.19163545709120786,2.6666071989422946e-08,1.3914998530148724e-07,1.7975490576470303e-08,3.603318707211933e-24,3.603318709608373e-24,2.3964406600870573e-33
8,gaussian,161,2,171,1,5,0.09604443955892188,0.09604436674594197,1.6605160815807984e-07,1.7289039211500587e-06,9.369297918099091e-08,-1.1416556694458624e-28,-1.1416556674394505e-28,2.0064118755523997e-37
8,gaussian,162,0,163,1,5,0.09595927926266445,0.09595922656819406,1.6673793443167106e-07,1.7375905249899575e-06,8.511966031898123e-08,-3.0485613955213035e-23,-3.0485613956079456e-23,8.664216211605835e-34
8,gaussian,163,0,164,2,5,0.17635808392509258,0.1763581133947433,3.6304080797133764e-08,2.058543273020513e-07,2.0968144256237183e-08,7.797058225830774e-24,7.79705822631886e-24,4.880858256125532e-34
8,gaussian,163,2,173,1,5,0.0831148551872624,0.08311496196276373,1.0677550132953684e-07,1.2846724441427676e-06,5.7242166971980475e-08,-1.4738760177132122e-26,-1.4738760179773595e-26,2.641472985570066e-36
8,gaussian,164,0,165,1,5,0.09587426390041841,0.09587428808746427,1.5206144550472533e-07,1.5860503221260177e-06,6.671091203360248e-08,-4.232654158707184e-23,-4.232654156190623e-23,2.5165606074409467e-32
8,gaussian,165,0,166,2,5,0.15009202542055267,0.15009201417288592,3.03432337311893e-08,2.0216419657319308e-07,1.9921317482551555e-08,-1.8069448239834847e-23,-1.806944829424787e-23,5.441302224250126e-32
8,gaussian,165,2,175,1,5,0.05833861346524673,0.0583386612001671,4.773492037063454e-08,8.182381869691897e-07,2.0014010172695982e-08,-8.307589887833275e-26,-8.307589888566029e-26,7.327542759009099e-36
8,gaussian,166,0,443,0,5,0.09131301544165459,0.09131302776692127,1.2325266682267078e-08,1.3497818420529896e-07,6.623343027146279e-09,-6.331095706302691e-23,-6.331095726848964e-23,2.054627297694923e-31
8,gaussian,167,0,168,1,5,0.0879103977275744,0.08791041099372157,8.670905450591793e-08,9.863343092789153e-07,3.880565607872765e-08,-1.8286218943365527e-26,-1.8286218945328166e-26,1.9626393472664697e-36
8,gaussian,168,0,169,2,5,0.175964426373179,0.17596444490793087,4.880533524542763e-08,2.7735907257266565e-07,3.5714926480160845e-08,-9.96958542354351e-27,-9.969585421686577e-27,1.856933821329367e-36
8,gaussian,168,2,176,1,5,0.08791041099372157,0.0879103977275744,8.670905456142908e-08,9.863343099103667e-07,3.8805656099681266e-08,2.2109231334038284e-29,2.2109231335597234e-29,1.5589501467552163e-39
8,gaussian,169,0,170,1,5,0.08815444613239808,0.08815439391189295,9.905153929012922e-08,1.12361365348907e-06,6.05056699962153e-08,-2.006317732258721e-27,-2.0063177324565332e-27,1.978122237946856e-37
8,gaussian,170,0,171,2,5,0.1837479814639258,0.18374795762678411,3.0143396806403544e-08,1.640474990051601e-07,1.7354109487568608e-08,-5.588344222829358e-28,-5.588344222566174e-28,2.631840302980869e-38
8,gaussian,170,2,178,1,5,0.09768557489499821,0.09768564075493165,1.8477201425837197e-07,1.8914961588051392e-06,8.281861697423761e-08,4.925904235818967e-31,4.925904238179734e-31,2.3607675228480193e-40
8,gaussian,171,0,172,1,5,0.09065575657526671,0.09065589316980445,1.3659453773628982e-07,1.5067364399624775e-06,7.696844587171925e-08,-2.8560688608335e-27,-2.856068861066489e-27,2.329888061472649e-37
8,gaussian,172,0,173,2,5,0.17062447811175696,0.17062447750678716,1.4058500141800323e-08,8.239439204374988e-08,8.572241832952422e-09,-1.979654018534783e-28,-1.9796540093798481e-28,9.154934876949854e-37
8,gaussian,172,2,180,1,5,0.08677348635895901,0.08677363482689246,1.4846793344736042e-07,1.710979766418036e-06,6.790664280574106e-08,-6.421613289606133e-31,-6.421613290221491e-31,6.153574495081981e-41
8,gaussian,173,0,174,1,5,0.09353070028527127,0.0935307912205026,1.3974056636834042e-07,1.494059491476945e-06,6.587123735144202e-08,-2.1875491782988124e-26,-2.1875491781542826e-26,1.4452984289567009e-36
8,gaussian,174,0,175,2,5,0.14489441192563146,0.14489447956935333,6.76437218738446e-08,4.6684816478095785e-07,4.429358647875194e-08,-1.5050695097138232e-26,-1.505069510993724e-26,1.2799006914746802e-35
8,gaussian,174,2,182,1,5,0.05985968904051273,0.05985984339328912,1.5435277638670142e-07,2.5785696660209755e-06,6.809276802511235e-08,1.040568403321248e-30,1.0405684056770942e-30,2.3558461626413106e-39
8,gaussian,175,0,438,0,5,0.09200790738309411,0.09200793094762244,2.3564528328634538e-08,2.5611409892533254e-07,1.4031159350375559e-08,-1.0972339358535559e-25,-1.0972339358698052e-25,1.6249372690194965e-36
8,gaussian,176,0,177,1,5,0.06734874494654747,0.06734876521030124,3.902575027026067e-08,5.794575468221286e-07,1.891839893855461e-08,-1.214651852051642e-31,-1.2146518531384866e-31,1.0868446804485926e-40
8,gaussian,177,0,178,2,5,0.15938941980964833,0.1593894285577447,3.741618531671875e-08,2.347469694526407e-07,2.379149230272423e-08,1.5387515245387548e-31,1.5387515243181376e-31,2.2061714593002344e-41
8,gaussian,177,2,183,1,5,0.09526003097458237,0.0952600291665415,1.3033300393094915e-07,1.3681814145717115e-06,6.116871259135702e-08,5.736400726544313e-34,5.736400719206348e-34,7.337965607473244e-43
8,gaussian,178,0,179,1,5,0.06725770611259572,0.06725780963180183,1.035192061099588e-07,1.5391403121312964e-06,4.2812280370744736e-08,-7.977191104568778e-32,-7.977191105082946e-32,5.1416815472910774e-42
8,gaussian,179,0,180,2,5,0.1485936365998194,0.1485935902241332,4.637568618015564e-08,3.1209739017997767e-07,2.9647634954479038e-08,3.713597444356574e-32,3.7135974452986287e-32,9.420546408106906e-42
8,gaussian,179,2,185,1,5,0.08873578542762411,0.0887358462934612,8.933313179471103e-08,1.006731050935994e-06,4.2138512676041276e-08,-1.7829823945919524e-36,-1.7829823854132454e-36,9.178707002339635e-45
8,gaussian,180,0,181,1,5,0.07115948367252038,0.07115965782959068,1.7415707029289074e-07,2.4474129809611047e-06,7.833183033710914e-08,-1.1616360904727284e-30,-1.1616360904897726e-30,1.704416838389079e-41
8,gaussian,181,0,182,2,5,0.12568737867554794,0.12568740614671453,2.747116659151949e-08,2.1856737626880836e-07,1.5100453039084683e-08,-1.9989319270512743e-31,-1.9989319275798765e-31,5.286021857703085e-41
8,gaussian,181,2,187,1,5,0.06532117065793212,0.06532131876402082,1.4810608869875175e-07,2.2673468861490443e-06,7.487157013188443e-08,-1.3176748763266096e-34,-1.3176748748648357e-34,1.4617739354036007e-43
8,gaussian,182,0,431,0,5,0.07552349875237567,0.0755235195200154,2.356452831475675e-08,3.120157596536749e-07,1.4031159338692365e-08,-1.377694492386473e-29,-1.377694493140514e-29,7.54040945730727e-39
8,gaussian,183,0,184,1,5,0.04179740799606198,0.041797451999741615,4.4003679637583115e-08,1.0527837830367062e-06,1.718892058554788e-08,-8.369254651724703e-36,-8.369254651020514e-36,7.041893090209256e-46
8,gaussian,184,0,185,2,5,0.12225435597863507,0.12225427594308329,8.003555178326405e-08,6.546642133328231e-07,4.5670520701876744e-08,1.4881680454259604e-35,1.4881680456760454e-35,2.5008498111743555e-45
8,gaussian,184,2,188,1,5,0.08601793142106968,0.08601793311397421,6.104219109348552e-08,7.096449412775856e-07,3.28471863052826e-08,3.0417487879870526e-38,3.041748788265315e-38,2.782624736115419e-48
8,gaussian,185,0,186,1,5,0.0426463163600464,0.04264644474858782,1.2838854142327438e-07,3.0105332854862606e-06,5.876271179792779e-08,-2.363132614824547e-35,-2.3631326148152817e-35,9.265138867534596e-47
8,gaussian,186,0,187,2,5,0.10263775275534197,0.10263771235138669,4.0403955278711656e-08,3.9365588386392997e-07,2.0328780289821954e-08,8.132856523569075e-36,8.132856522685717e-36,8.83358091361956e-46
8,gaussian,186,2,190,1,5,0.06955560804610847,0.06955566339403493,5.534792646422204e-08,7.957357282422046e-07,2.988447680026062e-08,-3.1568565188465973e-38,-3.156856517459396e-38,1.3872014262428703e-47
8,gaussian,187,0,422,0,5,0.048846417331580266,0.048846424089447255,1.2325266592061457e-08,2.523268964272903e-07,6.6233429987097506e-09,-2.2908290556731056e-34,-2.290829056179914e-34,5.068083614006213e-44
8,gaussian,188,0,189,1,5,0.021065852981021718,0.02106590653922337,5.3558201651426884e-08,2.54241143393022e-06,2.3016831396086846e-08,-1.7885260608683675e-39,-1.788526060801864e-39,6.650361928127716e-50
8,gaussian,189,0,190,2,5,0.08397190770133374,0.08397185847521933,4.922611440694169e-08,5.862212227216058e-07,2.359686044385249e-08,1.6883648332099447e-39,1.688364832993e-39,2.1694484005620655e-49
8,gaussian,189,2,191,1,5,0.06979252156717371,0.06979253064645807,1.131250296909636e-08,1.6208758823205765e-07,5.842428038895284e-09,-4.447133648917095e-43,-4.447133711288224e-43,6.237112866801135e-51
8,gaussian,190,0,411,0,5,0.024534025523322678,0.024534025809532622,4.0817813434790295e-09,1.66372260923157e-07,1.9936224409235195e-09,1.186210497664033e-40,1.186210582787421e-40,8.51233879782075e-48
8,gaussian,191,0,398,0,5,0.008480334479588444,0.008480334017751737,1.1114092979269685e-09,1.3105724787177333e-07,5.799790033329487e-10,3.776244776447002e-43,3.776244776010301e-43,4.367007443174945e-53
8,gaussian,192,0,193,1,5,0.07093433899563692,0.07093433150055357,9.728302004241574e-09,1.3714517033618863e-07,4.743513746079736e-09,-1.71845222700027e-17,-1.7184522272394316e-17,2.3916167234521585e-27
8,gaussian,193,0,194,2,5,0.008024879992413442,0.008024924129667427,7.021449351021086e-08,8.749552316717134e-06,3.142956419501401e-08,1.59477900841596e-16,1.594779008368918e-16,4.704199444962487e-27
8,gaussian,193,2,207,1,5,0.07016013881991912,0.07016017403681549,7.454658069311337e-08,1.0625198941780871e-06,3.1134368866074325e-08,-2.396547512181936e-16,-2.3965475126353024e-16,4.533662508395677e-26
8,gaussian,194,0,195,1,5,0.06921645327987137,0.06921638642962011,6.685025126518251e-08,9.658144573643306e-07,3.955829701103928e-08,-3.2507762159720477e-15,-3.2507762146994884e-15,1.27255925229678e-24
8,gaussian,195,0,196,2,5,0.015280292576373838,0.015280341888167393,7.15821380729148e-08,4.68459008291861e-06,3.3554544399765874e-08,1.4653473106458542e-14,1.4653473106395152e-14,6.338970689993962e-26
8,gaussian,195,2,209,1,5,0.07379748323701214,0.07379756964667905,2.178745948655525e-07,2.952327507649258e-06,9.869383339617649e-08,-5.3844893130739985e-14,-5.384489312992684e-14,8.131451993273354e-25
8,gaussian,196,0,197,1,5,0.05701945465778548,0.057019223860619014,2.3079716646862147e-07,4.047691579195212e-06,1.2577362659906171e-07,-3.629259647572175e-13,-3.6292596473547806e-13,2.1739441447855127e-23
8,gaussian,197,0,198,2,5,0.014013910737036554,0.014013880729408608,8.18255105651533e-08,5.83887767665748e-06,3.4812463425741755e-08,-1.1623006755473484e-12,-1.1623006755900766e-12,4.272824072362539e-23
8,gaussian,197,2,211,1,5,0.05942072862479414,0.05942081274203237,3.601218025242603e-07,6.060533101216263e-06,1.7113080130595435e-07,-6.88340586551085e-12,-6.883405865560975e-12,5.012439862258586e-23
8,gaussian,198,0,199,1,5,0.03468500986003528,0.0346847069927686,3.028672666827159e-07,8.73193543565012e-06,1.4563343329906425e-07,-1.073539763183895e-11,-1.0735397632666208e-11,8.272581607354545e-22
8,gaussian,199,0,200,2,5,0.03468470699276859,0.034685009860035275,3.028672666827159e-07,8.731935435650122e-06,1.4563343329612153e-07,-9.316022047568002e-11,-9.316022048624622e-11,1.0566198349599237e-20
8,gaussian,199,2,213,1,5,0.021368345663211056,0.02136817814941606,1.6751379499496677e-07,7.839343187122245e-06,8.438775782988729e-08,-1.7419314367693117e-10,-1.7419314367588463e-10,1.0465385712444337e-21
8,gaussian,200,0,201,1,5,0.01401388072940862,0.01401391073703659,8.182551055127552e-08,5.838877675667178e-06,3.481246342879231e-08,-9.944897097193046e-12,-9.944897106461605e-12,9.268558763656675e-21
8,gaussian,201,0,202,2,5,0.05701922386061906,0.05701945465778547,2.3079716640617143e-07,4.047691578099971e-06,1.257736265710633e-07,1.5522966866640584e-10,1.5522966879355394e-10,1.2714810330463384e-19
8,gaussian,201,2,215,1,5,0.05942072862479421,0.05942081274203238,3.60121802545077e-07,6.060533101566588e-06,1.7113080130317984e-07,-1.013474881645728e-09,-1.0134748818882877e-09,2.4255975448805904e-19
8,gaussian,202,0,203,1,5,0.015280341888167383,0.015280292576373864,7.158213814490583e-08,4.684590087629962e-06,3.355454441274163e-08,-3.654687413187767e-10,-3.6546874141050905e-10,9.173236537817596e-20
8,gaussian,203,0,204,2,5,0.06921638642962011,0.06921645327987141,6.685025130681588e-08,9.658144579658253e-07,3.9558297017739154e-08,8.794959458427415e-10,8.794959457939563e-10,4.878514797442276e-20
8,gaussian,203,2,217,1,5,0.07379748323701217,0.07379756964667901,2.1787459487943028e-07,2.9523275078373116e-06,9.869383340017623e-08,-7.191230044025274e-10,-7.191230056858261e-10,1.2832987556627303e-18
8,gaussian,204,0,205,1,5,0.008024924129667432,0.008024879992413442,7.021449352322129e-08,8.74955231833838e-06,3.1429564200648696e-08,-1.0128350986985914e-09,-1.0128350986279767e-09,7.061475453242687e-20
8,gaussian,205,0,206,2,5,0.07093433150055353,0.07093433899563693,9.728301948730422e-09,1.371451695536177e-07,4.743513748743058e-09,-2.2791927299691634e-11,-2.279192948933591e-11,2.1896442751498392e-18
8,gaussian,205,2,219,1,5,0.0701601388199192,0.07016017403681551,7.454658079025789e-08,1.0625198955626974e-06,3.113436889048596e-08,9.107756292363968e-10,9.107756300840784e-10,8.476815602521185e-19
8,gaussian,206,0,511,0,5,0.008480334017751737,0.008480334479588444,1.1114092979269685e-09,1.3105724787177333e-07,5.799790033329487e-10,-3.2290809628500554e-11,-3.2290809670943806e-11,4.244325115320673e-20
8,gaussian,207,0,208,1,5,0.09291057060456889,0.09291058082586888,7.254451582505705e-08,7.807992930430444e-07,4.2298237840216786e-08,-1.2844958262883605e-16,-1.284495826494079e-16,2.057186538254697e-26
8,gaussian,208,0,209,2,5,0.027861843733603432,0.027861674211998366,1.695216050659476e-07,6.084364218204701e-06,8.448790887525928e-08,1.8374615781999214e-16,1.8374615787417544e-16,5.418330570555781e-26
8,gaussian,208,2,220,1,5,0.07239527692392887,0.07239530215900367,7.518186250637937e-08,1.0384909001589014e-06,3.0245990814047746e-08,-3.8351172167862114e-16,-3.835117216861803e-16,7.559161016667193e-27
8,gaussian,209,0,210,1,5,0.09611948124987456,0.09611941504970004,9.466746919706281e-08,9.848936757259743e-07,4.1726800301492076e-08,-2.95398522443418e-14,-2.953985224428246e-14,5.934127273434539e-26
8,gaussian,210,0,211,2,5,0.039101652021885966,0.03910149348856539,1.5853332057530478e-07,4.054389325713669e-06,8.350454863647568e-08,3.2041837231402684e-14,3.20418372255331e-14,5.869585829612977e-24
8,gaussian,210,2,222,1,5,0.071348041870945,0.07134808555149418,2.1567684039408563e-07,3.0228819557943824e-06,9.180061168206948e-08,-1.33792375268596e-13,-1.3379237527933374e-13,1.0737747449927709e-23
8,gaussian,211,0,212,1,5,0.08545796732234279,0.08545770644306841,2.6087927437745684e-07,3.05272033201345e-06,1.122044918089965e-07,-3.2371956169316652e-12,-3.23719561713328e-12,2.016147729934302e-22
8,gaussian,212,0,213,2,5,0.06156701055123805,0.06156715934807575,1.4879683770535612e-07,2.4168215535837726e-06,6.327519269993003e-08,-2.5086228568943585e-12,-2.50862285715799e-12,2.636315085085997e-22
8,gaussian,212,2,224,1,5,0.04539900592320765,0.0453989434723948,2.7533445600856285e-07,6.06476838885615e-06,1.1417827273102698e-07,-1.5660075240472967e-11,-1.5660075240490212e-11,1.7244777067169956e-23
8,gaussian,213,0,214,1,5,0.061567159348075724,0.061567010551238074,1.4879683764984497e-07,2.416821552682138e-06,6.327519268475729e-08,-4.281100599580656e-11,-4.2811005991656466e-11,4.150094380149251e-21
8,gaussian,214,0,215,2,5,0.08545770644306838,0.08545796732234284,2.6087927446072356e-07,3.052720332987807e-06,1.1220449182894977e-07,-1.1739355074626059e-11,-1.1739355034243328e-11,4.0382731322640066e-20
8,gaussian,214,2,226,1,5,0.04539900592320769,0.04539894347239481,2.753344560237417e-07,6.064768389190487e-06,1.1417827274708531e-07,-2.1634233638996784e-10,-2.1634233639792604e-10,7.95820127579611e-21
8,gaussian,215,0,216,1,5,0.03910149348856537,0.039101652021885966,1.5853332059612146e-07,4.054389326246043e-06,8.350454862878768e-08,1.9637752520605207e-10,1.9637752519518954e-10,1.086253580404636e-20
8,gaussian,216,0,217,2,5,0.09611941504970004,0.09611948124987461,9.466746919706281e-08,9.848936757259736e-07,4.1726800320176015e-08,-4.3665699456311543e-11,-4.3665699506235616e-11,4.992407228033171e-20
8,gaussian,216,2,228,1,5,0.07134804187094505,0.0713480855514942,2.156768404287801e-07,3.0228819562806517e-06,9.180061169160028e-08,-3.915286770669097e-10,-3.915286772417762e-10,1.748664984815929e-19
8,gaussian,217,0,218,1,5,0.02786167421199834,0.02786184373360352,1.6952160518043935e-07,6.084364222313949e-06,8.448790890721308e-08,4.989971403455333e-10,4.989971403644336e-10,1.890024981622413e-20
8,gaussian,218,0,219,2,5,0.09291058082586887,0.09291057060456893,7.254451582505705e-08,7.807992930430445e-07,4.22982378402825e-08,-7.797256471238508e-10,-7.797256461540688e-10,9.697820006638006e-19
8,gaussian,218,2,230,1,5,0.0723952769239289,0.07239530215900367,7.518186249944048e-08,1.038490900063054e-06,3.0245990807762966e-08,2.21330518970371e-10,2.2133051867875055e-10,2.9162045700403852e-19
8,gaussian,219,0,510,0,5,0.024534025809532622,0.024534025523322678,4.0817813434790295e-09,1.66372260923157e-07,1.9936224409235195e-09,5.275704676208462e-11,5.275704698352612e-11,2.214414974074564e-19
8,gaussian,220,0,221,1,5,0.11616428343226931,0.11616433944329274,2.1302408169387999e-07,1.8338164940702021e-06,1.0954655538645559e-07,-7.824497426603319e-16,-7.824497426656175e-16,5.285565280207084e-27
8,gaussian,221,0,222,2,5,0.06436501800564028,0.06436480994528337,2.0806035690157376e-07,3.232506776947402e-06,1.14840052686736e-07,-3.111341165344891e-16,-3.1113411658801786e-16,5.352874836945067e-26
8,gaussian,221,2,231,1,5,0.06333352663439454,0.06333348129397606,4.534041847525927e-08,7.158991593346114e-07,2.382267381695697e-08,2.468320142436756e-16,2.468320142740366e-16,3.0360988266854234e-26
8,gaussian,222,0,223,1,5,0.12442200480664792,0.12442201448902417,2.971833552717351e-07,2.3885110403669845e-06,1.307802685235345e-07,-1.7866792041248772e-13,-1.7866792041757882e-13,5.09109371213019e-24
8,gaussian,223,0,224,2,5,0.08916648519414092,0.08916637659761945,1.0859652146977261e-07,1.2179073923719988e-06,5.8798111271982075e-08,-8.8273102590917e-15,-8.827310186127304e-15,7.296439569653292e-23
8,gaussian,223,2,233,1,5,0.05328701242573861,0.05328691393643607,9.848930253991695e-08,1.8482796849827667e-06,5.303775425648462e-08,4.482421707296745e-14,4.482421707629593e-14,3.328475527278845e-24
8,gaussian,224,0,225,1,5,0.11472797044251985,0.11472788565601283,1.1145257905464945e-07,9.71450803363497e-07,5.190186642017968e-08,-7.269600944060901e-12,-7.269600944635983e-12,5.750819727997205e-22
8,gaussian,225,0,226,2,5,0.11472788565601282,0.1147279704425199,1.1145257901301608e-07,9.714508030006089e-07,5.190186641814047e-08,-1.6831285045071463e-13,-1.6831284929229018e-13,1.158424442615034e-21
8,gaussian,225,2,235,1,5,0.019628100517533626,0.019628045918504523,5.5066777646453624e-08,2.8055072164146963e-06,4.645063490026723e-08,-2.333501213922272e-13,-2.333501217578192e-13,3.655920203221307e-22
8,gaussian,226,0,227,1,5,0.08916637659761936,0.089166485194141,1.0859652163630606e-07,1.2179073942396664e-06,5.879811128119892e-08,9.774818306167147e-11,9.774818307992036e-11,1.8248883857929833e-20
8,gaussian,227,0,228,2,5,0.12442201448902415,0.12442200480664793,2.971833552856129e-07,2.3885110404785227e-06,1.3078026854071571e-07,1.5840278124434265e-11,1.584027827430047e-11,1.4986620523809646e-19
8,gaussian,227,2,237,1,5,0.05328701242573865,0.05328691393643605,9.84893025954281e-08,1.8482796860245044e-06,5.3037754272488013e-08,-8.58597112428182e-12,-8.58597111262669e-12,1.1655129927237014e-20
8,gaussian,228,0,229,1,5,0.06436480994528326,0.06436501800564035,2.08060357081985e-07,3.2325067797503383e-06,1.1484005273601146e-07,6.035538132936139e-10,6.03553813314233e-10,2.061913112910932e-20
8,gaussian,229,0,230,2,5,0.11616433944329271,0.11616428343226955,2.1302408162449105e-07,1.8338164934728683e-06,1.0954655536585695e-07,-1.063261774870976e-11,-1.0632618074185065e-11,3.2547530511460884e-19
8,gaussian,229,2,239,1,5,0.06333352663439457,0.06333348129397606,4.5340418503014845e-08,7.158991597728556e-07,2.3822673822582603e-08,-3.0574741679809333e-11,-3.0574741681502676e-11,1.6933421114726168e-21
8,gaussian,230,0,507,0,5,0.048846424089447255,0.048846417331580266,1.2325266592061457e-08,2.523268964272903e-07,6.6233429987097506e-09,4.270200276850163e-11,4.270200263320699e-11,1.3529464326615061e-19
8,gaussian,231,0,232,1,5,0.13017932217352285,0.13017938771279702,2.3522354485050467e-07,1.806918506710579e-06,1.0525851188969599e-07,-1.4184836382717228e-15,-1.4184836381446312e-15,1.2709160550312046e-25
8,gaussian,232,0,233,2,5,0.09963599437521853,0.09963596660198999,7.65785637263372e-08,7.685833237931114e-07,3.199205121153813e-08,2.6548408669654022e-17,2.6548408261398585e-17,4.0825543718973044e-25
8,gaussian,232,2,240,1,5,0.04282417038437187,0.04282407176322699,1.4851449033764785e-07,3.4680062451798554e-06,8.030997227707271e-08,9.195290476958615e-16,9.195290476992078e-16,3.346347959947532e-27
8,gaussian,233,0,234,1,5,0.1376699898252726,0.1376699905306949,1.410728756590096e-07,1.02471769711901e-06,5.9128162771292e-08,-1.2384806407697762e-13,-1.23848064062271e-13,1.470661394917773e-23
8,gaussian,234,0,235,2,5,0.12534179335143517,0.1253418582244747,1.3873991835944288e-07,1.1068921454074312e-06,7.28657101101889e-08,5.661799345857834e-15,5.661799341564563e-15,4.2932713470258676e-24
8,gaussian,234,2,242,1,5,0.026736439594025933,0.026736364051716286,1.1241134099644959e-07,4.204424474736984e-06,7.07651506432469e-08,7.736137364425771e-14,7.736137364533214e-14,1.074428552911018e-24
8,gaussian,235,0,236,1,5,0.12534185822447452,0.1253417933514353,1.3873991831780952e-07,1.1068921450752743e-06,7.286571008492686e-08,8.477899045698935e-12,8.477899046432617e-12,7.336817383532594e-22
8,gaussian,236,0,237,2,5,0.13766999053069487,0.1376699898252727,1.410728756590096e-07,1.0247176971190103e-06,5.9128162771839044e-08,2.5262132165293917e-12,2.526213208297568e-12,8.231823575140702e-21
8,gaussian,236,2,244,1,5,0.02673643959402597,0.026736364051716303,1.1241134095785199e-07,4.204424473293345e-06,7.076515063671922e-08,8.162393759378231e-13,8.162393758364709e-13,1.0135224325762039e-22
8,gaussian,237,0,238,1,5,0.09963596660199,0.09963599437521853,7.657856365694826e-08,7.685833230966869e-07,3.1992051189283024e-08,9.090998451015797e-11,9.090998449255534e-11,1.760263607967571e-20
8,gaussian,238,0,239,2,5,0.13017938771279702,0.130179322173523,2.3522354483662689e-07,1.8069185066039737e-06,1.0525851188086412e-07,7.932605989209439e-11,7.932605992128079e-11,2.918639582968588e-20
8,gaussian,238,2,246,1,5,0.04282417038437191,0.042824071763227,1.4851449031336172e-07,3.4680062446127393e-06,8.030997227040669e-08,2.530774625672272e-12,2.5307746251016143e-12,5.706576874335555e-22
8,gaussian,239,0,502,0,5,0.0755235195200154,0.07552349875237567,2.356452831475675e-08,3.120157596536749e-07,1.4031159338692364e-08,-2.5457879955673523e-11,-2.5457879990807412e-11,3.5133889057427507e-20
8,gaussian,240,0,241,1,5,0.1253198074794165,0.12531981379408474,5.435434406730888e-08,4.3372506247591053e-07,2.1565894012416188e-08,-3.560853567873264e-16,-3.5608535674672745e-16,4.059892370242568e-26
8,gaussian,241,0,242,2,5,0.1128516150022337,0.11285168876953175,1.8596473227994181e-07,1.647868404164719e-06,9.47628679922966e-08,1.2264766985303852e-16,1.2264766963711467e-16,2.1592385153347447e-25
8,gaussian,241,2,247,1,5,0.020904308468710296,0.020904254265727843,8.269107778721696e-08,3.95569544484045e-06,5.2702779456242066e-08,3.0179911816919204e-16,3.0179911816540704e-16,3.785003927056991e-27
8,gaussian,242,0,243,1,5,0.12661031163441194,0.1266102512404578,1.1215763426331016e-07,8.858491288384632e-07,5.471337544071572e-08,7.134210802775015e-14,7.134210802849204e-14,7.4189528236777365e-25
8,gaussian,243,0,244,2,5,0.12661025124045774,0.126610311634412,1.1215763438821025e-07,8.85849129824955e-07,5.47133754640385e-08,-2.5534390874853633e-14,-2.5534390866225237e-14,8.628396498239141e-24
8,gaussian,243,2,249,1,5,0.007383629622075933,0.0073836349564133895,1.2571772393943359e-08,1.7026535667264507e-06,9.076827339501435e-09,6.89354344734371e-15,6.893543447558346e-15,2.1463564167524856e-25
8,gaussian,244,0,245,1,5,0.11285168876953176,0.11285161500223366,1.8596473223830845e-07,1.6478684037957976e-06,9.476286800116984e-08,3.5770929711977663e-12,3.577092971769918e-12,5.7215170163562275e-22
8,gaussian,245,0,246,2,5,0.12531981379408463,0.12531980747941648,5.435434401179773e-08,4.33725062032955e-07,2.1565893993199982e-08,7.681722434356498e-13,7.681722421825019e-13,1.253147931862293e-21
8,gaussian,245,2,251,1,5,0.02090430846871033,0.020904254265727857,8.269107781670726e-08,3.955695446251171e-06,5.27027794573035e-08,8.92631212490916e-14,8.926312122211453e-14,2.697707396173917e-23
8,gaussian,246,0,495,0,5,0.09200793094762244,0.09200790738309411,2.3564528328634538e-08,2.5611409892533254e-07,1.4031159350375559e-08,-3.5670816594264036e-12,-3.567081661010146e-12,1.5837422958964745e-21
8,gaussian,247,0,248,1,5,0.10537850851229418,0.1053784921004074,3.117818282716289e-08,2.958685150067903e-07,1.342189244286078e-08,1.6432599423552208e-16,1.6432599430064876e-16,6.512668000562314e-26
8,gaussian,248,0,249,2,5,0.10236099450521602,0.10236102945492663,8.94860534561559e-08,8.742199441786577e-07,3.99430306127148e-08,-1.3566741368419832e-16,-1.3566741379332914e-16,1.0913082041304847e-25
8,gaussian,248,2,252,1,5,0.006892649404799144,0.006892637490594714,1.5921565349116817e-08,2.3099340201506713e-06,1.1376636515789134e-08,1.7493288640894696e-17,1.7493288640877754e-17,1.6942020534785636e-29
8,gaussian,249,0,250,1,5,0.10236102945492655,0.10236099450521595,8.948605347003369e-08,8.742199443142353e-07,3.9943030614379386e-08,2.2704595441724642e-14,2.2704595431223985e-14,1.0500656882585344e-23
8,gaussian,250,0,251,2,5,0.1053784921004074,0.10537850851229424,3.117818284104068e-08,2.9586851513848483e-07,1.3421892432810402e-08,-6.400722421118304e-15,-6.400722428476516e-15,7.358212111697529e-24
8,gaussian,250,2,254,1,5,0.006892649404799172,0.006892637490594707,1.5921565349116817e-08,2.3099340201506616e-06,1.1376636510736564e-08,4.436202829024455e-16,4.4362028286833754e-16,3.410797895904089e-26
8,gaussian,251,0,486,0,5,0.09131302776692127,0.09131301544165459,1.2325266682267078e-08,1.3497818420529896e-07,6.623343027146278e-09,-4.040124836711087e-14,-4.0401248399876514e-14,3.276564693182957e-23
8,gaussian,252,0,253,1,5,0.0821810179780863,0.08218101103157135,2.0988379104136534e-08,2.553920554955053e-07,8.213756514857608e-09,6.960881607155504e-17,6.960881598757048e-17,8.39845601823028e-26
8,gaussian,253,0,254,2,5,0.08218101103157133,0.08218101797808637,2.0988379173525473e-08,2.5539205633984773e-07,8.213756524635497e-09,-4.8699381472879973e-17,-4.8699381509068314e-17,3.618834075157678e-26
8,gaussian,253,2,255,1,5,0.0011418099333798302,0.0011418083491788345,1.5842010184143746e-09,1.38744722050634e-06,1.252953833437706e-09,-5.673699552475462e-19,-5.673699557974246e-19,5.4987842139782175e-28
8,gaussian,254,0,475,0,5,0.07869427570441963,0.07869427162263831,4.081781315723454e-09,5.186884661159939e-08,1.9936224653461587e-09,1.568625644616411e-17,1.568625700877082e-17,5.626067105924902e-25
8,gaussian,255,0,462,0,5,0.06302314235262088,0.06302314291203177,1.1114093118047563e-09,1.763493949129244e-08,5.799790044187626e-10,2.3135779471249297e-18,2.313577933592611e-18,1.3532318724131497e-26
8,gaussian,256,0,257,1,5,0.06979253064645807,0.06979252156717373,1.1312502927462997e-08,1.6208758763552728e-07,5.8424280214319794e-09,1.7411727872000135e-17,1.7411727831848816e-17,4.015131909442262e-26
8,gaussian,256,1,448,2,5,0.0707943073994842,0.07079430739948424,4.163336342344337e-17,5.88089140960318e-16,3.470516423196761e-17,-7.723021140979828e-26,-1.470406356071259e-25,6.981042419732762e-26
8,gaussian,256,2,320,1,5,0.008480334479588474,0.008480334017751733,1.1114093257909644e-09,1.3105725115749182e-07,5.799790193829202e-10,7.004604732113201e-20,7.004604726814007e-20,5.299193834569049e-29
8,gaussian,257,0,258,2,5,0.0210659065392233,0.02106585298102178,5.35582015195879e-08,2.542411427671823e-06,2.3016831351702598e-08,-1.0687050127182073e-16,-1.0687050129782808e-16,2.600735121260098e-26
8,gaussian,257,2,271,1,5,0.08397190770133377,0.08397185847521933,4.9226114434697266e-08,5.862212230521396e-07,2.3596860428825846e-08,1.6250398826702666e-16,1.6250398822267335e-16,4.435330996559878e-26
8,gaussian,258,0,259,1,5,0.08601793311397417,0.08601793142106968,6.104219096858543e-08,7.096449398255622e-07,3.284718628249283e-08,2.61121824311364e-15,2.611218242012807e-15,1.1008329107001232e-24
8,gaussian,258,1,463,2,5,0.10024987255292027,0.10024987255292032,5.551115123125783e-17,5.537278982769217e-16,3.812580123811891e-17,1.41911025339519e-24,2.7257503045406615e-24,1.3066400511454715e-24
8,gaussian,259,0,260,2,5,0.04179745199974175,0.041797407996062005,4.4003679741666524e-08,1.0527837855268882e-06,1.7188920626480778e-08,-7.590126467976013e-15,-7.59012646209435e-15,5.8816632900719106e-24
8,gaussian,259,2,273,1,5,0.12225435597863517,0.12225427594308343,8.003555174163068e-08,6.546642129922755e-07,4.567052070652301e-08,1.9805243052883734e-14,1.980524305685304e-14,3.969305105913323e-24
8,gaussian,260,0,261,1,5,0.09526002916654143,0.09526003097458238,1.3033300395870473e-07,1.3681814148630777e-06,6.116871260435877e-08,2.2362194672806369e-13,2.2362194664569593e-13,8.23677565262867e-23
8,gaussian,260,1,476,2,5,0.13216960855456766,0.13216960855456772,5.551115123125783e-17,4.199993617166493e-16,4.651194547336526e-17,-1.7337032811117933e-22,-3.462130824603995e-22,1.7284275434922016e-22
8,gaussian,261,0,262,2,5,0.06734876521030132,0.06734874494654752,3.902575027719957e-08,5.794575469251571e-07,1.8918398955400393e-08,-2.328308586312961e-13,-2.328308595862012e-13,9.549050943391362e-22
8,gaussian,261,2,275,1,5,0.15938941980964838,0.15938942855774468,3.7416185177940875e-08,2.347469685819564e-07,2.3791492245456787e-08,4.78794925907549e-13,4.787949271434489e-13,1.2358998226466594e-21
8,gaussian,262,0,263,1,5,0.08791039772757442,0.0879104109937216,8.670905451979571e-08,9.863343094367779e-07,3.880565608150937e-08,6.133937091253746e-12,6.1339370938213845e-12,2.5676380916113553e-21
8,gaussian,262,1,487,2,5,0.1537782441329402,0.15377824413294014,1.1102230246251565e-16,7.219636502452041e-16,6.988675367311056e-17,-3.0859435489017334e-20,-3.3516383523673663e-20,2.6569480346563295e-21
8,gaussian,263,0,264,2,5,0.08791041099372164,0.08791039772757443,8.670905447816235e-08,9.863343089631888e-07,3.8805656060146976e-08,-3.2297226396516435e-11,-3.2297226362192737e-11,3.4323697959174494e-20
8,gaussian,263,2,277,1,5,0.17596442637317894,0.17596444490793098,4.8805335273183204e-08,2.773590727303995e-07,3.571492651123976e-08,-1.8751924635236717e-11,-1.8751924590045908e-11,4.519080910598404e-20
8,gaussian,264,0,265,1,5,0.06734874494654747,0.0673487652103013,3.9025750235566203e-08,5.794575463069818e-07,1.891839893690844e-08,4.664854670996389e-11,4.664854665894158e-11,5.1022309639860707e-20
8,gaussian,264,1,496,2,5,0.15377824413294017,0.1537782441329401,5.551115123125783e-17,3.6098182512260217e-16,5.551115123125783e-17,-4.1909176584332144e-19,-2.9088460263980257e-19,1.2820716320351887e-19
8,gaussian,265,0,266,2,5,0.09526003097458235,0.09526002916654149,1.3033300383380464e-07,1.3681814135519291e-06,6.116871258100756e-08,-8.313781066037759e-11,-8.313781110929901e-11,4.48921426211247e-19
8,gaussian,265,2,279,1,5,0.1593894198096484,0.15938942855774466,3.74161852612076e-08,2.3474696910436703e-07,2.379149226962694e-08,-1.7706474307247758e-10,-1.7706474253527723e-10,5.372003513061052e-19
8,gaussian,266,0,267,1,5,0.04179740799606195,0.04179745199974163,4.400367967921648e-08,1.05278378403278e-06,1.7188920599927844e-08,-7.352942194133777e-11,-7.352942214751538e-11,2.061776111121978e-19
8,gaussian,266,1,503,2,5,0.13216960855456764,0.13216960855456758,8.326672684688674e-17,6.299990425749743e-16,5.554427387655981e-17,-1.7340431750639882e-18,-7.929762580287883e-19,9.410669170352e-19
8,gaussian,267,0,268,2,5,0.08601793142106967,0.08601793311397415,6.104219092695207e-08,7.096449393415543e-07,3.284718629349241e-08,4.87635947720655e-10,4.876359482462266e-10,5.255716394596816e-19
8,gaussian,267,2,281,1,5,0.12225435597863507,0.12225427594308333,8.003555174163068e-08,6.546642129922761e-07,4.567052070564795e-08,-3.058618090715241e-10,-3.0586181018757976e-10,1.1160556571040027e-18
8,gaussian,268,0,269,1,5,0.021065852981021746,0.021065906539223384,5.3558201637549097e-08,2.5424114332714388e-06,2.3016831393648685e-08,-6.250718038120405e-10,-6.250718038105125e-10,1.5280093865385804e-21
8,gaussian,268,1,508,2,5,0.10024987255292024,0.10024987255292024,6.938893903907228e-17,6.921598728461527e-16,4.248927590600552e-17,-5.963348948365363e-18,-3.934548317790868e-18,2.028800630574495e-18
8,gaussian,269,0,270,2,5,0.06979252156717372,0.06979253064645807,1.131250291358521e-08,1.6208758743668384e-07,5.842428021560206e-09,2.279192360649584e-11,2.2791922199836332e-11,1.4066595091352136e-18
8,gaussian,269,2,283,1,5,0.08397190770133373,0.08397185847521936,4.9226114365308327e-08,5.862212222258048e-07,2.3596860425393096e-08,7.27131271153492e-10,7.271312708607061e-10,2.9278595448712574e-19
8,gaussian,270,1,511,2,5,0.07079430739948421,0.0707943073994842,5.551115123125783e-17,7.841188546137576e-16,3.8662932303144985e-17,-6.783945487638709e-18,-6.858273556812043e-18,7.432806917333371e-20
8,gaussian,271,0,272,1,5,0.06955566339403493,0.06955560804610854,5.53479263948331e-08,7.957357272446016e-07,2.9884476774705655e-08,1.0148362831367932e-16,1.0148362833669414e-16,2.3014819694596714e-26
8,gaussian,271,2,322,1,5,0.024534025523322664,0.02453402580953264,4.081781331335965e-09,1.6637226042820898e-07,1.9936224521134998e-09,-1.4513346542090634e-19,-1.4513346566026052e-19,2.393541883024568e-28
8,gaussian,272,0,273,2,5,0.04264644474858779,0.04264631636004642,1.2838854136776323e-07,3.0105332841846035e-06,5.876271182384489e-08,-1.129896695298101e-16,-1.1298966953770207e-16,7.891961711057307e-27
8,gaussian,272,2,284,1,5,0.10263775275534205,0.1026377123513867,4.0403955348100595e-08,3.9365588453998635e-07,2.0328780307793008e-08,2.16172202253551e-16,2.1617220220147713e-16,5.207386699309353e-26
8,gaussian,273,0,274,1,5,0.0887358462934612,0.08873578542762414,8.933313176695545e-08,1.0067310506232051e-06,4.213851266073268e-08,1.9054127546553673e-14,1.9054127547869812e-14,1.316138689714357e-24
8,gaussian,274,0,275,2,5,0.06725780963180177,0.06725770611259584,1.0351920592954755e-07,1.5391403094489146e-06,4.28122803411626e-08,-2.2326801904627035e-14,-2.2326801911312085e-14,6.685050280001662e-24
8,gaussian,274,2,286,1,5,0.14859363659981958,0.14859359022413332,4.6375686263422367e-08,3.120973907403426e-07,2.9647634964971847e-08,3.047700301354573e-14,3.047700302198246e-14,8.436728541819402e-24
8,gaussian,275,0,276,1,5,0.09768564075493161,0.09768557489499823,1.8477201427224976e-07,1.8914961589472059e-06,8.28186169859911e-08,1.8704540072751773e-12,1.870454006526525e-12,7.48652172632692e-22
8,gaussian,276,0,277,2,5,0.0881543939118929,0.08815444613239802,9.905153926237364e-08,1.123613653174219e-06,6.050567000192693e-08,-2.407860438703191e-12,-2.4078604360025463e-12,2.700644533583334e-21
8,gaussian,276,2,288,1,5,0.18374798146392565,0.1837479576267842,3.014339669538124e-08,1.6404749840095058e-07,1.7354109393533015e-08,-8.627069918625246e-13,-8.62706993740057e-13,1.8775323733302315e-21
8,gaussian,277,0,278,1,5,0.08815444613239798,0.08815439391189293,9.905153933176258e-08,1.1236136539613487e-06,6.050566998235605e-08,4.498726041580344e-11,4.498726041577873e-11,2.4712020800021702e-23
8,gaussian,278,0,279,2,5,0.09768557489499825,0.09768564075493162,1.847720142444942e-07,1.891496158663074e-06,8.281861697730109e-08,-3.252204844210276e-11,-3.25220485208473e-11,7.874454408653945e-20
8,gaussian,278,2,290,1,5,0.18374798146392574,0.18374795762678411,3.0143396806403544e-08,1.6404749900516015e-07,1.7354109436491218e-08,-3.083421315734109e-11,-3.083421305865832e-11,9.868276986219838e-20
8,gaussian,279,0,280,1,5,0.0672577061125957,0.06725780963180185,1.0351920615159216e-07,1.5391403127503078e-06,4.281228036464641e-08,2.7921376699207713e-10,2.792137670909719e-10,9.889476720590777e-20
8,gaussian,280,0,281,2,5,0.0887357854276241,0.08873584629346119,8.933313169756651e-08,1.0067310498412334e-06,4.2138512671482677e-08,4.3665702990859264e-11,4.366570287505098e-11,1.1580828428714438e-19
8,gaussian,280,2,292,1,5,0.14859363659981947,0.1485935902241333,4.637568618015564e-08,3.1209739017997746e-07,2.9647634980652164e-08,-8.406261732909595e-11,-8.4062617067866e-11,2.6122994469641686e-19
8,gaussian,281,0,282,1,5,0.04264631636004637,0.042646444748587836,1.2838854146490775e-07,3.010533286462504e-06,5.8762711824800263e-08,5.259876650300808e-10,5.259876649990339e-10,3.1046983521259064e-20
8,gaussian,282,0,283,2,5,0.0695556080461085,0.06955566339403493,5.5347926436466466e-08,7.957357278431635e-07,2.9884476792446674e-08,-5.874062414670316e-10,-5.874062412694285e-10,1.976031085812614e-19
8,gaussian,282,2,294,1,5,0.10263775275534191,0.10263771235138673,4.040395518156714e-08,3.936558829174508e-07,2.0328780270738798e-08,2.176676394609032e-10,2.1766763845743282e-10,1.0034703786760946e-18
8,gaussian,284,0,285,1,5,0.06532131876402078,0.06532117065793216,1.4810608861548502e-07,2.2673468848743207e-06,7.487157013583982e-08,5.37931082319013e-16,5.379310823529396e-16,3.392663955845321e-26
8,gaussian,284,2,324,1,5,0.0488464173315803,0.048846424089447324,1.2325266585122563e-08,2.5232689628523464e-07,6.6233429820230055e-09,-7.458228370593481e-19,-7.458228379493302e-19,8.89982049544058e-28
8,gaussian,285,0,286,2,5,0.07115965782959063,0.07115948367252045,1.7415707018186843e-07,2.4474129794009204e-06,7.8331830305782e-08,1.5228626934249788e-16,1.5228626959559781e-16,2.5309993242004946e-25
8,gaussian,285,2,295,1,5,0.12568737867554805,0.1256874061467146,2.747116653600834e-08,2.1856737582714785e-07,1.510045304292179e-08,-1.9062492300483433e-16,-1.9062492288391995e-16,1.2091438088098076e-25
8,gaussian,286,0,287,1,5,0.08677363482689249,0.08677348635895904,1.4846793344736042e-07,1.7109797664180356e-06,6.790664278023307e-08,8.956106448676026e-14,8.956106449597454e-14,9.214286647990408e-24
8,gaussian,287,0,288,2,5,0.09065589316980442,0.0906557565752668,1.3659453762526752e-07,1.5067364387378215e-06,7.696844585693e-08,-2.141584868456379e-14,-2.1415848665989232e-14,1.8574556739657395e-23
8,gaussian,287,2,297,1,5,0.17062447811175702,0.1706244775067872,1.4058500308333777e-08,8.239439301977308e-08,8.572241899597926e-09,-9.975692177735246e-15,-9.975692138047971e-15,3.9687275019585205e-23
8,gaussian,288,0,289,1,5,0.09604436674594191,0.09604443955892193,1.6605160828297993e-07,1.7289039224504982e-06,9.369297920066757e-08,6.506207102212519e-12,6.506207102543039e-12,3.3052004702602248e-22
8,gaussian,289,0,290,2,5,0.09604443955892193,0.09604436674594198,1.6605160803317975e-07,1.728903919849617e-06,9.369297915179878e-08,1.6831283313740758e-13,1.6831283499703239e-13,1.859624801641382e-21
8,gaussian,289,2,299,1,5,0.1916354639322978,0.191635457091208,2.6666072100445248e-08,1.3914998588082845e-07,1.7975490574679172e-08,9.967439531028586e-13,9.967439547166312e-13,1.613772627592879e-21
8,gaussian,290,0,291,1,5,0.0906557565752667,0.0906558931698044,1.3659453769465646e-07,1.5067364395032323e-06,7.696844586266995e-08,1.4942836582440452e-10,1.494283658752544e-10,5.0849894180931685e-20
8,gaussian,291,0,292,2,5,0.086773486358959,0.08677363482689243,1.4846793343348264e-07,1.7109797662581056e-06,6.79066427751159e-08,2.8421125857545573e-11,2.8421125808967892e-11,4.85776807370368e-20
8,gaussian,291,2,301,1,5,0.17062447811175693,0.1706244775067871,1.4058500169555899e-08,8.239439220642043e-08,8.572241834921102e-09,6.4097162459149424e-12,6.4097162452020355e-12,7.12906903398534e-22
8,gaussian,292,0,293,1,5,0.07115948367252034,0.07115965782959066,1.741570703206463e-07,2.447412981351152e-06,7.833183032489449e-08,5.869858119236346e-10,5.869858119336299e-10,9.995340329361079e-21
8,gaussian,293,0,294,2,5,0.06532117065793216,0.06532131876402078,1.4810608861548502e-07,2.2673468848743207e-06,7.487157012220017e-08,-6.145924045893411e-11,-6.145924026042648e-11,1.9850763058108813e-19
8,gaussian,293,2,303,1,5,0.125687378675548,0.1256874061467146,2.747116659151949e-08,2.1856737626880825e-07,1.510045303078438e-08,-6.128908700537476e-12,-6.128908732337969e-12,3.180049336050659e-20
8,gaussian,295,0,296,1,5,0.05985984339328909,0.059859689040512774,1.5435277631731248e-07,2.5785696648617864e-06,6.809276799122799e-08,9.139184172274465e-16,9.139184173328165e-16,1.053699260474073e-25
8,gaussian,295,2,326,1,5,0.07552349875237578,0.07552351952001547,2.356452834945122e-08,3.120157601130609e-07,1.4031159301851415e-08,-6.530032805593127e-19,-6.530032827243911e-19,2.165078443371632e-27
8,gaussian,296,0,297,2,5,0.09353079122050258,0.09353070028527136,1.3974056646548494e-07,1.494059492515582e-06,6.587123737501817e-08,-2.6548408276891418e-17,-2.6548408292368672e-17,1.5477253745209946e-26
8,gaussian,296,2,304,1,5,0.14489441192563157,0.14489447956935333,6.76437217628223e-08,4.668481640147292e-07,4.429358647956271e-08,-4.149638270878338e-16,-4.149638268399101e-16,2.4792369833092535e-25
8,gaussian,297,0,298,1,5,0.08311496196276374,0.08311485518726251,1.0677550123239232e-07,1.2846724429739703e-06,5.724216693465899e-08,8.89995391831843e-14,8.899953920012833e-14,1.694403804655074e-23
8,gaussian,298,0,299,2,5,0.09595922656819403,0.09595927926266452,1.667379343761599e-07,1.7375905244114696e-06,8.511966025210168e-08,2.4581358636378008e-14,2.4581358582877284e-14,5.350072329693179e-23
8,gaussian,298,2,306,1,5,0.17635808392509253,0.1763581133947434,3.6304080797133764e-08,2.058543273020512e-07,2.096814427368784e-08,1.1745482127382176e-14,1.1745482131617643e-14,4.235466775334893e-24
8,gaussian,299,0,300,1,5,0.09595927926266438,0.09595922656819406,1.6673793430677097e-07,1.737590523688364e-06,8.511966026773301e-08,8.044883152346427e-12,8.044883152682967e-12,3.3653972468690642e-22
8,gaussian,300,0,301,2,5,0.08311485518726246,0.0831149619627637,1.0677550124627011e-07,1.284672443140942e-06,5.724216691299837e-08,2.390270084970949e-12,2.3902700847065906e-12,2.643585227188514e-22
8,gaussian,300,2,308,1,5,0.17635808392509258,0.17635811339474328,3.630408076937819e-08,2.0585432714466942e-07,2.0968144230928663e-08,5.505022302221939e-13,5.50502230001036e-13,2.211578237327583e-22
8,gaussian,301,0,302,1,5,0.0935307002852713,0.09353079122050262,1.3974056645160715e-07,1.4940594923672047e-06,6.587123739532262e-08,1.0203508366634795e-10,1.0203508365528707e-10,1.106087820530009e-20
8,gaussian,302,0,303,2,5,0.059859689040512684,0.05985984339328911,1.5435277642833478e-07,2.57856966671649e-06,6.809276802414453e-08,4.613138720105765e-11,4.613138719510906e-11,5.948591826992672e-21
8,gaussian,302,2,310,1,5,0.1448944119256315,0.14489447956935336,6.76437218738446e-08,4.6684816478095775e-07,4.42935864867236e-08,2.070685820843272e-12,2.070685822847479e-12,2.0042069254277015e-21
8,gaussian,304,0,305,1,5,0.058338661200167036,0.058338613465246776,4.7734920259612235e-08,8.182381850661249e-07,2.001401015068202e-08,2.9987826384989126e-16,2.998782639051361e-16,5.524486596495241e-26
8,gaussian,304,2,328,1,5,0.09200790738309415,0.09200793094762248,2.3564528328634538e-08,2.5611409892533243e-07,1.4031159310496754e-08,6.530032615781125e-19,6.530032570881077e-19,4.490004835081527e-27
8,gaussian,305,0,306,2,5,0.09587428808746432,0.09587426390041849,1.5206144557411427e-07,1.5860503228497663e-06,6.671091202254171e-08,3.620017782109483e-17,3.6200177671834853e-17,1.4925997744641503e-25
8,gaussian,305,2,311,1,5,0.15009202542055258,0.15009201417288587,3.034323392547833e-08,2.0216419786765921e-07,1.992131751133505e-08,-5.728045744066327e-17,-5.728045726950873e-17,1.7115454069988805e-25
8,gaussian,306,0,307,1,5,0.08188424698718906,0.08188427635694184,6.142020128607761e-08,7.500854134478852e-07,3.627788094703501e-08,3.1973263977400524e-14,3.1973263960185756e-14,1.721476879833535e-23
8,gaussian,307,0,308,2,5,0.08188427635694187,0.08188424698718907,6.142020121668867e-08,7.500854126004825e-07,3.627788094848594e-08,1.581935567807892e-14,1.5819355693200374e-14,1.5121453811128113e-23
8,gaussian,307,2,313,1,5,0.16360024425991335,0.1636002298837758,2.8467294688194755e-08,1.7400520895903113e-07,2.2666432962281906e-08,3.592181192441503e-15,3.592181175962055e-15,1.6479447882751687e-23
8,gaussian,308,0,309,1,5,0.09587426390041844,0.09587428808746436,1.5206144551860312e-07,1.586050322270766e-06,6.671091204474669e-08,2.8275179717614947e-12,2.8275179716412247e-12,1.2026996080193616e-22
8,gaussian,309,0,310,2,5,0.058338613465246755,0.058338661200167084,4.7734920329001174e-08,8.182381862555403e-07,2.0014010152056085e-08,6.26959287770777e-13,6.269592878718304e-13,1.0105335963785025e-22
8,gaussian,309,2,315,1,5,0.1500920254205526,0.1500920141728859,3.034323378670045e-08,2.021641969430406e-07,1.992131749176394e-08,5.004089522259623e-14,5.0040895129865214e-14,9.27310159272879e-23
8,gaussian,311,0,312,1,5,0.060840304355324656,0.06084030075560034,2.4076718826981924e-08,3.9573633107367524e-07,1.027790092379217e-08,3.0135233966041247e-18,3.0135234629560197e-18,6.635189500648408e-26
8,gaussian,311,2,330,1,5,0.09131301544165461,0.09131302776692121,1.232526659900035e-08,1.3497818329341683e-07,6.623342984441004e-09,7.458228422182589e-19,7.458228447393692e-19,2.5211102825299286e-27
8,gaussian,312,0,313,2,5,0.08167412510375804,0.08167413067036187,4.8352989764910426e-08,5.920233171512272e-07,2.0826115011153698e-08,6.491092553298631e-17,6.49109261797641e-17,6.467777870750712e-25
8,gaussian,312,2,316,1,5,0.141580139282551,0.14158014398002391,5.6942646708968425e-09,4.021937335859941e-08,3.296823693633431e-09,9.472665440383644e-18,9.472665465361901e-18,2.497825750983688e-26
8,gaussian,313,0,314,1,5,0.08167413067036189,0.08167412510375803,4.835298982042158e-08,5.920233178308935e-07,2.082611502159045e-08,1.1335054668543082e-14,1.1335054670078811e-14,1.5357291667352987e-24
8,gaussian,314,0,315,2,5,0.06084030075560026,0.0608403043553247,2.4076718722898516e-08,3.957363293629109e-07,1.0277900907282125e-08,-6.626242271809467e-16,-6.6262421587515e-16,1.1305796721446497e-23
8,gaussian,314,2,318,1,5,0.14158013928255106,0.14158014398002383,5.694264504363389e-09,4.021937218235078e-08,3.2968236088863597e-09,1.9593770232499718e-16,1.959377034674854e-16,1.142488217762253e-24
8,gaussian,316,0,317,1,5,0.06308936441704825,0.06308936742346297,8.920357640052057e-09,1.4139240896453452e-07,4.257514704792248e-09,7.541946146010848e-18,7.54194616990897e-18,2.3898122041314654e-26
8,gaussian,316,2,332,1,5,0.07869427162263837,0.07869427570441968,4.081781315723454e-09,5.186884661159935e-08,1.9936224365747763e-09,1.4513344850692566e-19,1.4513345105490175e-19,2.547976090437407e-27
8,gaussian,317,0,318,2,5,0.06308936742346295,0.06308936441704825,8.92035752209086e-09,1.413924070947869e-07,4.257514686545637e-09,-3.908018722525652e-18,-3.908018775129137e-18,5.260348540184838e-26
8,gaussian,317,2,319,1,5,0.12629677984286916,0.12629677742505163,2.741943505579769e-09,2.1710320001754043e-08,2.5382841317574743e-09,3.4016397311333367e-19,3.4016397650500185e-19,3.391668173026875e-27
8,gaussian,319,2,334,1,5,0.06302314291203179,0.0630231423526209,1.1114092979269685e-09,1.763493927109098e-08,5.799790094272701e-10,-7.004605159944604e-20,-7.004605627243833e-20,4.672992290033806e-27
8,gaussian,320,0,321,1,5,0.07093433899563689,0.07093433150055356,9.728301941791528e-09,1.371451694557964e-07,4.74351372157439e-09,5.254605653602659e-19,5.254605645947403e-19,7.655255676428383e-28
8,gaussian,320,2,384,1,5,0.062469601849366195,0.062469601849366244,4.85722573273506e-17,7.775342869076308e-16,2.7132639960347637e-17,5.078242592744857e-27,4.510749938494935e-27,5.674926542499219e-28
8,gaussian,321,0,322,2,5,0.07016013881991913,0.07016017403681547,7.454658083189125e-08,1.0625198961561024e-06,3.113436889612562e-08,-1.647368532782501e-18,-1.6473685336494822e-18,8.669812459972246e-28
8,gaussian,321,2,335,1,5,0.008024879992413431,0.008024924129667434,7.021449351714976e-08,8.749552317581794e-06,3.142956419797021e-08,4.29544355705849e-20,4.295443557187554e-20,1.2906438966378775e-30
8,gaussian,322,0,323,1,5,0.09291057060456888,0.09291058082586881,7.254451581117927e-08,7.807992928936778e-07,4.2298237823176905e-08,1.4118934498252242e-18,1.4118934477308548e-18,2.0943694662074102e-27
8,gaussian,323,0,324,2,5,0.07239527692392887,0.0723953021590036,7.518186249944048e-08,1.038490900063055e-06,3.0245990792870155e-08,-1.137167798671791e-18,-1.1371677988303118e-18,1.5852079001358568e-28
8,gaussian,323,2,337,1,5,0.02786184373360352,0.027861674211998366,1.6952160515268377e-07,6.084364221317763e-06,8.448790889683558e-08,-1.4838510705071614e-21,-1.4838510760086525e-21,5.501491108515054e-30
8,gaussian,324,0,325,1,5,0.11616428343226931,0.11616433944329277,2.1302408172163556e-07,1.8338164943091353e-06,1.0954655539913088e-07,7.887015184089801e-19,7.887015174488879e-19,9.6009225508857e-28
8,gaussian,325,0,326,2,5,0.06333352663439457,0.06333348129397606,4.5340418503014845e-08,7.158991597728556e-07,2.382267381922171e-08,2.0830756067716746e-18,2.0830756065341412e-18,2.375334141330331e-28
8,gaussian,325,2,339,1,5,0.06436501800564033,0.06436480994528333,2.0806035699871828e-07,3.2325067784566746e-06,1.1484005270764508e-07,-3.2451436546383627e-20,-3.2451436538416343e-20,7.967283290438337e-30
8,gaussian,326,0,327,1,5,0.13017932217352288,0.13017938771279708,2.352235448227491e-07,1.8069185064973678e-06,1.052585118733168e-07,-1.1954688515158873e-18,-1.1954688529642382e-18,1.448350933101711e-27
8,gaussian,327,0,328,2,5,0.042824170384371835,0.04282407176322698,1.4851449032377007e-07,3.4680062448557937e-06,8.030997226751042e-08,3.1187237221979977e-18,3.1187237220647965e-18,1.3320116681371e-28
8,gaussian,327,2,341,1,5,0.09963599437521856,0.09963596660198994,7.657856368470384e-08,7.685833233752565e-07,3.199205122763771e-08,8.99548067635583e-23,8.995479247308289e-23,1.4290475418991743e-29
8,gaussian,328,0,329,1,5,0.12531980747941648,0.12531981379408466,5.4354344039553304e-08,4.3372506225443286e-07,2.156589399580142e-08,-1.1264961572151613e-19,-1.126496142867313e-19,1.434784827018193e-27
8,gaussian,329,0,330,2,5,0.02090430846871033,0.02090425426572784,8.269107779415585e-08,3.955695445172379e-06,5.270277945107164e-08,6.814385653409888e-19,6.814385656128654e-19,2.718765969013463e-28
8,gaussian,329,2,343,1,5,0.11285161500223374,0.11285168876953174,1.8596473233545296e-07,1.6478684046566139e-06,9.476286802761331e-08,1.9531864022354048e-20,1.953186402863958e-20,6.285531170344021e-30
8,gaussian,330,0,331,1,5,0.10537850851229416,0.10537849210040742,3.117818285491847e-08,2.958685152701797e-07,1.3421892434774074e-08,7.992443855989059e-19,7.992443869771473e-19,1.3782414016326796e-27
8,gaussian,331,0,332,2,5,0.006892649404799153,0.006892637490594709,1.592156533610639e-08,2.309934018263088e-06,1.1376636521886923e-08,-7.593361779631969e-20,-7.593361785645223e-20,6.013254028162491e-29
8,gaussian,331,2,345,1,5,0.10236099450521605,0.10236102945492655,8.948605348391148e-08,8.742199444498123e-07,3.994303062750251e-08,-1.9007861638208506e-21,-1.900786118425713e-21,4.539513777271042e-29
8,gaussian,332,0,333,1,5,0.08218101797808627,0.08218101103157138,2.0988379104136534e-08,2.553920554955054e-07,8.213756506474943e-09,3.243004201101959e-19,3.243004221168821e-19,2.0066862091818343e-27
8,gaussian,333,0,334,2,5,0.001141809933379867,0.0011418083491788313,1.584201058529855e-09,1.3874472556395334e-06,1.2529538278761474e-09,2.3012057790561836e-20,2.3012057783362108e-20,7.199727985227109e-30
8,gaussian,333,2,347,1,5,0.08218101103157144,0.0821810179780863,2.0988379159647685e-08,2.5539205617097943e-07,8.213756511363362e-09,-1.0865385075255758e-20,-1.0865385055880925e-20,1.9374832671044057e-29
8,gaussian,335,0,336,1,5,0.06921645327987137,0.06921638642962018,6.685025119579358e-08,9.658144563618386e-07,3.9558297007857224e-08,3.2364704994225035e-20,3.236470499009081e-20,4.134225292745945e-30
8,gaussian,335,2,386,1,5,0.06677710937952716,0.06677710937952717,2.7755575615628914e-17,4.156450597147043e-16,1.8794973595304414e-17,3.7001621336626795e-29,4.7425580013140735e-30,3.2259063335312724e-29
8,gaussian,336,0,337,2,5,0.0737974832370121,0.07379756964667905,2.1787459490024697e-07,2.9523275081193884e-06,9.869383339760985e-08,-4.100013137966906e-20,-4.1000131393416036e-20,1.3746974979420127e-29
8,gaussian,336,2,348,1,5,0.015280292576373866,0.015280341888167391,7.158213807248112e-08,4.684590082890229e-06,3.355454439679006e-08,1.730497053057341e-22,1.730497052701136e-22,3.5620488095453417e-32
8,gaussian,337,0,338,1,5,0.09611948124987457,0.09611941504970006,9.466746916930724e-08,9.84893675437213e-07,4.1726800283879184e-08,3.598486277958529e-20,3.5984862780220465e-20,6.351777141899866e-31
8,gaussian,338,0,339,2,5,0.07134804187094491,0.07134808555149413,2.1567684049816904e-07,3.022881957253196e-06,9.180061169510179e-08,-8.599132736181723e-21,-8.599132743215743e-21,7.034019769105816e-30
8,gaussian,338,2,350,1,5,0.039101652021885994,0.03910149348856539,1.5853332060306036e-07,4.054389326423498e-06,8.350454863582496e-08,-6.050786644580924e-25,-6.050786598621563e-25,4.5959360579014715e-33
8,gaussian,339,0,340,1,5,0.12442200480664788,0.12442201448902421,2.971833552717351e-07,2.3885110403669837e-06,1.3078026852805776e-07,1.3366054619816697e-20,1.3366054625526517e-20,5.709819552452529e-30
8,gaussian,340,0,341,2,5,0.053287012425738675,0.053286913936436045,9.848930263012257e-08,1.8482796866755903e-06,5.303775425864356e-08,2.0593953552760835e-20,2.059395355208681e-20,6.740243230213848e-31
8,gaussian,340,2,352,1,5,0.08916648519414108,0.0891663765976194,1.0859652167793943e-07,1.2179073947065826e-06,5.87981112802058e-08,-1.5121027526602986e-23,-1.5121027528417427e-23,1.814440182683496e-33
8,gaussian,341,0,342,1,5,0.13766998982527262,0.13766999053069492,1.410728756590096e-07,1.0247176971190099e-06,5.912816276003148e-08,3.564971206064043e-21,3.5649712056641965e-21,3.998463782627105e-31
8,gaussian,342,0,343,2,5,0.026736439594026024,0.02673636405171628,1.1241134089626931e-07,4.204424470990013e-06,7.076515061803365e-08,7.25570537489083e-21,7.255705375213144e-21,3.2231340398981824e-31
8,gaussian,342,2,354,1,5,0.12534179335143533,0.12534185822447463,1.3873991841495403e-07,1.1068921458503098e-06,7.286571011629056e-08,1.0685929836507697e-23,1.0685929837900017e-23,1.3923201613032126e-33
8,gaussian,343,0,344,1,5,0.12661031163441194,0.12661025124045786,1.1215763431882131e-07,8.858491292769041e-07,5.471337542842784e-08,1.794382413536719e-20,1.7943824130570963e-20,4.7962275999426004e-30
8,gaussian,344,0,345,2,5,0.007383629622075991,0.007383634956413398,1.2571772413892679e-08,1.702653569428278e-06,9.076827356882602e-09,-7.824526834368365e-21,-7.824526833947339e-21,4.210263414362784e-31
8,gaussian,344,2,356,1,5,0.12661025124045783,0.12661031163441203,1.1215763442984361e-07,8.858491301537856e-07,5.47133754549572e-08,-9.948392206007357e-25,-9.948392116305854e-25,8.970150371350843e-33
8,gaussian,345,0,346,1,5,0.10236102945492656,0.10236099450521605,8.94860534561559e-08,8.742199441786584e-07,3.9943030614494615e-08,1.7067443285978915e-20,1.706744328928127e-20,3.302355964454336e-30
8,gaussian,346,0,347,2,5,0.006892649404799195,0.006892637490594722,1.5921565308350816e-08,2.309934014236237e-06,1.1376636486913812e-08,-5.0061485492107714e-21,-5.006148549448353e-21,2.3758151423339417e-31
8,gaussian,346,2,358,1,5,0.10537849210040745,0.10537850851229423,3.117818289655183e-08,2.958685156652635e-07,1.3421892428404287e-08,-6.119937650751345e-23,-6.11993767814802e-23,2.7396675544360555e-31
8,gaussian,348,0,349,1,5,0.057019454657785455,0.05701922386061904,2.3079716641311032e-07,4.047691578221666e-06,1.257736265834805e-07,2.47458870678869e-22,2.474588706920766e-22,1.3207572407195025e-32
8,gaussian,348,2,388,1,5,0.05983831209858221,0.0598383120985822,2.7755575615628914e-17,4.638428899849691e-16,1.8415696707999025e-17,-6.962843996495798e-32,-1.3160385563129828e-31,6.19754156663403e-32
8,gaussian,349,0,350,2,5,0.05942072862479416,0.059420812742032356,3.60121802545077e-07,6.060533101566591e-06,1.7113080130333726e-07,-4.682790021405823e-23,-4.6827900211325525e-23,2.7327069821870964e-33
8,gaussian,349,2,359,1,5,0.014013910737036587,0.014013880729408611,8.182551055127552e-08,5.83887767566718e-06,3.4812463428187536e-08,-5.780242274589046e-26,-5.780242275639068e-26,1.050021808309028e-35
8,gaussian,350,0,351,1,5,0.08545796732234276,0.08545770644306837,2.608792743913346e-07,3.052720332175844e-06,1.1220449180393812e-07,7.634071674764721e-23,7.634071674785437e-23,2.0715736944541173e-34
8,gaussian,351,0,352,2,5,0.04539900592320764,0.0453989434723948,2.753344559868788e-07,6.064768388378518e-06,1.1417827271787384e-07,2.4694689400863866e-23,2.4694689400659535e-23,2.0433030553168413e-34
8,gaussian,351,2,361,1,5,0.06156701055123809,0.06156715934807574,1.4879683764984497e-07,2.4168215526821374e-06,6.32751926922595e-08,7.881721036300884e-27,7.881721036873175e-27,5.722915483936793e-37
8,gaussian,352,0,353,1,5,0.11472797044251984,0.11472788565601284,1.1145257906852724e-07,9.714508034844597e-07,5.190186641597262e-08,1.405158905436224e-23,1.4051589054786363e-23,4.2412423924843544e-34
8,gaussian,353,0,354,2,5,0.01962810051753365,0.019628045918504516,5.5066777646453624e-08,2.805507216414693e-06,4.6450634882148186e-08,5.8232944859768685e-24,5.8232944857712466e-24,2.056218799496501e-34
8,gaussian,353,2,363,1,5,0.11472788565601287,0.11472797044251988,1.1145257905464945e-07,9.714508033634967e-07,5.190186640370207e-08,1.1416557846089844e-28,1.1416557539107851e-28,3.0698199271166383e-36
8,gaussian,354,0,355,1,5,0.12534185822447447,0.12534179335143528,1.387399183455651e-07,1.1068921452967139e-06,7.28657101015694e-08,1.155006173273978e-23,1.155006174094928e-23,8.209499731877249e-33
8,gaussian,355,0,356,2,5,0.026736439594025968,0.02673636405171631,1.1241134090255768e-07,4.20442447122522e-06,7.076515061640951e-08,-3.423921488239931e-23,-3.423921488264759e-23,2.4828203930892946e-34
8,gaussian,355,2,365,1,5,0.137669990530695,0.13766998982527262,1.410728755618651e-07,1.0247176964133762e-06,5.912816273877465e-08,-7.145576349103475e-27,-7.145576346921287e-27,2.1821878850580498e-36
8,gaussian,356,0,357,1,5,0.1128516887695317,0.1128516150022337,1.8596473225218624e-07,1.6478684039187724e-06,9.476286799890795e-08,5.982441376943756e-23,5.982441375431221e-23,1.5125356175731062e-32
8,gaussian,357,0,358,2,5,0.02090430846871029,0.02090425426572785,8.269107788783092e-08,3.955695449653524e-06,5.270277947304431e-08,-8.895871002178014e-23,-8.895871002345122e-23,1.671082769128964e-33
8,gaussian,357,2,367,1,5,0.1253198137940847,0.1253198074794165,5.435434394240879e-08,4.3372506147925996e-07,2.156589395823836e-08,-4.961724066847308e-27,-4.961724031494092e-27,3.535321645000218e-35
8,gaussian,359,0,360,1,5,0.03468500986003528,0.03468470699276862,3.028672666618992e-07,8.731935435049956e-06,1.4563343329256245e-07,6.645976773598882e-26,6.645976773703148e-26,1.042665785066773e-36
8,gaussian,359,2,390,1,5,0.03536788838508288,0.035367888385082896,1.3877787807814457e-17,3.923838386028069e-16,8.128028055360444e-18,1.0534524476379588e-34,8.706354787006417e-35,1.8281696893731707e-35
8,gaussian,360,0,361,2,5,0.021368345663211056,0.021368178149416064,1.6751379499149732e-07,7.83934318695988e-06,8.438775782732774e-08,4.156300821313058e-26,4.1563008213213495e-26,8.291597359364632e-38
8,gaussian,360,2,368,1,5,0.034684706992768606,0.03468500986003529,3.028672666827159e-07,8.731935435650118e-06,1.4563343329987465e-07,-3.739823014487486e-29,-3.739823014557864e-29,7.037825355286388e-40
8,gaussian,361,0,362,1,5,0.0615671593480757,0.06156701055123808,1.487968376220894e-07,2.416821552231321e-06,6.32751926792921e-08,3.18183669746739e-27,3.1818366973422013e-27,1.2518864168646478e-37
8,gaussian,362,0,363,2,5,0.04539900592320765,0.04539894347239482,2.753344560410889e-07,6.064768389572599e-06,1.1417827273915267e-07,5.8732517266837984e-27,5.873251726692344e-27,8.545723396389323e-39
8,gaussian,362,2,370,1,5,0.08545770644306842,0.08545796732234279,2.6087927436357905e-07,3.052720331851057e-06,1.1220449181081421e-07,7.463556859752101e-31,7.463556858631999e-31,1.1201016531118364e-40
8,gaussian,363,0,364,1,5,0.08916637659761933,0.08916648519414103,1.0859652169181722e-07,1.2179073948622223e-06,5.879811129643702e-08,-2.4583484470906603e-27,-2.458348446911823e-27,1.788374318658544e-37
8,gaussian,364,0,365,2,5,0.05328701242573869,0.053286913936436094,9.84893025954281e-08,1.8482796860245031e-06,5.303775426931932e-08,-9.775535626431385e-28,-9.775535627001181e-28,5.697962057715114e-38
8,gaussian,364,2,372,1,5,0.12442201448902426,0.12442200480664789,2.971833552023462e-07,2.388511039809292e-06,1.3078026849022138e-07,-5.967847788762631e-31,-5.967847785738909e-31,3.0237218263200903e-40
8,gaussian,365,0,366,1,5,0.09963596660199,0.09963599437521854,7.657856367082605e-08,7.685833232359717e-07,3.199205119658728e-08,-9.71793104186472e-27,-9.717931039687711e-27,2.1770092240325156e-36
8,gaussian,366,0,367,2,5,0.042824170384371876,0.042824071763227,1.48514490393159e-07,3.4680062464761122e-06,8.03099722925497e-08,-3.3122853744530747e-26,-3.3122853744943674e-26,4.129268290373877e-37
8,gaussian,366,2,374,1,5,0.1301793877127972,0.13017932217352285,2.3522354478111573e-07,1.806918506177551e-06,1.0525851187705557e-07,1.4248430555835846e-29,1.4248430549005435e-29,6.830410761790886e-39
8,gaussian,368,0,369,1,5,0.01401388072940863,0.01401391073703658,8.182551056341858e-08,5.838877676533683e-06,3.481246342977336e-08,5.778021415048143e-31,5.7780214151494245e-31,1.0128147394369676e-41
8,gaussian,368,2,392,1,5,0.0353678883850829,0.03536788838508289,1.3877787807814457e-17,3.9238383860280686e-16,9.224912045388103e-18,-8.750277909866392e-39,-8.697293645673383e-39,5.298426419300869e-41
8,gaussian,369,0,370,2,5,0.05942072862479416,0.0594208127420324,3.601218025485464e-07,6.060533101624974e-06,1.7113080130587164e-07,2.4043065872621373e-30,2.404306587288258e-30,2.6120904024246753e-41
8,gaussian,369,2,375,1,5,0.057019223860619056,0.05701945465778548,2.307971664269881e-07,4.047691578465051e-06,1.257736265916926e-07,-7.215532797856181e-34,-7.215532798959944e-34,1.103762875658525e-43
8,gaussian,370,0,371,1,5,0.03910149348856537,0.03910165202188599,1.5853332061693814e-07,4.054389326778414e-06,8.350454864542875e-08,-1.2553450065854643e-31,-1.2553450065710677e-31,1.439659009785709e-42
8,gaussian,371,0,372,2,5,0.07134804187094498,0.07134808555149423,2.1567684041490232e-07,3.0228819560861425e-06,9.180061168711194e-08,1.681704371447407e-31,1.68170437136022e-31,8.718703882720971e-42
8,gaussian,371,2,377,1,5,0.09611941504970009,0.09611948124987457,9.466746915542945e-08,9.848936752928323e-07,4.172680027697166e-08,1.7829824026480475e-36,1.78298240389188e-36,1.2438325314297354e-45
8,gaussian,372,0,373,1,5,0.06436480994528326,0.06436501800564032,2.0806035705422943e-07,3.232506779319118e-06,1.1484005271947256e-07,-1.3965456491584534e-30,-1.396545649063025e-30,9.542842542052004e-41
8,gaussian,373,0,374,2,5,0.06333352663439448,0.06333348129397612,4.534041836423697e-08,7.158991575816336e-07,2.3822673779978586e-08,-2.5644376342245304e-31,-2.564437634397422e-31,1.7289176662262583e-41
8,gaussian,373,2,379,1,5,0.11616433944329274,0.11616428343226944,2.1302408162449105e-07,1.833816493472868e-06,1.0954655536877335e-07,2.7968068997714256e-34,2.7968069038111884e-34,4.039762836518281e-43
8,gaussian,375,0,376,1,5,0.015280341888167397,0.015280292576373875,7.15821380638075e-08,4.684590082322595e-06,3.355454439757619e-08,-1.4328744138498715e-35,-1.432874413862716e-35,1.2844505367290065e-46
8,gaussian,375,2,394,1,5,0.05983831209858222,0.0598383120985822,4.163336342344337e-17,6.957643349774535e-16,3.059264087868098e-17,-2.0760510803179325e-43,-1.316640771467686e-43,7.594103088502465e-44
8,gaussian,376,0,377,2,5,0.07379748323701213,0.0737975696466791,2.178745948724914e-07,2.952327507743282e-06,9.869383340430828e-08,4.032626369154237e-35,4.0326263690540526e-35,1.001843087342698e-45
8,gaussian,376,2,380,1,5,0.06921638642962019,0.0692164532798714,6.685025120967136e-08,9.658144565623368e-07,3.955829702309114e-08,2.2394304438543628e-38,2.2394304466668147e-38,2.81245190283864e-47
8,gaussian,377,0,378,1,5,0.027861674211998325,0.027861843733603505,1.6952160518043935e-07,6.0843642223139525e-06,8.448790891340271e-08,-3.1576617985748193e-35,-3.1576617986221545e-35,4.73351975686748e-46
8,gaussian,378,0,379,2,5,0.07239527692392884,0.07239530215900368,7.518186244392933e-08,1.0384908992962754e-06,3.024599078653531e-08,1.4565142273479354e-35,1.4565142274280194e-35,8.008404900849246e-46
8,gaussian,378,2,382,1,5,0.09291058082586885,0.09291057060456892,7.254451575566812e-08,7.807992922962089e-07,4.2298237801404486e-08,-2.1243227119455128e-38,-2.1243227150486015e-38,3.1030887028311156e-47
8,gaussian,380,0,381,1,5,0.00802492412966746,0.008024879992413435,7.021449352495601e-08,8.749552318554516e-06,3.1429564202904053e-08,-2.405324333819837e-39,-2.405324333847736e-39,2.789893925292769e-50
8,gaussian,380,2,396,1,5,0.0667771093795272,0.0667771093795272,4.163336342344337e-17,6.234675895720562e-16,2.832098555665641e-17,-8.991833394505886e-47,-9.311442232055935e-47,3.1960883755004934e-48
8,gaussian,381,0,382,2,5,0.07016013881991909,0.07016017403681551,7.454658074862452e-08,1.0625198949692928e-06,3.1134368874937075e-08,2.5054855618881732e-39,2.505485562033685e-39,1.455116795145799e-49
8,gaussian,381,2,383,1,5,0.07093433150055357,0.07093433899563693,9.728301914035953e-09,1.3714516906451086e-07,4.743513709662583e-09,4.4471334312716885e-43,4.447133327896687e-43,1.0337500129110571e-50
8,gaussian,383,2,398,1,5,0.062469601849366244,0.06246960184936621,6.938893903907228e-17,1.1107632670109012e-15,4.7606261803891005e-17,-2.4925622733220194e-51,-3.35352890123534e-51,8.609666279133207e-52
8,gaussian,384,0,385,1,5,0.07093433899563692,0.07093433150055357,9.728302004241574e-09,1.3714517033618863e-07,4.743513746079736e-09,-5.254605621301699e-19,-5.25460562020686e-19,1.0948391732756451e-28
8,gaussian,384,2,448,1,5,0.008480334017751737,0.008480334479588467,1.1114093260078048e-09,1.3105725118306173e-07,5.799790181572513e-10,-7.004604689288548e-20,-7.004604706952477e-20,1.7663928892902456e-28
8,gaussian,385,0,386,2,5,0.008024879992413442,0.008024924129667427,7.021449351021086e-08,8.749552316717134e-06,3.142956419501401e-08,-4.2954435434780055e-20,-4.295443543449156e-20,2.884922686070555e-31
8,gaussian,385,2,399,1,5,0.07016013881991912,0.07016017403681549,7.454658069311337e-08,1.0625198941780871e-06,3.1134368866074325e-08,1.647368531318696e-18,1.6473685311138414e-18,2.0485462002265936e-28
8,gaussian,386,0,387,1,5,0.06921645327987137,0.06921638642962011,6.685025126518251e-08,9.658144573643306e-07,3.955829701103928e-08,-3.236470507471628e-20,-3.2364705070755984e-20,3.960295763174549e-30
8,gaussian,387,0,388,2,5,0.015280292576373838,0.015280341888167393,7.15821380729148e-08,4.68459008291861e-06,3.3554544399765874e-08,-1.7304970615753797e-22,-1.7304970613448215e-22,2.3055817058610117e-32
8,gaussian,387,2,401,1,5,0.07379748323701214,0.07379756964667905,2.178745948655525e-07,2.952327507649258e-06,9.869383339617649e-08,4.1000131305882075e-20,4.1000131307593053e-20,1.7109781070003917e-30
8,gaussian,388,0,389,1,5,0.05701945465778548,0.057019223860619014,2.3079716646862147e-07,4.047691579195212e-06,1.2577362659906171e-07,-2.4745887073404973e-22,-2.474588707248089e-22,9.2408432104582e-33
8,gaussian,389,0,390,2,5,0.014013910737036554,0.014013880729408608,8.18255105651533e-08,5.83887767665748e-06,3.4812463425741755e-08,5.780242260393811e-26,5.780242261221545e-26,8.277339898586103e-36
8,gaussian,389,2,403,1,5,0.05942072862479414,0.05942081274203237,3.601218025242603e-07,6.060533101216263e-06,1.7113080130595435e-07,4.6827900256584056e-23,4.682790024220708e-23,1.4376977697280053e-32
8,gaussian,390,0,391,1,5,0.03468500986003528,0.0346847069927686,3.028672666827159e-07,8.73193543565012e-06,1.4563343329906425e-07,-6.645976774140984e-26,-6.645976774373794e-26,2.3280987042271957e-36
8,gaussian,391,0,392,2,5,0.03468470699276859,0.034685009860035275,3.028672666827159e-07,8.731935435650122e-06,1.4563343329612153e-07,3.739823014606954e-29,3.739823014391311e-29,2.1564301807801745e-39
8,gaussian,391,2,405,1,5,0.021368345663211056,0.02136817814941606,1.6751379499496677e-07,7.839343187122245e-06,8.438775782988729e-08,-4.1563008214825173e-26,-4.156300821462627e-26,1.989042052411892e-37
8,gaussian,392,0,393,1,5,0.01401388072940862,0.01401391073703659,8.182551055127552e-08,5.838877675667178e-06,3.481246342879231e-08,-5.778021413952263e-31,-5.778021414122437e-31,1.70174561319146e-41
8,gaussian,393,0,394,2,5,0.05701922386061906,0.05701945465778547,2.3079716640617143e-07,4.047691578099971e-06,1.257736265710633e-07,7.215532795105257e-34,7.215532797335012e-34,2.2297546008579446e-43
8,gaussian,393,2,407,1,5,0.05942072862479421,0.05942081274203238,3.60121802545077e-07,6.060533101566588e-06,1.7113080130317984e-07,-2.404306587205471e-30,-2.404306587202806e-30,2.664919354529721e-42
8,gaussian,394,0,395,1,5,0.015280341888167383,0.015280292576373864,7.158213814490583e-08,4.684590087629962e-06,3.355454441274163e-08,1.432874416326636e-35,1.4328744163356875e-35,9.05158496719823e-47
8,gaussian,395,0,396,2,5,0.06921638642962011,0.06921645327987141,6.685025130681588e-08,9.658144579658253e-07,3.9558297017739154e-08,-2.2394304455543635e-38,-2.239430444525984e-38,1.0283796317668484e-47
8,gaussian,395,2,409,1,5,0.07379748323701217,0.07379756964667901,2.1787459487943028e-07,2.9523275078373116e-06,9.869383340017623e-08,-4.0326263691183396e-35,-4.0326263691281224e-35,9.782853391879455e-47
8,gaussian,396,0,397,1,5,0.008024924129667432,0.008024879992413442,7.021449352322129e-08,8.74955231833838e-06,3.1429564200648696e-08,2.405324333485227e-39,2.4053243334891624e-39,3.93541112464991e-51
8,gaussian,397,0,398,2,5,0.07093433150055353,0.07093433899563693,9.728301948730422e-09,1.371451695536177e-07,4.743513748743058e-09,-4.447133266095e-43,-4.447133171873694e-43,9.422130545787091e-51
8,gaussian,397,2,411,1,5,0.0701601388199192,0.07016017403681551,7.454658079025789e-08,1.0625198955626974e-06,3.113436889048596e-08,-2.505485560389875e-39,-2.5054855599578988e-39,4.319761345771725e-49
8,gaussian,399,0,400,1,5,0.09291057060456889,0.09291058082586888,7.254451582505705e-08,7.807992930430444e-07,4.2298237840216786e-08,-1.4118934451922235e-18,-1.4118934455416895e-18,3.4946595879189155e-28
8,gaussian,399,2,450,1,5,0.02453402580953265,0.02453402552332265,4.081781333070689e-09,1.6637226049891577e-07,1.9936224550176813e-09,1.451334665557975e-19,1.45133467066017e-19,5.1021947939000535e-28
8,gaussian,400,0,401,2,5,0.027861843733603432,0.027861674211998366,1.695216050659476e-07,6.084364218204701e-06,8.448790887525928e-08,1.4838511779536856e-21,1.4838511748110253e-21,3.142660260878177e-30
8,gaussian,400,2,412,1,5,0.07239527692392887,0.07239530215900367,7.518186250637937e-08,1.0384909001589014e-06,3.0245990814047746e-08,1.137167798538184e-18,1.1371677988780645e-18,3.3988041286568183e-28
8,gaussian,401,0,402,1,5,0.09611948124987456,0.09611941504970004,9.466746919706281e-08,9.848936757259743e-07,4.1726800301492076e-08,-3.5984862767254713e-20,-3.5984862761453427e-20,5.801286178483232e-30
8,gaussian,402,0,403,2,5,0.039101652021885966,0.03910149348856539,1.5853332057530478e-07,4.054389325713669e-06,8.350454863647568e-08,6.0507852191372125e-25,6.050785371497737e-25,1.5236052478747997e-32
8,gaussian,402,2,414,1,5,0.071348041870945,0.07134808555149418,2.1567684039408563e-07,3.0228819557943824e-06,9.180061168206948e-08,8.5991326982485e-21,8.599132693430477e-21,4.818023710235095e-30
8,gaussian,403,0,404,1,5,0.08545796732234279,0.08545770644306841,2.6087927437745684e-07,3.05272033201345e-06,1.122044918089965e-07,-7.634071673827337e-23,-7.634071673552508e-23,2.748294037279e-33
8,gaussian,404,0,405,2,5,0.06156701055123805,0.06156715934807575,1.4879683770535612e-07,2.4168215535837726e-06,6.327519269993003e-08,-7.881721021596454e-27,-7.881721019954914e-27,1.6415394048093083e-36
8,gaussian,404,2,416,1,5,0.04539900592320765,0.0453989434723948,2.7533445600856285e-07,6.06476838885615e-06,1.1417827273102698e-07,-2.469468940500569e-23,-2.469468940517595e-23,1.7025860177310012e-34
8,gaussian,405,0,406,1,5,0.061567159348075724,0.061567010551238074,1.4879683764984497e-07,2.416821552682138e-06,6.327519268475729e-08,-3.1818366983286265e-27,-3.1818366979511923e-27,3.774342034343585e-37
8,gaussian,406,0,407,2,5,0.08545770644306838,0.08545796732234284,2.6087927446072356e-07,3.052720332987807e-06,1.1220449182894977e-07,-7.463556862808142e-31,-7.463556863686271e-31,8.781289375383878e-41
8,gaussian,406,2,418,1,5,0.04539900592320769,0.04539894347239481,2.753344560237417e-07,6.064768389190487e-06,1.1417827274708531e-07,-5.873251725973551e-27,-5.8732517259683424e-27,5.208794547711064e-39
8,gaussian,407,0,408,1,5,0.03910149348856537,0.039101652021885966,1.5853332059612146e-07,4.054389326246043e-06,8.350454862878768e-08,1.2553450064810229e-31,1.2553450064903905e-31,9.367680234011402e-43
8,gaussian,408,0,409,2,5,0.09611941504970004,0.09611948124987461,9.466746919706281e-08,9.848936757259736e-07,4.1726800320176015e-08,-1.7829824118260195e-36,-1.782982409151555e-36,2.6744645884478143e-45
8,gaussian,408,2,420,1,5,0.07134804187094505,0.0713480855514942,2.156768404287801e-07,3.0228819562806517e-06,9.180061169160028e-08,-1.6817043715519802e-31,-1.6817043715072056e-31,4.4774551275568616e-42
8,gaussian,409,0,410,1,5,0.02786167421199834,0.02786184373360352,1.6952160518043935e-07,6.084364222313949e-06,8.448790890721308e-08,3.157661798550101e-35,3.1576617985890336e-35,3.893255987308696e-46
8,gaussian,410,0,411,2,5,0.09291058082586887,0.09291057060456893,7.254451582505705e-08,7.807992930430445e-07,4.22982378402825e-08,2.1243227125963396e-38,2.1243227129429129e-38,3.4657327596523123e-48
8,gaussian,410,2,422,1,5,0.0723952769239289,0.07239530215900367,7.518186249944048e-08,1.038490900063054e-06,3.0245990807762966e-08,-1.4565142277642174e-35,-1.456514227671479e-35,9.273852080489497e-46
8,gaussian,412,0,413,1,5,0.11616428343226931,0.11616433944329274,2.1302408169387999e-07,1.8338164940702021e-06,1.0954655538645559e-07,-7.887015121616191e-19,-7.887015112458417e-19,9.157773774401974e-28
8,gaussian,412,2,452,1,5,0.04884642408944733,0.04884641733158028,1.2325266605939245e-08,2.523268967114006e-07,6.6233429999640666e-09,7.45822828884701e-19,7.458228298472717e-19,9.625706380375046e-28
8,gaussian,413,0,414,2,5,0.06436501800564028,0.06436480994528337,2.0806035690157376e-07,3.232506776947402e-06,1.14840052686736e-07,3.2451436600775523e-20,3.24514366155063e-20,1.4730776106199584e-29
8,gaussian,413,2,423,1,5,0.06333352663439454,0.06333348129397606,4.534041847525927e-08,7.158991593346114e-07,2.382267381695697e-08,-2.083075605546712e-18,-2.0830756058505535e-18,3.038416413743301e-28
8,gaussian,414,0,415,1,5,0.12442200480664792,0.12442201448902417,2.971833552717351e-07,2.3885110403669845e-06,1.307802685235345e-07,-1.3366054639684002e-20,-1.3366054637076425e-20,2.6075767370166407e-30
8,gaussian,415,0,416,2,5,0.08916648519414092,0.08916637659761945,1.0859652146977261e-07,1.2179073923719988e-06,5.8798111271982075e-08,1.5121027571576992e-23,1.5121027566080545e-23,5.496447015235901e-33
8,gaussian,415,2,425,1,5,0.05328701242573861,0.05328691393643607,9.848930253991695e-08,1.8482796849827667e-06,5.303775425648462e-08,-2.0593953511912878e-20,-2.0593953512022355e-20,1.0947708027626194e-31
8,gaussian,416,0,417,1,5,0.11472797044251985,0.11472788565601283,1.1145257905464945e-07,9.71450803363497e-07,5.190186642017968e-08,-1.4051589056741848e-23,-1.405158905807795e-23,1.3361021439751367e-33
8,gaussian,417,0,418,2,5,0.11472788565601282,0.1147279704425199,1.1145257901301608e-07,9.714508030006089e-07,5.190186641814047e-08,-1.14165574621322e-28,-1.1416557285447592e-28,1.7668460694576324e-36
8,gaussian,417,2,427,1,5,0.019628100517533626,0.019628045918504523,5.5066777646453624e-08,2.8055072164146963e-06,4.645063490026723e-08,-5.823294482817165e-24,-5.823294482766685e-24,5.047940084415535e-35
8,gaussian,418,0,419,1,5,0.08916637659761936,0.089166485194141,1.0859652163630606e-07,1.2179073942396664e-06,5.879811128119892e-08,2.4583484458510924e-27,2.4583484458882065e-27,3.71140960820688e-38
8,gaussian,419,0,420,2,5,0.12442201448902415,0.12442200480664793,2.971833552856129e-07,2.3885110404785227e-06,1.3078026854071571e-07,5.967847804344345e-31,5.9678478051442245e-31,7.998795554789498e-41
8,gaussian,419,2,429,1,5,0.05328701242573865,0.05328691393643605,9.84893025954281e-08,1.8482796860245044e-06,5.3037754272488013e-08,9.775535633524217e-28,9.775535633290322e-28,2.338953229394182e-38
8,gaussian,420,0,421,1,5,0.06436480994528326,0.06436501800564035,2.08060357081985e-07,3.2325067797503383e-06,1.1484005273601146e-07,1.3965456494541468e-30,1.3965456493757718e-30,7.83749734343031e-41
8,gaussian,421,0,422,2,5,0.11616433944329271,0.11616428343226955,2.1302408162449105e-07,1.8338164934728683e-06,1.0954655536585695e-07,-2.796806850510622e-34,-2.7968068514525206e-34,9.418985342459271e-44
8,gaussian,421,2,431,1,5,0.06333352663439457,0.06333348129397606,4.5340418503014845e-08,7.158991597728556e-07,2.3822673822582603e-08,2.564437637723378e-31,2.5644376377903747e-31,6.69965174851396e-42
8,gaussian,423,0,424,1,5,0.13017932217352285,0.13017938771279702,2.3522354485050467e-07,1.806918506710579e-06,1.0525851188969599e-07,1.1954688472969816e-18,1.1954688469360717e-18,3.609098345214405e-28
8,gaussian,423,2,454,1,5,0.07552351952001549,0.0755234987523757,2.356452840496237e-08,3.120157608480789e-07,1.4031159353750199e-08,6.530032656314276e-19,6.530032664415246e-19,8.100969791598032e-28
8,gaussian,424,0,425,2,5,0.09963599437521853,0.09963596660198999,7.65785637263372e-08,7.685833237931114e-07,3.199205121153813e-08,-8.99548453963528e-23,-8.995485110687953e-23,5.710526729853983e-30
8,gaussian,424,2,432,1,5,0.04282417038437187,0.04282407176322699,1.4851449033764785e-07,3.4680062451798554e-06,8.030997227707271e-08,-3.1187237225131946e-18,-3.118723722435779e-18,7.741545041656709e-29
8,gaussian,425,0,426,1,5,0.1376699898252726,0.1376699905306949,1.410728756590096e-07,1.02471769711901e-06,5.9128162771292e-08,-3.564971194906822e-21,-3.564971193806453e-21,1.1003695412962638e-30
8,gaussian,426,0,427,2,5,0.12534179335143517,0.1253418582244747,1.3873991835944288e-07,1.1068921454074312e-06,7.28657101101889e-08,-1.0685929746143537e-23,-1.0685929744049835e-23,2.093702375608347e-33
8,gaussian,426,2,434,1,5,0.026736439594025933,0.026736364051716286,1.1241134099644959e-07,4.204424474736984e-06,7.07651506432469e-08,-7.255705330641365e-21,-7.25570533106347e-21,4.2210516313168905e-31
8,gaussian,427,0,428,1,5,0.12534185822447452,0.1253417933514353,1.3873991831780952e-07,1.1068921450752743e-06,7.286571008492686e-08,-1.1550061753647343e-23,-1.1550061758268346e-23,4.621003474932757e-33
8,gaussian,428,0,429,2,5,0.13766999053069487,0.1376699898252727,1.410728756590096e-07,1.0247176971190103e-06,5.9128162771839044e-08,7.145576381997602e-27,7.145576382987342e-27,9.897398406872207e-37
8,gaussian,428,2,436,1,5,0.02673643959402597,0.026736364051716303,1.1241134095785199e-07,4.204424473293345e-06,7.076515063671922e-08,3.4239214884932527e-23,3.4239214884839616e-23,9.29110734889936e-35
8,gaussian,429,0,430,1,5,0.09963596660199,0.09963599437521853,7.657856365694826e-08,7.685833230966869e-07,3.1992051189283024e-08,9.717931036663891e-27,9.717931033874867e-27,2.7890239293034085e-36
8,gaussian,430,0,431,2,5,0.13017938771279702,0.130179322173523,2.3522354483662689e-07,1.8069185066039737e-06,1.0525851188086412e-07,-1.4248430379189243e-29,-1.424843035170886e-29,2.748038213720226e-38
8,gaussian,430,2,438,1,5,0.04282417038437191,0.042824071763227,1.4851449031336172e-07,3.4680062446127393e-06,8.030997227040669e-08,3.312285372401505e-26,3.312285372291085e-26,1.104195567492627e-36
8,gaussian,432,0,433,1,5,0.1253198074794165,0.12531981379408474,5.435434406730888e-08,4.3372506247591053e-07,2.1565894012416188e-08,1.12649621925902e-19,1.1264962273088012e-19,8.049781221829893e-28
8,gaussian,432,2,456,1,5,0.09200793094762254,0.09200790738309414,2.3564528398023477e-08,2.5611409967949483e-07,1.4031159339140497e-08,-6.530032828260294e-19,-6.530032831881824e-19,3.6215302230054246e-28
8,gaussian,433,0,434,2,5,0.1128516150022337,0.11285168876953175,1.8596473227994181e-07,1.647868404164719e-06,9.47628679922966e-08,-1.9531863965779934e-20,-1.953186394995849e-20,1.5821442270768228e-29
8,gaussian,433,2,439,1,5,0.020904308468710296,0.020904254265727843,8.269107778721696e-08,3.95569544484045e-06,5.2702779456242066e-08,-6.814385600067726e-19,-6.814385597928141e-19,2.1395849086977782e-28
8,gaussian,434,0,435,1,5,0.12661031163441194,0.1266102512404578,1.1215763426331016e-07,8.858491288384632e-07,5.471337544071572e-08,-1.7943824152307135e-20,-1.7943824156437403e-20,4.130268108563337e-30
8,gaussian,435,0,436,2,5,0.12661025124045774,0.126610311634412,1.1215763438821025e-07,8.85849129824955e-07,5.47133754640385e-08,9.948389437236914e-25,9.948389592506905e-25,1.5526999085520022e-32
8,gaussian,435,2,441,1,5,0.007383629622075933,0.0073836349564133895,1.2571772393943359e-08,1.7026535667264507e-06,9.076827339501435e-09,7.82452681555121e-21,7.824526815961777e-21,4.105676390585943e-31
8,gaussian,436,0,437,1,5,0.11285168876953176,0.11285161500223366,1.8596473223830845e-07,1.6478684037957976e-06,9.476286800116984e-08,-5.982441392036583e-23,-5.98244139322914e-23,1.192556651324473e-32
8,gaussian,437,0,438,2,5,0.12531981379408463,0.12531980747941648,5.435434401179773e-08,4.33725062032955e-07,2.1565893993199982e-08,4.961724268999936e-27,4.961724485724647e-27,2.167247110790921e-34
8,gaussian,437,2,443,1,5,0.02090430846871033,0.020904254265727857,8.269107781670726e-08,3.955695446251171e-06,5.27027794573035e-08,8.895870992044117e-23,8.895870992061912e-23,1.7794633482747788e-34
8,gaussian,439,0,440,1,5,0.10537850851229418,0.1053784921004074,3.117818282716289e-08,2.958685150067903e-07,1.342189244286078e-08,-7.9924438416446e-19,-7.992443847232306e-19,5.5877063254405205e-28
8,gaussian,439,2,458,1,5,0.09131302776692121,0.09131301544165459,1.2325266626755926e-08,1.3497818359737756e-07,6.623343006156034e-09,-7.458228634009794e-19,-7.458228671206519e-19,3.719672531483487e-27
8,gaussian,440,0,441,2,5,0.10236099450521602,0.10236102945492663,8.94860534561559e-08,8.742199441786577e-07,3.99430306127148e-08,1.9007862338633778e-21,1.9007862617349424e-21,2.787156463562383e-29
8,gaussian,440,2,444,1,5,0.006892649404799144,0.006892637490594714,1.5921565349116817e-08,2.3099340201506713e-06,1.1376636515789134e-08,7.593362092615575e-20,7.593362103144212e-20,1.0528637708789684e-28
8,gaussian,441,0,442,1,5,0.10236102945492655,0.10236099450521595,8.948605347003369e-08,8.742199443142353e-07,3.9943030614379386e-08,-1.7067443374349858e-20,-1.7067443381017112e-20,6.66725349458711e-30
8,gaussian,442,0,443,2,5,0.1053784921004074,0.10537850851229424,3.117818284104068e-08,2.9586851513848483e-07,1.3421892432810402e-08,6.119937595683659e-23,6.119937631390819e-23,3.5707159644928245e-31
8,gaussian,442,2,446,1,5,0.006892649404799172,0.006892637490594707,1.5921565349116817e-08,2.3099340201506616e-06,1.1376636510736564e-08,5.006148618035436e-21,5.006148618113449e-21,7.801295212622e-32
8,gaussian,444,0,445,1,5,0.0821810179780863,0.08218101103157135,2.0988379104136534e-08,2.553920554955053e-07,8.213756514857608e-09,-3.243004259771067e-19,-3.243004254494098e-19,5.276969084493306e-28
8,gaussian,444,2,460,1,5,0.07869427570441974,0.07869427162263835,4.081781385112393e-09,5.186884749335263e-08,1.993622475536578e-09,-1.4513347209555701e-19,-1.4513346966775635e-19,2.4278006619130684e-27
8,gaussian,445,0,446,2,5,0.08218101103157133,0.08218101797808637,2.0988379173525473e-08,2.5539205633984773e-07,8.213756524635497e-09,1.0865385645001976e-20,1.086538561456761e-20,3.0434366510699004e-29
8,gaussian,445,2,447,1,5,0.0011418099333798302,0.0011418083491788345,1.5842010184143746e-09,1.38744722050634e-06,1.252953833437706e-09,-2.3012057510343524e-20,-2.3012057499937493e-20,1.040603120297067e-29
8,gaussian,447,2,462,1,5,0.06302314235262091,0.0630231429120318,1.1114093534381198e-09,1.76349401518968e-08,5.799790512141699e-10,7.0046052648823e-20,7.004605039957433e-20,2.249248671770962e-27
8,gaussian,448,0,449,1,5,0.06979253064645809,0.06979252156717368,1.1312502934401891e-08,1.62087587734949e-07,5.8424280443045375e-09,-1.7411727974779223e-17,-1.7411727946224893e-17,2.855433039355092e-26
8,gaussian,449,0,450,2,5,0.08397190770133375,0.0839718584752194,4.922611435143054e-08,5.862212220605376e-07,2.3596860428628752e-08,-1.625039878892889e-16,-1.6250398780266692e-16,8.662198103344117e-26
8,gaussian,449,2,463,1,5,0.021065906539223384,0.021065852981021774,5.355820160979352e-08,2.54241143195388e-06,2.301683138069659e-08,1.0687050148898064e-16,1.0687050147064756e-16,1.8333078133529738e-26
8,gaussian,450,0,451,1,5,0.06955566339403493,0.0695556080461085,5.5347926436466466e-08,7.957357278431635e-07,2.9884476793394114e-08,-1.0148362831758249e-16,-1.0148362825197822e-16,6.560427365397624e-26
8,gaussian,451,0,452,2,5,0.10263775275534195,0.10263771235138673,4.0403955223200505e-08,3.9365588332308466e-07,2.0328780284964762e-08,-2.1617220130407168e-16,-2.1617220136728554e-16,6.32138648737852e-26
8,gaussian,451,2,465,1,5,0.04264644474858783,0.042646316360046406,1.2838854142327438e-07,3.01053328548626e-06,5.876271181169704e-08,1.1298967102047673e-16,1.1298967085016047e-16,1.7031625272857428e-25
8,gaussian,452,0,453,1,5,0.06532131876402081,0.06532117065793216,1.481060886432406e-07,2.267346885299228e-06,7.487157013080795e-08,-5.379310826764207e-16,-5.379310826042253e-16,7.219536675446917e-26
8,gaussian,453,0,454,2,5,0.125687378675548,0.12568740614671461,2.7471166619275067e-08,2.1856737648963842e-07,1.5100453024571336e-08,1.906249237104673e-16,1.906249234146446e-16,2.958226915464597e-25
8,gaussian,453,2,467,1,5,0.07115965782959073,0.07115948367252041,1.741570703206463e-07,2.4474129813511494e-06,7.833183031399139e-08,-1.5228626709717985e-16,-1.5228626686295837e-16,2.3422148023007584e-25
8,gaussian,454,0,455,1,5,0.05985984339328913,0.05985968904051278,1.5435277635200695e-07,2.5785696654413797e-06,6.809276800214611e-08,-9.139184177748557e-16,-9.139184176745747e-16,1.0028098434782655e-25
8,gaussian,455,0,456,2,5,0.1448944119256315,0.14489447956935333,6.764372184608902e-08,4.668481645894007e-07,4.42935864667383e-08,4.149638277337903e-16,4.1496382778353455e-16,4.9744237480459444e-26
8,gaussian,455,2,469,1,5,0.09353079122050266,0.0935307002852713,1.3974056647936273e-07,1.4940594926639574e-06,6.587123741452123e-08,2.6548405000337335e-17,2.654840517400112e-17,1.7366378397987964e-25
8,gaussian,456,0,457,1,5,0.058338661200166994,0.05833861346524674,4.773492025267334e-08,8.182381849471839e-07,2.0014010132967086e-08,-2.998782641339234e-16,-2.998782642836574e-16,1.4973403354664628e-25
8,gaussian,457,0,458,2,5,0.15009202542055256,0.15009201417288584,3.034323386996718e-08,2.021641974978118e-07,1.9921317487677094e-08,5.728045834589707e-17,5.728045823957204e-17,1.06325027062452e-25
8,gaussian,457,2,471,1,5,0.09587428808746437,0.09587426390041844,1.5206144561574764e-07,1.5860503232840149e-06,6.671091205991102e-08,-3.620017634655016e-17,-3.6200175789639087e-17,5.569110732270363e-25
8,gaussian,458,0,459,1,5,0.06084030435532471,0.06084030075560031,2.407671876453188e-08,3.957363300472164e-07,1.0277900894978214e-08,-3.0135241282235847e-18,-3.0135239748541038e-18,1.5336948092461584e-25
8,gaussian,459,0,460,2,5,0.141580139282551,0.14158014398002383,5.6942645321189644e-09,4.021937237839222e-08,3.2968236664002057e-09,-9.47266548301862e-18,-9.472665437542122e-18,4.5476498442469815e-26
8,gaussian,459,2,473,1,5,0.08167412510375809,0.08167413067036187,4.8352989695521487e-08,5.920233163016444e-07,2.082611499707564e-08,-6.491092545010428e-17,-6.491092560684234e-17,1.5673805835316748e-25
8,gaussian,460,0,461,1,5,0.06308936441704822,0.06308936742346294,8.920357667807632e-09,1.413924094044752e-07,4.257514719711256e-09,-7.541946263575243e-18,-7.541946274401006e-18,1.082576315096545e-26
8,gaussian,461,0,462,2,5,0.12629677984286916,0.12629677742505155,2.741943533335345e-09,2.1710320221518756e-08,2.538284159933253e-09,-3.401636568777864e-19,-3.401636043035055e-19,5.257428088906118e-26
8,gaussian,461,2,475,1,5,0.06308936742346295,0.06308936441704824,8.920357667807632e-09,1.4139240940447517e-07,4.257514725128469e-09,3.908019288017661e-18,3.908019193663463e-18,9.435419841119122e-26
8,gaussian,463,0,464,1,5,0.08601793311397422,0.08601793142106974,6.104219103797437e-08,7.096449406322416e-07,3.284718629113629e-08,-2.611218241700129e-15,-2.6112182419411096e-15,2.4098044046600947e-25
8,gaussian,464,0,465,2,5,0.12225435597863507,0.12225427594308347,8.00355516028528e-08,6.546642118571191e-07,4.5670520707101905e-08,-1.980524300022686e-14,-1.9805243001396632e-14,1.1697734373596504e-24
8,gaussian,464,2,476,1,5,0.041797451999741664,0.04179740799606198,4.400367968615537e-08,1.0527837841987914e-06,1.7188920613505355e-08,7.590126434365255e-15,7.59012643050728e-15,3.8579747440812924e-24
8,gaussian,465,0,466,1,5,0.08873584629346117,0.08873578542762417,8.933313178083324e-08,1.0067310507796e-06,4.2138512663490795e-08,-1.905412753753842e-14,-1.9054127533553836e-14,3.984583763925644e-24
8,gaussian,466,0,467,2,5,0.14859363659981947,0.14859359022413338,4.637568609688891e-08,3.120973896196121e-07,2.9647634973966113e-08,-3.0477002876834544e-14,-3.047700289178187e-14,1.4947323810353248e-23
8,gaussian,466,2,478,1,5,0.06725780963180185,0.06725770611259582,1.0351920602669207e-07,1.539140310893273e-06,4.281228035734434e-08,2.2326802105586558e-14,2.2326802087080777e-14,1.8505780690496606e-23
8,gaussian,467,0,468,1,5,0.08677363482689243,0.08677348635895907,1.484679333640937e-07,1.710979765458451e-06,6.790664278738976e-08,-8.956106429003766e-14,-8.956106427014527e-14,1.9892383591708925e-23
8,gaussian,468,0,469,2,5,0.17062447811175688,0.17062447750678722,1.4058500308333777e-08,8.239439301977315e-08,8.572241881269105e-09,9.975692536077507e-15,9.975692499994006e-15,3.608350123588052e-23
8,gaussian,468,2,480,1,5,0.09065589316980449,0.09065575657526677,1.3659453772241203e-07,1.5067364398093947e-06,7.696844589524408e-08,2.141584836169491e-14,2.14158483768215e-14,1.5126590873342913e-23
8,gaussian,469,0,470,1,5,0.08311496196276363,0.08311485518726246,1.0677550117688117e-07,1.284672442306088e-06,5.724216692730678e-08,-8.899953913153704e-14,-8.899953916956546e-14,3.802842202048482e-23
8,gaussian,470,0,471,2,5,0.1763580839250925,0.17635811339474328,3.630408076937819e-08,2.0585432714466942e-07,2.096814426485584e-08,-1.1745482258651533e-14,-1.1745482238030315e-14,2.062121849292986e-23
8,gaussian,470,2,482,1,5,0.09595922656819407,0.0959592792626645,1.6673793447330443e-07,1.7375905254238215e-06,8.511966030621557e-08,-2.4581358687749867e-14,-2.4581358741368528e-14,5.361866115770595e-23
8,gaussian,471,0,472,1,5,0.081884246987189,0.08188427635694182,6.142020132771098e-08,7.500854139563269e-07,3.62778809624956e-08,-3.197326390691899e-14,-3.197326390622628e-14,6.927082272054331e-25
8,gaussian,472,0,473,2,5,0.16360024425991354,0.16360022988377568,2.8467294632683604e-08,1.7400520861972122e-07,2.2666433072274504e-08,-3.59218115416661e-15,-3.592181167645187e-15,1.3478576823080266e-23
8,gaussian,472,2,484,1,5,0.08188427635694179,0.08188424698718905,6.142020131383319e-08,7.500854137868468e-07,3.627788098973422e-08,-1.5819356136286896e-14,-1.5819356131038832e-14,5.248064410494688e-24
8,gaussian,473,0,474,1,5,0.08167413067036187,0.0816741251037581,4.8352989695521487e-08,5.920233163016444e-07,2.0826114975602633e-08,-1.1335054603861868e-14,-1.1335054598874852e-14,4.987016137460761e-24
8,gaussian,474,0,475,2,5,0.1415801392825511,0.1415801439800239,5.69426455987454e-09,4.021937257443365e-08,3.2968236565672682e-09,-1.9593767456618972e-16,-1.9593767475021162e-16,1.8402189744398085e-25
8,gaussian,474,2,486,1,5,0.06084030075560032,0.060840304355324726,2.4076718806165243e-08,3.95736330731522e-07,1.0277900927269998e-08,6.626242370460012e-16,6.626242251950898e-16,1.1850911439867794e-23
8,gaussian,476,0,477,1,5,0.09526002916654155,0.09526003097458242,1.3033300384768243e-07,1.3681814136976114e-06,6.116871256181112e-08,-2.2362194710829373e-13,-2.236219471364528e-13,2.815907789857337e-23
8,gaussian,477,0,478,2,5,0.15938941980964827,0.15938942855774466,3.741618528896318e-08,2.347469692785039e-07,2.379149229381192e-08,-4.787949156592422e-13,-4.787949157820058e-13,1.2276361954309944e-22
8,gaussian,477,2,487,1,5,0.06734876521030132,0.06734874494654748,3.902575026332178e-08,5.794575467190985e-07,1.891839896731549e-08,2.3283085519038074e-13,2.328308553496311e-13,1.5925034229751825e-22
8,gaussian,478,0,479,1,5,0.09768564075493165,0.09768557489499823,1.8477201431388313e-07,1.8914961593734024e-06,8.281861702240437e-08,-1.870454004847979e-12,-1.8704540058128492e-12,9.648702377293777e-22
8,gaussian,479,0,480,2,5,0.18374798146392562,0.18374795762678414,3.0143396917425846e-08,1.640474996093699e-07,1.735410941627103e-08,8.627070057247731e-13,8.627070047395937e-13,9.851793796927585e-22
8,gaussian,479,2,489,1,5,0.08815439391189295,0.08815444613239805,9.905153930400701e-08,1.1236136536464962e-06,6.050567000125793e-08,2.4078604272994373e-12,2.4078604248706477e-12,2.4287896865632208e-21
8,gaussian,480,0,481,1,5,0.09604436674594188,0.09604443955892188,1.6605160824134657e-07,1.7289039220170191e-06,9.369297916683458e-08,-6.506207101533159e-12,-6.506207101628408e-12,9.524936285934097e-23
8,gaussian,481,0,482,2,5,0.19163546393229794,0.19163545709120786,2.6666071989422946e-08,1.3914998530148724e-07,1.7975490576470303e-08,-9.967439142162345e-13,-9.967439128518132e-13,1.3644212937607563e-21
8,gaussian,481,2,491,1,5,0.09604443955892188,0.09604436674594197,1.6605160815807984e-07,1.7289039211500587e-06,9.369297918099091e-08,-1.6831288425554093e-13,-1.6831288533077233e-13,1.0752313987423668e-21
8,gaussian,482,0,483,1,5,0.09595927926266445,0.09595922656819406,1.6673793443167106e-07,1.7375905249899575e-06,8.511966031898123e-08,-8.04488316346363e-12,-8.044883162911315e-12,5.523143111153386e-22
8,gaussian,483,0,484,2,5,0.17635808392509258,0.1763581133947433,3.6304080797133764e-08,2.058543273020513e-07,2.0968144256237183e-08,-5.505022240241195e-13,-5.505022237278762e-13,2.962433464965729e-22
8,gaussian,483,2,493,1,5,0.0831148551872624,0.08311496196276373,1.0677550132953684e-07,1.2846724441427676e-06,5.7242166971980475e-08,-2.3902700937166627e-12,-2.390270091761611e-12,1.9550518790854512e-21
8,gaussian,484,0,485,1,5,0.09587426390041841,0.09587428808746427,1.5206144550472533e-07,1.5860503221260177e-06,6.671091203360248e-08,-2.827517971601409e-12,-2.827517971778643e-12,1.7723394755585648e-22
8,gaussian,485,0,486,2,5,0.15009202542055267,0.15009201417288592,3.03432337311893e-08,2.0216419657319308e-07,1.9921317482551555e-08,-5.004089357243843e-14,-5.004089346760651e-14,1.0483191502143751e-22
8,gaussian,485,2,495,1,5,0.05833861346524673,0.0583386612001671,4.773492037063454e-08,8.182381869691897e-07,2.0014010172695982e-08,-6.269592894961813e-13,-6.269592890677496e-13,4.284316955336268e-22
8,gaussian,487,0,488,1,5,0.0879103977275744,0.08791041099372157,8.670905450591793e-08,9.863343092789153e-07,3.880565607872765e-08,-6.133937077052053e-12,-6.133937069845075e-12,7.206977492343045e-21
8,gaussian,488,0,489,2,5,0.175964426373179,0.17596444490793087,4.880533524542763e-08,2.7735907257266565e-07,3.5714926480160845e-08,1.875192471703243e-11,1.8751924691271906e-11,2.576052392522095e-20
8,gaussian,488,2,496,1,5,0.08791041099372157,0.0879103977275744,8.670905456142908e-08,9.863343099103667e-07,3.8805656099681266e-08,3.2297226250035576e-11,3.229722626492382e-11,1.488824289958295e-20
8,gaussian,489,0,490,1,5,0.08815444613239808,0.08815439391189295,9.905153929012922e-08,1.12361365348907e-06,6.05056699962153e-08,-4.4987260237624355e-11,-4.498726027861704e-11,4.0992686551518426e-20
8,gaussian,490,0,491,2,5,0.1837479814639258,0.18374795762678411,3.0143396806403544e-08,1.640474990051601e-07,1.7354109487568608e-08,3.0834213591053926e-11,3.083421360801625e-11,1.696232073737724e-20
8,gaussian,490,2,498,1,5,0.09768557489499821,0.09768564075493165,1.8477201425837197e-07,1.8914961588051392e-06,8.281861697423761e-08,3.252204796227891e-11,3.252204793843905e-11,2.3839862241661103e-20
8,gaussian,491,0,492,1,5,0.09065575657526671,0.09065589316980445,1.3659453773628982e-07,1.5067364399624775e-06,7.696844587171925e-08,-1.49428366079218e-10,-1.4942836607209406e-10,7.123937929248097e-21
8,gaussian,492,0,493,2,5,0.17062447811175696,0.17062447750678716,1.4058500141800323e-08,8.239439204374988e-08,8.572241832952422e-09,-6.409716157184609e-12,-6.409716152632037e-12,4.5525726781188516e-21
8,gaussian,492,2,500,1,5,0.08677348635895901,0.08677363482689246,1.4846793344736042e-07,1.710979766418036e-06,6.790664280574106e-08,-2.8421126036043188e-11,-2.8421126126718623e-11,9.067543535048632e-20
8,gaussian,493,0,494,1,5,0.09353070028527127,0.0935307912205026,1.3974056636834042e-07,1.494059491476945e-06,6.587123735144202e-08,-1.0203508374698494e-10,-1.0203508373491057e-10,1.2074368326133616e-20
8,gaussian,494,0,495,2,5,0.14489441192563146,0.14489447956935333,6.76437218738446e-08,4.6684816478095785e-07,4.429358647875194e-08,-2.070685838815686e-12,-2.070685857057511e-12,1.8241824953845073e-20
8,gaussian,494,2,502,1,5,0.05985968904051273,0.05985984339328912,1.5435277638670142e-07,2.5785696660209755e-06,6.809276802511235e-08,-4.613138715505112e-11,-4.613138717578663e-11,2.073551156388641e-20
8,gaussian,496,0,497,1,5,0.06734874494654747,0.06734876521030124,3.902575027026067e-08,5.794575468221286e-07,1.891839893855461e-08,-4.6648547161551324e-11,-4.664854714845012e-11,1.3101203196693095e-20
8,gaussian,497,0,498,2,5,0.15938941980964833,0.1593894285577447,3.741618531671875e-08,2.347469694526407e-07,2.379149230272423e-08,1.7706474634788683e-10,1.7706474618406216e-10,1.6382467127977567e-19
8,gaussian,497,2,503,1,5,0.09526003097458237,0.0952600291665415,1.3033300393094915e-07,1.3681814145717115e-06,6.116871259135702e-08,8.313781039099685e-11,8.313781030802422e-11,8.297262608881596e-20
8,gaussian,498,0,499,1,5,0.06725770611259572,0.06725780963180183,1.035192061099588e-07,1.5391403121312964e-06,4.2812280370744736e-08,-2.7921376748482133e-10,-2.7921376764266016e-10,1.5783883047582397e-19
8,gaussian,499,0,500,2,5,0.1485936365998194,0.1485935902241332,4.637568618015564e-08,3.1209739017997767e-07,2.9647634954479038e-08,8.406261521041534e-11,8.406261528127784e-11,7.08624951258865e-20
8,gaussian,499,2,505,1,5,0.08873578542762411,0.0887358462934612,8.933313179471103e-08,1.006731050935994e-06,4.2138512676041276e-08,-4.366570333965279e-11,-4.36657027177234e-11,6.21929392028101e-19
8,gaussian,500,0,501,1,5,0.07115948367252038,0.07115965782959068,1.7415707029289074e-07,2.4474129809611047e-06,7.833183033710914e-08,-5.869858137387351e-10,-5.869858139947062e-10,2.55971143952111e-19
8,gaussian,501,0,502,2,5,0.12568737867554794,0.12568740614671453,2.747116659151949e-08,2.1856737626880836e-07,1.5100453039084683e-08,6.1289097403063236e-12,6.128909603389185e-12,1.3691713865062777e-19
8,gaussian,501,2,507,1,5,0.06532117065793212,0.06532131876402082,1.4810608869875175e-07,2.2673468861490443e-06,7.487157013188443e-08,6.145923913541577e-11,6.145923919136885e-11,5.595308157250102e-20
8,gaussian,503,0,504,1,5,0.04179740799606198,0.041797451999741615,4.4003679637583115e-08,1.0527837830367062e-06,1.718892058554788e-08,7.352942289688427e-11,7.352942289013665e-11,6.747622449324754e-21
8,gaussian,504,0,505,2,5,0.12225435597863507,0.12225427594308329,8.003555178326405e-08,6.546642133328231e-07,4.5670520701876744e-08,3.058618066506541e-10,3.0586180679583257e-10,1.4517846930918189e-19
8,gaussian,504,2,508,1,5,0.08601793142106968,0.08601793311397421,6.104219109348552e-08,7.096449412775856e-07,3.28471863052826e-08,-4.87635951130785e-10,-4.876359516849162e-10,5.541311874814172e-19
8,gaussian,505,0,506,1,5,0.0426463163600464,0.04264644474858782,1.2838854142327438e-07,3.0105332854862606e-06,5.876271179792779e-08,-5.259876621760542e-10,-5.259876625009199e-10,3.2486567300315726e-19
8,gaussian,506,0,507,2,5,0.10263775275534197,0.10263771235138669,4.0403955278711656e-08,3.9365588386392997e-07,2.0328780289821954e-08,-2.1766763916655594e-10,-2.1766764016692605e-10,1.0003701057402459e-18
8,gaussian,506,2,510,1,5,0.06955560804610847,0.06955566339403493,5.534792646422204e-08,7.957357282422046e-07,2.988447680026062e-08,5.874062365823473e-10,5.874062366109876e-10,2.864030152903603e-20
8,gaussian,508,0,509,1,5,0.021065852981021718,0.02106590653922337,5.3558201651426884e-08,2.54241143393022e-06,2.3016831396086846e-08,6.250717952542081e-10,6.250717952014092e-10,5.2798938499259756e-20
8,gaussian,509,0,510,2,5,0.08397190770133374,0.08397185847521933,4.922611440694169e-08,5.862212227216058e-07,2.359686044385249e-08,-7.271312597462433e-10,-7.271312620024036e-10,2.256160349747066e-18
8,gaussian,509,2,511,1,5,0.06979252156717371,0.06979253064645807,1.131250296909636e-08,1.6208758823205765e-07,5.842428038895284e-09,-2.2791926836701274e-11,-2.2791924963670098e-11,1.8730311763229704e-18
