ndivs,state,element,face,neighbor_element,neighbor_face,n_face_points,max_abs_aM,max_abs_aP,max_abs_metric_mismatch,relative_metric_mismatch,weighted_l2_metric_mismatch,R_geo_face,I_direct_face,interface_formula_error
8,constant,0,0,1,1,5,0.07093433899563689,0.07093433150055356,9.728301941791528e-09,1.371451694557964e-07,4.74351372157439e-09,-2.3882105595073157e-11,-2.3882105878542886e-11,2.834697294406707e-19
8,constant,0,1,64,2,5,0.008480334017751733,0.008480334479588474,1.1114093257909644e-09,1.3105725115749182e-07,5.799790193829202e-10,-3.917488741304325e-11,-3.917488726036657e-11,1.5267668061621609e-19
8,constant,0,2,192,1,5,0.062469601849366195,0.062469601849366244,4.85722573273506e-17,7.775342869076308e-16,2.7132639960347637e-17,-6.1673324426806685e-18,-8.184639564244091e-18,2.017307121563423e-18
8,constant,1,0,2,2,5,0.07016013881991913,0.07016017403681547,7.454658083189125e-08,1.0625198961561024e-06,3.113436889612562e-08,1.5806420909611792e-09,1.5806420884760019e-09,2.4851772964512536e-18
8,constant,1,2,15,1,5,0.008024879992413431,0.008024924129667434,7.021449351714976e-08,8.749552317581794e-06,3.142956419797021e-08,-1.689033719974656e-09,-1.689033719724608e-09,2.5004801377834846e-19
8,constant,2,0,3,1,5,0.09291057060456888,0.09291058082586881,7.254451581117927e-08,7.807992928936778e-07,4.2298237823176905e-08,-1.6782458504371087e-09,-1.6782458463002533e-09,4.13685535444534e-18
8,constant,2,1,79,2,5,0.02453402580953264,0.024534025523322664,4.081781331335965e-09,1.6637226042820898e-07,1.9936224521134993e-09,8.112418655601628e-11,8.112418684069287e-11,2.8467658595438556e-19
8,constant,3,0,4,2,5,0.07239527692392887,0.0723953021590036,7.518186249944048e-08,1.038490900063055e-06,3.0245990792870155e-08,1.3183374851721655e-09,1.3183374832733267e-09,1.8988387978443186e-18
8,constant,3,2,17,1,5,0.02786184373360352,0.027861674211998366,1.6952160515268377e-07,6.084364221317763e-06,8.448790889683558e-08,-5.405744455607984e-10,-5.405744452774858e-10,2.833126685218622e-19
8,constant,4,0,5,1,5,0.11616428343226931,0.11616433944329277,2.1302408172163556e-07,1.8338164943091353e-06,1.0954655539913088e-07,-2.617321842765259e-09,-2.617321843569354e-09,8.040948288372852e-19
8,constant,4,1,92,2,5,0.048846424089447324,0.0488464173315803,1.2325266585122563e-08,2.5232689628523464e-07,6.6233429820230055e-09,4.169120815950131e-10,4.169120819697468e-10,3.747337037969885e-19
8,constant,5,0,6,2,5,0.06333352663439457,0.06333348129397606,4.5340418503014845e-08,7.158991597728556e-07,2.382267381922171e-08,-6.127876716889341e-10,-6.127876715940346e-10,9.489953654606493e-20
8,constant,5,2,19,1,5,0.06436501800564033,0.06436480994528333,2.0806035699871828e-07,3.2325067784566746e-06,1.1484005270764508e-07,2.5213565417902095e-09,2.521356540763407e-09,1.0268024554192247e-18
8,constant,6,0,7,1,5,0.13017932217352288,0.13017938771279708,2.352235448227491e-07,1.8069185064973678e-06,1.052585118733168e-07,1.7565078729627157e-11,1.7565079425224013e-11,6.955968566111548e-19
8,constant,6,1,103,2,5,0.07552351952001547,0.07552349875237578,2.356452834945122e-08,3.120157601130609e-07,1.4031159301851415e-08,3.650004946944433e-10,3.6500049529016246e-10,5.957191403435926e-19
8,constant,7,0,8,2,5,0.042824170384371835,0.04282407176322698,1.4851449032377007e-07,3.4680062448557937e-06,8.030997226751042e-08,1.615975278843039e-10,1.6159752816087506e-10,2.76571146529555e-19
8,constant,7,2,21,1,5,0.09963599437521856,0.09963596660198994,7.657856368470384e-08,7.685833233752565e-07,3.199205122763771e-08,-7.508034647672615e-11,-7.508034383271715e-11,2.6440090021560826e-18
8,constant,8,0,9,1,5,0.12531980747941648,0.12531981379408466,5.4354344039553304e-08,4.3372506225443286e-07,2.156589399580142e-08,4.981713248338968e-10,4.981713260172712e-10,1.1833744070881355e-18
8,constant,8,1,112,2,5,0.09200793094762248,0.09200790738309415,2.3564528328634538e-08,2.5611409892533243e-07,1.4031159310496753e-08,-3.650004840850677e-10,-3.6500048569287323e-10,1.6078055356776161e-18
8,constant,9,0,10,2,5,0.02090430846871033,0.02090425426572784,8.269107779415585e-08,3.955695445172379e-06,5.270277945107164e-08,1.5578376766214657e-09,1.5578376765523998e-09,6.906585883542132e-20
8,constant,9,2,23,1,5,0.11285161500223374,0.11285168876953174,1.8596473233545296e-07,1.6478684046566139e-06,9.476286802761331e-08,-1.3334541160763804e-09,-1.3334541147187892e-09,1.357591155198568e-18
8,constant,10,0,11,1,5,0.10537850851229416,0.10537849210040742,3.117818285491847e-08,2.958685152701797e-07,1.3421892434774074e-08,-6.914308806223789e-10,-6.914308838054159e-10,3.1830370090256238e-18
8,constant,10,1,119,2,5,0.09131302776692121,0.09131301544165461,1.232526659900035e-08,1.3497818329341683e-07,6.623342984441004e-09,-4.1691208448031276e-10,-4.1691208227056174e-10,2.2097510195882602e-18
8,constant,11,0,12,2,5,0.006892649404799153,0.006892637490594709,1.592156533610639e-08,2.309934018263088e-06,1.1376636521886923e-08,5.631042112883805e-10,5.631042113584114e-10,7.0030868417541e-20
8,constant,11,2,25,1,5,0.10236099450521605,0.10236102945492655,8.948605348391148e-08,8.742199444498123e-07,3.994303062750251e-08,5.559662435709973e-10,5.559662437182706e-10,1.4727330421047243e-19
8,constant,12,0,13,1,5,0.08218101797808627,0.08218101103157138,2.0988379104136534e-08,2.553920554955054e-07,8.213756506474943e-09,-4.902568600426278e-10,-4.902568552419556e-10,4.800672242114937e-18
8,constant,12,1,124,2,5,0.07869427570441968,0.07869427162263837,4.081781315723454e-09,5.186884661159935e-08,1.9936224365747763e-09,-8.112417709820455e-11,-8.112417812354407e-11,1.0253395218824394e-18
8,constant,13,0,14,2,5,0.001141809933379867,0.0011418083491788313,1.584201058529855e-09,1.3874472556395334e-06,1.2529538278761474e-09,3.037640939516552e-18,3.031435184991935e-18,6.205754524617165e-21
8,constant,13,2,27,1,5,0.08218101103157144,0.0821810179780863,2.0988379159647685e-08,2.5539205617097943e-07,8.213756511363362e-09,4.902568778844411e-10,4.902568790150397e-10,1.1305986296460272e-18
8,constant,14,0,319,0,5,0.06302314235262094,0.06302314291203176,1.111409339560332e-09,1.7634939931695355e-08,5.799789916559034e-10,-3.91748971718982e-11,-3.9174897159721347e-11,1.2176854711559229e-20
8,constant,14,1,127,2,5,0.0630231423526209,0.06302314291203179,1.1114092979269685e-09,1.763493927109098e-08,5.799790094272701e-10,3.91748898054355e-11,3.9174893283990736e-11,3.47855523801124e-18
8,constant,15,0,16,1,5,0.06921645327987137,0.06921638642962018,6.685025119579358e-08,9.658144563618386e-07,3.9558297007857224e-08,1.86927965028318e-09,1.869279650494099e-09,2.1091864849183376e-19
8,constant,15,2,194,1,5,0.06677710937952716,0.06677710937952717,2.7755575615628914e-17,4.156450597147043e-16,1.8794973595304414e-17,-6.281748296297027e-18,-6.3725876494632195e-18,9.08393531661923e-20
8,constant,16,0,17,2,5,0.0737974832370121,0.07379756964667905,2.1787459490024697e-07,2.9523275081193884e-06,9.869383339760985e-08,7.143227400216948e-10,7.143227385400364e-10,1.4816583209141715e-18
8,constant,16,2,28,1,5,0.015280292576373866,0.015280341888167391,7.158213807248112e-08,4.684590082890229e-06,3.355454439679006e-08,-1.6311163478425865e-09,-1.6311163477718568e-09,7.072973263757174e-20
8,constant,17,0,18,1,5,0.09611948124987457,0.09611941504970006,9.466746916930724e-08,9.84893675437213e-07,4.1726800283879184e-08,-9.630997334953195e-11,-9.630996883569668e-11,4.513835267195716e-18
8,constant,18,0,19,2,5,0.07134804187094491,0.07134808555149413,2.1567684049816904e-07,3.022881957253196e-06,9.180061169510179e-08,3.939527677829078e-10,3.9395276539686687e-10,2.386040940807692e-18
8,constant,18,2,30,1,5,0.039101652021885994,0.03910149348856539,1.5853332060306036e-07,4.054389326423498e-06,8.350454863582496e-08,-2.1702128205992628e-10,-2.1702128126152328e-10,7.984029990423078e-19
8,constant,19,0,20,1,5,0.12442200480664788,0.12442201448902421,2.971833552717351e-07,2.3885110403669837e-06,1.3078026852805776e-07,-1.920371122491382e-09,-1.9203711202037777e-09,2.2876043799623504e-18
8,constant,20,0,21,2,5,0.053287012425738675,0.053286913936436045,9.848930263012257e-08,1.8482796866755903e-06,5.303775425864356e-08,4.674176997257459e-10,4.674176988249123e-10,9.008336014753618e-19
8,constant,20,2,32,1,5,0.08916648519414108,0.0891663765976194,1.0859652167793943e-07,1.2179073947065826e-06,5.87981112802058e-08,1.244327032168452e-09,1.244327033555668e-09,1.387215801656542e-18
8,constant,21,0,22,1,5,0.13766998982527262,0.13766999053069492,1.410728756590096e-07,1.0247176971190099e-06,5.912816276003148e-08,-1.5056916951708643e-10,-1.50569169856101e-10,3.3901457153148266e-19
8,constant,22,0,23,2,5,0.026736439594026024,0.02673636405171628,1.1241134089626931e-07,4.204424470990013e-06,7.076515061803365e-08,1.508055093554054e-09,1.5080550932367996e-09,3.1725437059675058e-19
8,constant,22,2,34,1,5,0.12534179335143533,0.12534185822447463,1.3873991841495403e-07,1.1068921458503098e-06,7.286571011629056e-08,-9.151557868435462e-10,-9.151557863842658e-10,4.592804545914929e-19
8,constant,23,0,24,1,5,0.12661031163441194,0.12661025124045786,1.1215763431882131e-07,8.858491292769041e-07,5.471337542842784e-08,-3.978482648031933e-10,-3.9784826352683626e-10,1.2763570559621853e-18
8,constant,24,0,25,2,5,0.007383629622075991,0.007383634956413398,1.2571772413892679e-08,1.702653569428278e-06,9.076827356882602e-09,7.842424579468608e-18,7.883634717586e-18,4.121013811739184e-20
8,constant,24,2,36,1,5,0.12661025124045783,0.12661031163441203,1.1215763442984361e-07,8.858491301537856e-07,5.47133754549572e-08,3.978482938399257e-10,3.97848296129263e-10,2.289337323345649e-18
8,constant,25,0,26,1,5,0.10236102945492656,0.10236099450521605,8.94860534561559e-08,8.742199441786584e-07,3.9943030614494615e-08,-5.559662325671923e-10,-5.559662348111989e-10,2.2440065850068242e-18
8,constant,26,0,27,2,5,0.006892649404799195,0.006892637490594722,1.5921565308350816e-08,2.309934014236237e-06,1.1376636486913812e-08,-5.631042237858723e-10,-5.631042237394613e-10,4.6411036218819e-20
8,constant,26,2,38,1,5,0.10537849210040745,0.10537850851229423,3.117818289655183e-08,2.958685156652635e-07,1.3421892428404287e-08,6.91430923871206e-10,6.914309221462884e-10,1.7249176634052972e-18
8,constant,27,0,318,0,5,0.07869427570441961,0.07869427162263831,4.081781301845666e-09,5.186884643524873e-08,1.993622427777655e-09,8.112418997485456e-11,8.112419168250333e-11,1.7076487688533925e-18
8,constant,28,0,29,1,5,0.057019454657785455,0.05701922386061904,2.3079716641311032e-07,4.047691578221666e-06,1.257736265834805e-07,3.810672624912056e-09,3.81067262624742e-09,1.3353639849586555e-18
8,constant,28,2,196,1,5,0.05983831209858221,0.0598383120985822,2.7755575615628914e-17,4.638428899849691e-16,1.8415696707999025e-17,-1.8924464951265195e-18,-4.475971362201115e-18,2.583524867074596e-18
8,constant,29,0,30,2,5,0.05942072862479416,0.059420812742032356,3.60121802545077e-07,6.060533101566591e-06,1.7113080130333726e-07,-2.9397163810903385e-09,-2.939716380190231e-09,9.001073368975403e-19
8,constant,29,2,39,1,5,0.014013910737036587,0.014013880729408611,8.182551055127552e-08,5.83887767566718e-06,3.4812463428187536e-08,8.191587680132821e-10,8.191587682299662e-10,2.1668409736132836e-19
8,constant,30,0,31,1,5,0.08545796732234276,0.08545770644306837,2.608792743913346e-07,3.052720332175844e-06,1.1220449180393812e-07,2.36128839689796e-09,2.3612883997086402e-09,2.810680312116383e-18
8,constant,31,0,32,2,5,0.04539900592320764,0.0453989434723948,2.753344559868788e-07,6.064768388378518e-06,1.1417827271787384e-07,-1.126933661160961e-09,-1.1269336610466318e-09,1.14329181954323e-19
8,constant,31,2,41,1,5,0.06156701055123809,0.06156715934807574,1.4879683764984497e-07,2.4168215526821374e-06,6.32751926922595e-08,-4.598594198049326e-10,-4.598594203797305e-10,5.747978814957483e-19
8,constant,32,0,33,1,5,0.11472797044251984,0.11472788565601284,1.1145257906852724e-07,9.714508034844597e-07,5.190186641597262e-08,9.779939267899749e-12,9.779934472277134e-12,4.795622614668031e-18
8,constant,33,0,34,2,5,0.01962810051753365,0.019628045918504516,5.5066777646453624e-08,2.805507216414693e-06,4.6450634882148186e-08,-3.690145770417969e-18,-3.4578705592809346e-18,2.322752111370341e-19
8,constant,33,2,43,1,5,0.11472788565601287,0.11472797044251988,1.1145257905464945e-07,9.714508033634967e-07,5.190186640370207e-08,-9.77990657569204e-12,-9.77990793965414e-12,1.3639621002764514e-18
8,constant,34,0,35,1,5,0.12534185822447447,0.12534179335143528,1.387399183455651e-07,1.1068921452967139e-06,7.28657101015694e-08,9.151558275435224e-10,9.151558292420079e-10,1.6984855205214715e-18
8,constant,35,0,36,2,5,0.026736439594025968,0.02673636405171631,1.1241134090255768e-07,4.20442447122522e-06,7.076515061640951e-08,-1.5080550969817482e-09,-1.5080550968230271e-09,1.5872107029790006e-19
8,constant,35,2,45,1,5,0.137669990530695,0.13766998982527262,1.410728755618651e-07,1.0247176964133762e-06,5.912816273877465e-08,1.5056920564789563e-10,1.5056921339935143e-10,7.751455805193395e-18
8,constant,36,0,37,1,5,0.1128516887695317,0.1128516150022337,1.8596473225218624e-07,1.6478684039187724e-06,9.476286799890795e-08,1.333454127242743e-09,1.333454128286951e-09,1.0442079898685655e-18
8,constant,37,0,38,2,5,0.02090430846871029,0.02090425426572785,8.269107788783092e-08,3.955695449653524e-06,5.270277947304431e-08,-1.5578376812520492e-09,-1.5578376810095422e-09,2.425070217240088e-19
8,constant,37,2,47,1,5,0.1253198137940847,0.1253198074794165,5.435434394240879e-08,4.3372506147925996e-07,2.156589395823836e-08,-4.981712938293343e-10,-4.981712921091167e-10,1.720217623164771e-18
8,constant,38,0,315,0,5,0.09131302776692117,0.09131301544165457,1.232526659900035e-08,1.3497818329341688e-07,6.623342959085789e-09,4.1691207198308226e-10,4.1691207215497174e-10,1.7188947545701455e-19
8,constant,39,0,40,1,5,0.03468500986003528,0.03468470699276862,3.028672666618992e-07,8.731935435049956e-06,1.4563343329256245e-07,6.553004368868469e-10,6.553004368343441e-10,5.250280783996577e-20
8,constant,39,2,198,1,5,0.03536788838508288,0.035367888385082896,1.3877787807814457e-17,3.923838386028069e-16,8.128028055360444e-18,-1.644436900013434e-18,-1.3530803115410096e-18,2.9135658847242444e-19
8,constant,40,0,41,2,5,0.021368345663211056,0.021368178149416064,1.6751379499149732e-07,7.83934318695988e-06,8.438775782732774e-08,3.2087874516871292e-18,3.450259670464834e-18,2.4147221877770494e-19
8,constant,40,2,48,1,5,0.034684706992768606,0.03468500986003529,3.028672666827159e-07,8.731935435650118e-06,1.4563343329987465e-07,-6.553004305334381e-10,-6.553004301485245e-10,3.8491360880052547e-19
8,constant,41,0,42,1,5,0.0615671593480757,0.06156701055123808,1.487968376220894e-07,2.416821552231321e-06,6.32751926792921e-08,4.598594339443345e-10,4.5985943396930377e-10,2.4969273970525693e-20
8,constant,42,0,43,2,5,0.04539900592320765,0.04539894347239482,2.753344560410889e-07,6.064768389572599e-06,1.1417827273915267e-07,1.1269336611229094e-09,1.126933661704596e-09,5.816866416370899e-19
8,constant,42,2,50,1,5,0.08545770644306842,0.08545796732234279,2.6087927436357905e-07,3.052720331851057e-06,1.1220449181081421e-07,-2.3612883928330323e-09,-2.361288388145423e-09,4.687609370280856e-18
8,constant,43,0,44,1,5,0.08916637659761933,0.08916648519414103,1.0859652169181722e-07,1.2179073948622223e-06,5.879811129643702e-08,-1.244327017269926e-09,-1.2443270148558274e-09,2.4140984935951845e-18
8,constant,44,0,45,2,5,0.05328701242573869,0.053286913936436094,9.84893025954281e-08,1.8482796860245031e-06,5.303775426931932e-08,-4.674177129474811e-10,-4.674177138195871e-10,8.721060323917014e-19
8,constant,44,2,52,1,5,0.12442201448902426,0.12442200480664789,2.971833552023462e-07,2.388511039809292e-06,1.3078026849022138e-07,1.9203711329697876e-09,1.920371134836705e-09,1.866917277620438e-18
8,constant,45,0,46,1,5,0.09963596660199,0.09963599437521854,7.657856367082605e-08,7.685833232359717e-07,3.199205119658728e-08,7.508036865148602e-11,7.50803683253529e-11,3.2613312049674164e-19
8,constant,46,0,47,2,5,0.042824170384371876,0.042824071763227,1.48514490393159e-07,3.4680062464761122e-06,8.03099722925497e-08,-1.615975350027837e-10,-1.6159753387851785e-10,1.1242658382738978e-18
8,constant,46,2,54,1,5,0.1301793877127972,0.13017932217352285,2.3522354478111573e-07,1.806918506177551e-06,1.0525851187705557e-07,-1.7565051148587478e-11,-1.7565046285646423e-11,4.862941054459434e-18
8,constant,47,0,310,0,5,0.09200793094762244,0.09200790738309408,2.3564528356390113e-08,2.5611409922699755e-07,1.40311592954678e-08,3.650004860753657e-10,3.650004880382781e-10,1.9629124148878292e-18
8,constant,48,0,49,1,5,0.01401388072940863,0.01401391073703658,8.182551056341858e-08,5.838877676533683e-06,3.481246342977336e-08,-8.191587672476206e-10,-8.191587674923205e-10,2.4469987752788686e-19
8,constant,48,2,200,1,5,0.0353678883850829,0.03536788838508289,1.3877787807814457e-17,3.9238383860280686e-16,9.224912045388103e-18,-1.0397592424336465e-19,-6.628134378838149e-19,5.588375136404502e-19
8,constant,49,0,50,2,5,0.05942072862479416,0.0594208127420324,3.601218025485464e-07,6.060533101624974e-06,1.7113080130587164e-07,2.939716382209738e-09,2.9397163804801464e-09,1.7295916474565281e-18
8,constant,49,2,55,1,5,0.057019223860619056,0.05701945465778548,2.307971664269881e-07,4.047691578465051e-06,1.257736265916926e-07,-3.810672618704076e-09,-3.810672618943523e-09,2.3944728063817513e-19
8,constant,50,0,51,1,5,0.03910149348856537,0.03910165202188599,1.5853332061693814e-07,4.054389326778414e-06,8.350454864542875e-08,2.1702128966107587e-10,2.170212895613245e-10,9.975136442899471e-20
8,constant,51,0,52,2,5,0.07134804187094498,0.07134808555149423,2.1567684041490232e-07,3.0228819560861425e-06,9.180061168711194e-08,-3.93952756191982e-10,-3.939527549686993e-10,1.2232826663189454e-18
8,constant,51,2,57,1,5,0.09611941504970009,0.09611948124987457,9.466746915542945e-08,9.848936752928323e-07,4.172680027697166e-08,9.631000752318125e-11,9.631000792980174e-11,4.0662048243514203e-19
8,constant,52,0,53,1,5,0.06436480994528326,0.06436501800564032,2.0806035705422943e-07,3.232506779319118e-06,1.1484005271947256e-07,-2.5213565311665717e-09,-2.5213565329417493e-09,1.7751775710143255e-18
8,constant,53,0,54,2,5,0.06333352663439448,0.06333348129397612,4.534041836423697e-08,7.158991575816336e-07,2.3822673779978586e-08,6.127876758283982e-10,6.127876760538262e-10,2.254280168214733e-19
8,constant,53,2,59,1,5,0.11616433944329274,0.11616428343226944,2.1302408162449105e-07,1.833816493472868e-06,1.0954655536877335e-07,2.617321876046051e-09,2.617321875991284e-09,5.476680117652341e-20
8,constant,54,0,303,0,5,0.07552351952001538,0.07552349875237567,2.3564528377206795e-08,3.120157604805703e-07,1.4031159329776573e-08,-3.650004853512098e-10,-3.6500048660334597e-10,1.252136173650867e-18
8,constant,55,0,56,1,5,0.015280341888167397,0.015280292576373875,7.15821380638075e-08,4.684590082322595e-06,3.355454439757619e-08,1.6311163442691005e-09,1.6311163442393104e-09,2.979008258048474e-20
8,constant,55,2,202,1,5,0.05983831209858222,0.0598383120985822,4.163336342344337e-17,6.957643349774535e-16,3.059264087868098e-17,5.510186835070471e-18,5.975414559038109e-18,4.652277239676375e-19
8,constant,56,0,57,2,5,0.07379748323701213,0.0737975696466791,2.178745948724914e-07,2.952327507743282e-06,9.869383340430828e-08,-7.143227314056434e-10,-7.143227295130657e-10,1.8925776609927516e-18
8,constant,56,2,60,1,5,0.06921638642962019,0.0692164532798714,6.685025120967136e-08,9.658144565623368e-07,3.955829702309114e-08,-1.8692796418289634e-09,-1.8692796381532705e-09,3.675692857165136e-18
8,constant,57,0,58,1,5,0.027861674211998325,0.027861843733603505,1.6952160518043935e-07,6.0843642223139525e-06,8.448790891340271e-08,5.40574445067731e-10,5.405744449747675e-10,9.296352032238457e-20
8,constant,58,0,59,2,5,0.07239527692392884,0.07239530215900368,7.518186244392933e-08,1.0384908992962754e-06,3.024599078653531e-08,-1.3183374870035854e-09,-1.3183374863385272e-09,6.650581755763096e-19
8,constant,58,2,62,1,5,0.09291058082586885,0.09291057060456892,7.254451575566812e-08,7.807992922962089e-07,4.2298237801404486e-08,1.6782458764704347e-09,1.6782458767079007e-09,2.374659762759575e-19
8,constant,59,0,294,0,5,0.048846424089447296,0.04884641733158032,1.2325266612878139e-08,2.5232689685345605e-07,6.623342994921417e-09,-4.1691208351230817e-10,-4.169120831385847e-10,3.7372345777511983e-19
8,constant,60,0,61,1,5,0.00802492412966746,0.008024879992413435,7.021449352495601e-08,8.749552318554516e-06,3.1429564202904053e-08,1.6890337204668466e-09,1.6890337205778832e-09,1.1103658952605567e-19
8,constant,60,2,204,1,5,0.0667771093795272,0.0667771093795272,4.163336342344337e-17,6.234675895720562e-16,2.832098555665641e-17,5.896340069277219e-18,8.747191314140067e-18,2.850851244862848e-18
8,constant,61,0,62,2,5,0.07016013881991909,0.07016017403681551,7.454658074862452e-08,1.0625198949692928e-06,3.1134368874937075e-08,-1.5806421007206524e-09,-1.5806420987180904e-09,2.0025620767796398e-18
8,constant,61,2,63,1,5,0.07093433150055357,0.07093433899563693,9.728301914035953e-09,1.3714516906451086e-07,4.743513709662583e-09,2.3882118547762434e-11,2.3882120970116035e-11,2.422353601012099e-18
8,constant,62,0,283,0,5,0.024534025809532622,0.024534025523322657,4.0817813504179234e-09,1.6637226120598435e-07,1.9936224312398253e-09,-8.11241835365297e-11,-8.112418347659834e-11,5.993136795448359e-20
8,constant,63,0,270,0,5,0.008480334017751709,0.008480334479588451,1.1114092909880746e-09,1.3105724705353968e-07,5.799789928335039e-10,3.9174889402715883e-11,3.917488935799076e-11,4.472512580816229e-20
8,constant,63,2,206,1,5,0.062469601849366244,0.06246960184936621,6.938893903907228e-17,1.1107632670109012e-15,4.7606261803891005e-17,8.21635545759429e-18,1.0109849246773189e-17,1.893493789178898e-18
8,constant,64,0,65,1,5,0.06979253064645807,0.06979252156717373,1.1312502927462997e-08,1.6208758763552728e-07,5.8424280214319794e-09,-2.388210350692751e-11,-2.388210376351718e-11,2.565896682551475e-19
8,constant,64,1,128,2,5,0.0707943073994842,0.07079430739948424,4.163336342344337e-17,5.88089140960318e-16,3.470516423196761e-17,1.0080914551418354e-17,9.540665209078912e-18,5.402493423394421e-19
8,constant,65,0,66,2,5,0.0210659065392233,0.02106585298102178,5.35582015195879e-08,2.542411427671823e-06,2.3016831351702598e-08,1.0903851933452132e-09,1.0903851940784608e-09,7.33247636552731e-19
8,constant,65,2,79,1,5,0.08397190770133377,0.08397185847521933,4.9226114434697266e-08,5.862212230521396e-07,2.3596860428825846e-08,-1.1987768310756405e-09,-1.198776828405537e-09,2.6701034485548336e-18
8,constant,66,0,67,1,5,0.08601793311397417,0.08601793142106968,6.104219096858543e-08,7.096449398255622e-07,3.284718628249283e-08,-1.115141646574514e-09,-1.1151416414055904e-09,5.168923641644077e-18
8,constant,66,1,143,2,5,0.10024987255292027,0.10024987255292032,5.551115123125783e-17,5.537278982769217e-16,3.812580123811891e-17,7.581766246649135e-18,6.1538137949904625e-18,1.4279524516586728e-18
8,constant,67,0,68,2,5,0.04179745199974175,0.041797407996062005,4.4003679741666524e-08,1.0527837855268882e-06,1.7188920626480778e-08,6.26906579222506e-10,6.269065789843172e-10,2.3818882873375227e-19
8,constant,67,2,81,1,5,0.12225435597863517,0.12225427594308343,8.003555174163068e-08,6.546642129922755e-07,4.567052070652301e-08,1.5391811169834684e-11,1.539181428220431e-11,3.1123696251267232e-18
8,constant,68,0,69,1,5,0.09526002916654143,0.09526003097458238,1.3033300395870473e-07,1.3681814148630777e-06,6.116871260435877e-08,-1.0594841479826107e-09,-1.0594841491150768e-09,1.1324660932764422e-18
8,constant,68,1,156,2,5,0.13216960855456766,0.13216960855456772,5.551115123125783e-17,4.199993617166493e-16,4.651194547336526e-17,7.928051813410375e-18,1.4056781347274827e-17,6.128729533864453e-18
8,constant,69,0,70,2,5,0.06734876521030132,0.06734874494654752,3.902575027719957e-08,5.794575469251571e-07,1.8918398955400393e-08,-1.1461635875613965e-10,-1.1461635686711845e-10,1.88902119794908e-18
8,constant,69,2,83,1,5,0.15938941980964838,0.15938942855774468,3.7416185177940875e-08,2.347469685819564e-07,2.3791492245456787e-08,1.1879024120205208e-09,1.1879024175936195e-09,5.5730987713933595e-18
8,constant,70,0,71,1,5,0.08791039772757442,0.0879104109937216,8.670905451979571e-08,9.863343094367779e-07,3.880565608150937e-08,1.7916261454917147e-10,1.7916261783545706e-10,3.286285589686916e-18
8,constant,70,1,167,2,5,0.1537782441329402,0.15377824413294014,1.1102230246251565e-16,7.219636502452041e-16,6.988675367311056e-17,2.082126770917215e-17,1.3238829040183355e-17,7.582438668988795e-18
8,constant,71,0,72,2,5,0.08791041099372164,0.08791039772757443,8.670905447816235e-08,9.863343089631888e-07,3.8805656060146976e-08,1.7916259981017656e-10,1.7916259979582704e-10,1.4349515676263648e-20
8,constant,71,2,85,1,5,0.17596442637317894,0.17596444490793098,4.8805335273183204e-08,2.773590727303995e-07,3.571492651123976e-08,-1.5016067773281163e-10,-1.501606706899585e-10,7.04285313611228e-18
8,constant,72,0,73,1,5,0.06734874494654747,0.0673487652103013,3.9025750235566203e-08,5.794575463069818e-07,1.891839893690844e-08,-1.1461634383800844e-10,-1.1461634365182125e-10,1.8618718894741706e-19
8,constant,72,1,176,2,5,0.15377824413294017,0.1537782441329401,5.551115123125783e-17,3.6098182512260217e-16,5.551115123125783e-17,2.1179533542076437e-17,1.28699438964265e-17,8.309589645649938e-18
8,constant,73,0,74,2,5,0.09526003097458235,0.09526002916654149,1.3033300383380464e-07,1.3681814135519291e-06,6.116871258100756e-08,-1.0594841563652216e-09,-1.059484153270612e-09,3.0946096437849034e-18
8,constant,73,2,87,1,5,0.1593894198096484,0.15938942855774466,3.74161852612076e-08,2.3474696910436703e-07,2.379149226962694e-08,1.1879024094158982e-09,1.1879024065907137e-09,2.825184510567194e-18
8,constant,74,0,75,1,5,0.04179740799606195,0.04179745199974163,4.400367967921648e-08,1.05278378403278e-06,1.7188920599927844e-08,6.269065860432843e-10,6.269065848949122e-10,1.148372052672801e-18
8,constant,74,1,183,2,5,0.13216960855456764,0.13216960855456758,8.326672684688674e-17,6.299990425749743e-16,5.554427387655981e-17,4.540633195073016e-18,7.376316855334962e-18,2.835683660261946e-18
8,constant,75,0,76,2,5,0.08601793142106967,0.08601793311397415,6.104219092695207e-08,7.096449393415543e-07,3.284718629349241e-08,-1.115141654022257e-09,-1.1151416577308416e-09,3.708584660247541e-18
8,constant,75,2,89,1,5,0.12225435597863507,0.12225427594308333,8.003555174163068e-08,6.546642129922761e-07,4.567052070564795e-08,1.539180283840538e-11,1.5391807056380476e-11,4.217975095962037e-18
8,constant,76,0,77,1,5,0.021065852981021746,0.021065906539223384,5.3558201637549097e-08,2.5424114332714388e-06,2.3016831393648685e-08,1.090385204142477e-09,1.0903852039922114e-09,1.50265630076383e-19
8,constant,76,1,188,2,5,0.10024987255292024,0.10024987255292024,6.938893903907228e-17,6.921598728461527e-16,4.248927590600552e-17,9.063210112178629e-18,1.090487485632852e-17,1.841664744149892e-18
8,constant,77,0,78,2,5,0.06979252156717372,0.06979253064645807,1.131250291358521e-08,1.6208758743668384e-07,5.842428021560206e-09,-2.3882112936685577e-11,-2.3882110464851945e-11,2.4718336323998544e-18
8,constant,77,2,91,1,5,0.08397190770133373,0.08397185847521936,4.9226114365308327e-08,5.862212222258048e-07,2.3596860425393096e-08,-1.19877683770138e-09,-1.198776838435654e-09,7.342741676929093e-19
8,constant,78,0,383,0,5,0.008480334479588451,0.008480334017751709,1.1114092909880746e-09,1.3105724705353968e-07,5.79978992833504e-10,-3.9174889402715883e-11,-3.917488935799075e-11,4.4725132270510825e-20
8,constant,78,1,191,2,5,0.07079430739948421,0.0707943073994842,5.551115123125783e-17,7.841188546137576e-16,3.8662932303144985e-17,7.089480290622793e-18,8.518790461349594e-18,1.4293101707268012e-18
8,constant,79,0,80,1,5,0.06955566339403493,0.06955560804610854,5.53479263948331e-08,7.957357272446016e-07,2.9884476774705655e-08,1.3061754410948638e-09,1.3061754412497736e-09,1.5490983562556198e-19
8,constant,80,0,81,2,5,0.04264644474858779,0.04264631636004642,1.2838854136776323e-07,3.0105332841846035e-06,5.876271182384489e-08,1.5835647002454126e-10,1.5835647039110883e-10,3.6656756999471187e-19
8,constant,80,2,92,1,5,0.10263775275534205,0.1026377123513867,4.0403955348100595e-08,3.9365588453998635e-07,2.0328780307793008e-08,-9.39685437235561e-10,-9.396854405675735e-10,3.3320125475391537e-18
8,constant,81,0,82,1,5,0.0887358462934612,0.08873578542762414,8.933313176695545e-08,1.0067310506232051e-06,4.213851266073268e-08,-9.630997617839824e-11,-9.630997149137286e-11,4.687025380768394e-18
8,constant,82,0,83,2,5,0.06725780963180177,0.06725770611259584,1.0351920592954755e-07,1.5391403094489146e-06,4.28122803411626e-08,-3.895538095759653e-12,-3.895537493687352e-12,6.020723010383061e-19
8,constant,82,2,94,1,5,0.14859363659981958,0.14859359022413332,4.6375686263422367e-08,3.120973907403426e-07,2.9647634964971847e-08,1.808270082731271e-10,1.8082700280019782e-10,5.472929267164719e-18
8,constant,83,0,84,1,5,0.09768564075493161,0.09768557489499823,1.8477201427224976e-07,1.8914961589472059e-06,8.28186169859911e-08,-4.1231603685301805e-10,-4.123160427784813e-10,5.9254632366802296e-18
8,constant,84,0,85,2,5,0.0881543939118929,0.08815444613239802,9.905153926237364e-08,1.123613653174219e-06,6.050567000192693e-08,3.168485195568105e-10,3.1684851848715596e-10,1.0696545470525343e-18
8,constant,84,2,96,1,5,0.18374798146392565,0.1837479576267842,3.014339669538124e-08,1.6404749840095058e-07,1.7354109393533015e-08,3.2917125650482095e-10,3.291712573622836e-10,8.574626608028283e-19
8,constant,85,0,86,1,5,0.08815444613239798,0.08815439391189293,9.905153933176258e-08,1.1236136539613487e-06,6.050566998235605e-08,3.168485475923942e-10,3.16848550944738e-10,3.3523438198150946e-18
8,constant,86,0,87,2,5,0.09768557489499825,0.09768564075493162,1.847720142444942e-07,1.891496158663074e-06,8.281861697730109e-08,-4.123160264589349e-10,-4.1231602175280413e-10,4.706130771376531e-18
8,constant,86,2,98,1,5,0.18374798146392574,0.18374795762678411,3.0143396806403544e-08,1.6404749900516015e-07,1.7354109436491218e-08,3.2917125055508337e-10,3.291712501781012e-10,3.7698218749706077e-19
8,constant,87,0,88,1,5,0.0672577061125957,0.06725780963180185,1.0351920615159216e-07,1.5391403127503078e-06,4.281228036464641e-08,-3.895524368652306e-12,-3.8955232420467875e-12,1.126605518636504e-18
8,constant,88,0,89,2,5,0.0887357854276241,0.08873584629346119,8.933313169756651e-08,1.0067310498412334e-06,4.2138512671482677e-08,-9.631001088335062e-11,-9.631001533113923e-11,4.4477886175961135e-18
8,constant,88,2,100,1,5,0.14859363659981947,0.1485935902241333,4.637568618015564e-08,3.1209739017997746e-07,2.9647634980652164e-08,1.8082701557487287e-10,1.8082701416886683e-10,1.4060060364512967e-18
8,constant,89,0,90,1,5,0.04264631636004637,0.042646444748587836,1.2838854146490775e-07,3.010533286462504e-06,5.8762711824800263e-08,1.5835648621852412e-10,1.583564855886753e-10,6.298488192126837e-19
8,constant,90,0,91,2,5,0.0695556080461085,0.06955566339403493,5.5347926436466466e-08,7.957357278431635e-07,2.9884476792446674e-08,1.3061754251680557e-09,1.3061754256391326e-09,4.710768773071116e-19
8,constant,90,2,102,1,5,0.10263775275534191,0.10263771235138673,4.040395518156714e-08,3.936558829174508e-07,2.0328780270738798e-08,-9.396854425184635e-10,-9.396854414466293e-10,1.0718341679666116e-18
8,constant,91,0,382,0,5,0.024534025523322657,0.024534025809532622,4.0817813504179234e-09,1.6637226120598435e-07,1.9936224312398257e-09,8.112418353652973e-11,8.112418347659833e-11,5.993140672857481e-20
8,constant,92,0,93,1,5,0.06532131876402078,0.06532117065793216,1.4810608861548502e-07,2.2673468848743207e-06,7.487157013583982e-08,2.252834949147797e-09,2.2528349496787494e-09,5.309523459467625e-19
8,constant,93,0,94,2,5,0.07115965782959063,0.07115948367252045,1.7415707018186843e-07,2.4474129794009204e-06,7.8331830305782e-08,-1.6062622779523055e-09,-1.606262275760395e-09,2.1919105432330814e-18
8,constant,93,2,103,1,5,0.12568737867554805,0.1256874061467146,2.747116653600834e-08,2.1856737582714785e-07,1.510045304292179e-08,3.209874652137169e-10,3.209874672399924e-10,2.026275483785157e-18
8,constant,94,0,95,1,5,0.08677363482689249,0.08677348635895904,1.4846793344736042e-07,1.7109797664180356e-06,6.790664278023307e-08,8.532332863893313e-10,8.53233291382627e-10,4.993295620011053e-18
8,constant,95,0,96,2,5,0.09065589316980442,0.0906557565752668,1.3659453762526752e-07,1.5067364387378215e-06,7.696844585693e-08,-2.1177787084235327e-10,-2.1177787254771266e-10,1.7053593914117872e-18
8,constant,95,2,105,1,5,0.17062447811175702,0.1706244775067872,1.4058500308333777e-08,8.239439301977308e-08,8.572241899597926e-09,-3.092902283653344e-10,-3.092902277227585e-10,6.425758718162128e-19
8,constant,96,0,97,1,5,0.09604436674594191,0.09604443955892193,1.6605160828297993e-07,1.7289039224504982e-06,9.369297920066757e-08,9.779943724217012e-12,9.779937743431522e-12,5.980785489638082e-18
8,constant,97,0,98,2,5,0.09604443955892193,0.09604436674594198,1.6605160803317975e-07,1.728903919849617e-06,9.369297915179878e-08,9.779909790088603e-12,9.779915030957726e-12,5.240869122986949e-18
8,constant,97,2,107,1,5,0.1916354639322978,0.191635457091208,2.6666072100445248e-08,1.3914998588082845e-07,1.7975490574679172e-08,-1.9559804271916393e-11,-1.955980135332768e-11,2.9185887113609162e-18
8,constant,98,0,99,1,5,0.0906557565752667,0.0906558931698044,1.3659453769465646e-07,1.5067364395032323e-06,7.696844586266995e-08,-2.1177786836437244e-10,-2.1177786479662748e-10,3.567744960046353e-18
8,constant,99,0,100,2,5,0.086773486358959,0.08677363482689243,1.4846793343348264e-07,1.7109797662581056e-06,6.79066427751159e-08,8.532332849124864e-10,8.532332808439324e-10,4.068554017291071e-18
8,constant,99,2,109,1,5,0.17062447811175693,0.1706244775067871,1.4058500169555899e-08,8.239439220642043e-08,8.572241834921102e-09,-3.0929020945611714e-10,-3.092902077069578e-10,1.749159328629506e-18
8,constant,100,0,101,1,5,0.07115948367252034,0.07115965782959066,1.741570703206463e-07,2.447412981351152e-06,7.833183032489449e-08,-1.6062622537828945e-09,-1.6062622536981716e-09,8.472294026497817e-20
8,constant,101,0,102,2,5,0.06532117065793216,0.06532131876402078,1.4810608861548502e-07,2.2673468848743207e-06,7.487157012220017e-08,2.252834923027958e-09,2.2528349244103487e-09,1.3823908571435203e-18
8,constant,101,2,111,1,5,0.125687378675548,0.1256874061467146,2.747116659151949e-08,2.1856737626880825e-07,1.510045303078438e-08,3.209874609696697e-10,3.20987462112379e-10,1.1427092775968395e-18
8,constant,102,0,379,0,5,0.04884641733158032,0.048846424089447296,1.2325266612878139e-08,2.5232689685345605e-07,6.623342994921417e-09,4.1691208351230817e-10,4.1691208313858476e-10,3.7372340607633155e-19
8,constant,103,0,104,1,5,0.05985984339328909,0.059859689040512774,1.5435277631731248e-07,2.5785696648617864e-06,6.809276799122799e-08,4.937029077618234e-10,4.937029073410978e-10,4.2072556624039625e-19
8,constant,104,0,105,2,5,0.09353079122050258,0.09353070028527136,1.3974056646548494e-07,1.494059492515582e-06,6.587123737501817e-08,7.508034982511812e-11,7.508034859237085e-11,1.2327472668877771e-18
8,constant,104,2,112,1,5,0.14489441192563157,0.14489447956935333,6.76437217628223e-08,4.668481640147292e-07,4.429358647956271e-08,-6.728654655253295e-10,-6.72865469544352e-10,4.0190224422113956e-18
8,constant,105,0,106,1,5,0.08311496196276374,0.08311485518726251,1.0677550123239232e-07,1.2846724429739703e-06,5.724216693465899e-08,-7.55827168298857e-12,-7.558266490468981e-12,5.192519589002612e-18
8,constant,106,0,107,2,5,0.09595922656819403,0.09595927926266452,1.667379343761599e-07,1.7375905244114696e-06,8.511966025210168e-08,-1.1739335720361732e-10,-1.173933576286889e-10,4.2507157317874986e-19
8,constant,106,2,114,1,5,0.17635808392509253,0.1763581133947434,3.6304080797133764e-08,2.058543273020512e-07,2.096814427368784e-08,-4.4091723170498347e-10,-4.4091722741365275e-10,4.2913307134541586e-18
8,constant,107,0,108,1,5,0.09595927926266438,0.09595922656819406,1.6673793430677097e-07,1.737590523688364e-06,8.511966026773301e-08,-1.173933277981423e-10,-1.1739332540484904e-10,2.3932932468282507e-18
8,constant,108,0,109,2,5,0.08311485518726246,0.0831149619627637,1.0677550124627011e-07,1.284672443140942e-06,5.724216691299837e-08,-7.55829322685303e-12,-7.558296402790658e-12,3.175937628020811e-18
8,constant,108,2,116,1,5,0.17635808392509258,0.17635811339474328,3.630408076937819e-08,2.0585432714466942e-07,2.0968144230928663e-08,-4.409172326895535e-10,-4.409172262030362e-10,6.486517305503256e-18
8,constant,109,0,110,1,5,0.0935307002852713,0.09353079122050262,1.3974056645160715e-07,1.4940594923672047e-06,6.587123739532262e-08,7.508036304345273e-11,7.508036653897406e-11,3.495521339222511e-18
8,constant,110,0,111,2,5,0.059859689040512684,0.05985984339328911,1.5435277642833478e-07,2.57856966671649e-06,6.809276802414453e-08,4.937028911154488e-10,4.937028917888715e-10,6.734226259304458e-19
8,constant,110,2,118,1,5,0.1448944119256315,0.14489447956935336,6.76437218738446e-08,4.6684816478095775e-07,4.42935864867236e-08,-6.728654725259013e-10,-6.728654722539177e-10,2.719836028523359e-19
8,constant,111,0,374,0,5,0.07552349875237567,0.07552351952001538,2.3564528377206795e-08,3.120157604805703e-07,1.4031159329776574e-08,3.650004853512098e-10,3.6500048660334597e-10,1.252136173650867e-18
8,constant,112,0,113,1,5,0.058338661200167036,0.058338613465246776,4.7734920259612235e-08,8.182381850661249e-07,2.001401015068202e-08,-2.0637107416660676e-10,-2.0637107409985287e-10,6.675388902333561e-20
8,constant,113,0,114,2,5,0.09587428808746432,0.09587426390041849,1.5206144557411427e-07,1.5860503228497663e-06,6.671091202254171e-08,4.183598392159212e-10,4.1835983970355574e-10,4.876345516285856e-19
8,constant,113,2,119,1,5,0.15009202542055258,0.15009201417288587,3.034323392547833e-08,2.0216419786765921e-07,1.992131751133505e-08,-1.1933507809830078e-09,-1.193350785807986e-09,4.824978220631772e-18
8,constant,114,0,115,1,5,0.08188424698718906,0.08188427635694184,6.142020128607761e-08,7.500854134478852e-07,3.627788094703501e-08,-1.7693143595327397e-10,-1.769314310918326e-10,4.861441376008875e-18
8,constant,115,0,116,2,5,0.08188427635694187,0.08188424698718907,6.142020121668867e-08,7.500854126004825e-07,3.627788094848594e-08,-1.7693145180478503e-10,-1.7693145442739466e-10,2.6226096329141826e-18
8,constant,115,2,121,1,5,0.16360024425991335,0.1636002298837758,2.8467294688194755e-08,1.7400520895903113e-07,2.2666432962281906e-08,1.926199832770429e-10,1.9261998504838731e-10,1.7713444160557547e-18
8,constant,116,0,117,1,5,0.09587426390041844,0.09587428808746436,1.5206144551860312e-07,1.586050322270766e-06,6.671091204474669e-08,4.1835986392427923e-10,4.1835986677342013e-10,2.8491409018776485e-18
8,constant,117,0,118,2,5,0.058338613465246755,0.058338661200167084,4.7734920329001174e-08,8.182381862555403e-07,2.0014010152056085e-08,-2.063710926549868e-10,-2.063710931896445e-10,5.346577015006938e-19
8,constant,117,2,123,1,5,0.1500920254205526,0.1500920141728859,3.034323378670045e-08,2.021641969430406e-07,1.992131749176394e-08,-1.1933507479371342e-09,-1.1933507542148668e-09,6.277732576196656e-18
8,constant,118,0,367,0,5,0.09200790738309408,0.09200793094762244,2.3564528356390113e-08,2.5611409922699755e-07,1.4031159295467798e-08,-3.650004860753657e-10,-3.650004880382781e-10,1.9629124148878292e-18
8,constant,119,0,120,1,5,0.060840304355324656,0.06084030075560034,2.4076718826981924e-08,3.9573633107367524e-07,1.027790092379217e-08,3.127788975108695e-10,3.127788982878909e-10,7.770214141835778e-19
8,constant,120,0,121,2,5,0.08167412510375804,0.08167413067036187,4.8352989764910426e-08,5.920233171512272e-07,2.0826115011153698e-08,-1.737482764293706e-10,-1.737482801633925e-10,3.734021911649619e-18
8,constant,120,2,124,1,5,0.141580139282551,0.14158014398002391,5.6942646708968425e-09,4.021937335859941e-08,3.296823693633431e-09,-1.9103377430274395e-10,-1.9103377614313747e-10,1.840393524483772e-18
8,constant,121,0,122,1,5,0.08167413067036189,0.08167412510375803,4.835298982042158e-08,5.920233178308935e-07,2.082611502159045e-08,-1.7374829147545258e-10,-1.7374828657025542e-10,4.905197162461399e-18
8,constant,122,0,123,2,5,0.06084030075560026,0.0608403043553247,2.4076718722898516e-08,3.957363293629109e-07,1.0277900907282125e-08,3.1277886920961374e-10,3.127788701873696e-10,9.77755866672447e-19
8,constant,122,2,126,1,5,0.14158013928255106,0.14158014398002383,5.694264504363389e-09,4.021937218235078e-08,3.2968236088863597e-09,-1.9103377992734593e-10,-1.910337790481832e-10,8.791627360467855e-19
8,constant,123,0,358,0,5,0.09131301544165457,0.09131302776692117,1.232526659900035e-08,1.3497818329341688e-07,6.623342959085789e-09,-4.169120719830823e-10,-4.1691207215497163e-10,1.718893203606497e-19
8,constant,124,0,125,1,5,0.06308936441704825,0.06308936742346297,8.920357640052057e-09,1.4139240896453452e-07,4.257514704792248e-09,1.083916553468068e-10,1.0839165691479594e-10,1.5679891451935879e-18
8,constant,125,0,126,2,5,0.06308936742346295,0.06308936441704825,8.92035752209086e-09,1.413924070947869e-07,4.257514686545637e-09,1.0839163809971549e-10,1.0839163984159816e-10,1.7418826724796653e-18
8,constant,125,2,127,1,5,0.12629677984286916,0.12629677742505163,2.741943505579769e-09,2.1710320001754043e-08,2.5382841317574743e-09,4.776423589260948e-11,4.776424265769064e-11,6.7650811559778456e-18
8,constant,126,0,347,0,5,0.07869427162263831,0.07869427570441961,4.081781301845666e-09,5.186884643524873e-08,1.993622427777655e-09,-8.112418997485454e-11,-8.112419168250333e-11,1.7076487947027867e-18
8,constant,127,0,334,0,5,0.06302314291203176,0.06302314235262094,1.111409339560332e-09,1.7634939931695355e-08,5.799789916559034e-10,3.9174897171898195e-11,3.9174897159721347e-11,1.2176848249210694e-20
8,constant,128,0,129,1,5,0.06979253064645809,0.06979252156717368,1.1312502934401891e-08,1.62087587734949e-07,5.8424280443045375e-09,2.3882104401933624e-11,2.3882103470511297e-11,9.314223269372665e-19
8,constant,128,1,192,2,5,0.008480334479588467,0.008480334017751737,1.1114093260078048e-09,1.3105725118306173e-07,5.799790181572512e-10,3.9174887173531774e-11,3.917488732620852e-11,1.5267674523970144e-19
8,constant,129,0,130,2,5,0.08397190770133375,0.0839718584752194,4.922611435143054e-08,5.862212220605376e-07,2.3596860428628752e-08,1.1987768320151003e-09,1.1987768313376532e-09,6.774470664056694e-19
8,constant,129,2,143,1,5,0.021065906539223384,0.021065852981021774,5.355820160979352e-08,2.54241143195388e-06,2.301683138069659e-08,-1.0903851953845846e-09,-1.0903851950022179e-09,3.823667196944747e-19
8,constant,130,0,131,1,5,0.06955566339403493,0.0695556080461085,5.5347926436466466e-08,7.957357278431635e-07,2.9884476793394114e-08,-1.3061754377066975e-09,-1.306175438301333e-09,5.946355337411481e-19
8,constant,130,1,207,2,5,0.02453402552332265,0.02453402580953265,4.081781333070689e-09,1.6637226049891577e-07,1.9936224550176813e-09,-8.112418719077028e-11,-8.112418690609302e-11,2.8467725803863326e-19
8,constant,131,0,132,2,5,0.10263775275534195,0.10263771235138673,4.0403955223200505e-08,3.9365588332308466e-07,2.0328780284964762e-08,9.396854312858248e-10,9.396854299529665e-10,1.3328582480880793e-18
8,constant,131,2,145,1,5,0.04264644474858783,0.042646316360046406,1.2838854142327438e-07,3.01053328548626e-06,5.876271181169704e-08,-1.5835648054577573e-10,-1.5835647937142907e-10,1.1743466612803083e-18
8,constant,132,0,133,1,5,0.06532131876402081,0.06532117065793216,1.481060886432406e-07,2.267346885299228e-06,7.487157013080795e-08,-2.2528349332631467e-09,-2.252834931753862e-09,1.5092844990122175e-18
8,constant,132,1,220,2,5,0.04884641733158028,0.04884642408944733,1.2325266605939245e-08,2.523268967114006e-07,6.623342999964067e-09,-4.169120770242856e-10,-4.169120766495494e-10,3.7473618533882616e-19
8,constant,133,0,134,2,5,0.125687378675548,0.12568740614671461,2.7471166619275067e-08,2.1856737648963842e-07,1.5100453024571336e-08,-3.2098746040504305e-10,-3.2098745933117505e-10,1.0738679982977263e-18
8,constant,133,2,147,1,5,0.07115965782959073,0.07115948367252041,1.741570703206463e-07,2.4474129813511494e-06,7.833183031399139e-08,1.6062622667438575e-09,1.6062622690420233e-09,2.2981658220234274e-18
8,constant,134,0,135,1,5,0.05985984339328913,0.05985968904051278,1.5435277635200695e-07,2.5785696654413797e-06,6.809276800214611e-08,-4.937029041606452e-10,-4.937029024392933e-10,1.7213518945797343e-18
8,constant,134,1,231,2,5,0.0755234987523757,0.07552351952001549,2.356452840496237e-08,3.120157608480789e-07,1.4031159353750199e-08,-3.6500048635235083e-10,-3.650004857566265e-10,5.957243102224211e-19
8,constant,135,0,136,2,5,0.1448944119256315,0.14489447956935333,6.764372184608902e-08,4.668481645894007e-07,4.42935864667383e-08,6.728654819414724e-10,6.728654805619122e-10,1.3795602450873638e-18
8,constant,135,2,149,1,5,0.09353079122050266,0.0935307002852713,1.3974056647936273e-07,1.4940594926639574e-06,6.587123741452123e-08,-7.508033488582763e-11,-7.508033331319102e-11,1.5726366077664288e-18
8,constant,136,0,137,1,5,0.058338661200166994,0.05833861346524674,4.773492025267334e-08,8.182381849471839e-07,2.0014010132967086e-08,2.0637108309875127e-10,2.0637108530252265e-10,2.2037713826389027e-18
8,constant,136,1,240,2,5,0.09200790738309414,0.09200793094762254,2.3564528398023477e-08,2.5611409967949483e-07,1.4031159339140495e-08,3.650004959605789e-10,3.650004943527773e-10,1.6078016065697065e-18
8,constant,137,0,138,2,5,0.15009202542055256,0.15009201417288584,3.034323386996718e-08,2.021641974978118e-07,1.9921317487677094e-08,1.1933507944123047e-09,1.1933507940503805e-09,3.6192419162614545e-19
8,constant,137,2,151,1,5,0.09587428808746437,0.09587426390041844,1.5206144561574764e-07,1.5860503232840149e-06,6.671091205991102e-08,-4.183598487156399e-10,-4.183598490489139e-10,3.332739639297588e-19
8,constant,138,0,139,1,5,0.06084030435532471,0.06084030075560031,2.407671876453188e-08,3.957363300472164e-07,1.0277900894978214e-08,-3.1277889220096657e-10,-3.1277889306572455e-10,8.647579802152398e-19
8,constant,138,1,247,2,5,0.09131301544165459,0.09131302776692121,1.2325266626755926e-08,1.3497818359737756e-07,6.623343006156033e-09,4.169120963226917e-10,4.169120985324442e-10,2.2097524671543322e-18
8,constant,139,0,140,2,5,0.141580139282551,0.14158014398002383,5.6942645321189644e-09,4.021937237839222e-08,3.2968236664002057e-09,1.9103379473261346e-10,1.9103379536500085e-10,6.323873848138206e-19
8,constant,139,2,153,1,5,0.08167412510375809,0.08167413067036187,4.8352989695521487e-08,5.920233163016444e-07,2.082611499707564e-08,1.7374827587540712e-10,1.7374827697150673e-10,1.0960996146334312e-18
8,constant,140,0,141,1,5,0.06308936441704822,0.06308936742346294,8.920357667807632e-09,1.413924094044752e-07,4.257514719711256e-09,-1.0839165878541377e-10,-1.083916595495747e-10,7.641609270074861e-19
8,constant,140,1,252,2,5,0.07869427162263835,0.07869427570441974,4.081781385112393e-09,5.186884749335263e-08,1.993622475536578e-09,8.11241902880073e-11,8.112418926266802e-11,1.025339276313195e-18
8,constant,141,0,142,2,5,0.12629677984286916,0.12629677742505155,2.741943533335345e-09,2.1710320221518756e-08,2.538284159933253e-09,-4.776424305574913e-11,-4.7764239448081925e-11,3.607667203799394e-18
8,constant,141,2,155,1,5,0.06308936742346295,0.06308936441704824,8.920357667807632e-09,1.4139240940447517e-07,4.257514725128469e-09,-1.0839164842447988e-10,-1.0839164590200578e-10,2.5224740947894453e-18
8,constant,142,0,447,0,5,0.06302314291203177,0.06302314235262088,1.1114093118047563e-09,1.763493949129244e-08,5.799790044187626e-10,-3.917489212545077e-11,-3.917489213762777e-11,1.2176996883227012e-20
8,constant,142,1,255,2,5,0.0630231429120318,0.06302314235262091,1.1114093534381198e-09,1.76349401518968e-08,5.799790512141699e-10,-3.917489039253304e-11,-3.917488691397773e-11,3.478555309097074e-18
8,constant,143,0,144,1,5,0.08601793311397422,0.08601793142106974,6.104219103797437e-08,7.096449406322416e-07,3.284718629113629e-08,1.1151416467251023e-09,1.1151416461742235e-09,5.508787133128587e-19
8,constant,144,0,145,2,5,0.12225435597863507,0.12225427594308347,8.00355516028528e-08,6.546642118571191e-07,4.5670520707101905e-08,-1.5391808614910346e-11,-1.5391807189487072e-11,1.4254232741503664e-18
8,constant,144,2,156,1,5,0.041797451999741664,0.04179740799606198,4.400367968615537e-08,1.0527837841987914e-06,1.7188920613505355e-08,-6.269065765856403e-10,-6.269065767079336e-10,1.2229327689198355e-19
8,constant,145,0,146,1,5,0.08873584629346117,0.08873578542762417,8.933313178083324e-08,1.0067310507796e-06,4.2138512663490795e-08,9.630998681787031e-11,9.630998669189236e-11,1.25977952930601e-19
8,constant,146,0,147,2,5,0.14859363659981947,0.14859359022413338,4.637568609688891e-08,3.120973896196121e-07,2.9647634973966113e-08,-1.808270090227922e-10,-1.808270109802568e-10,1.957464603373555e-18
8,constant,146,2,158,1,5,0.06725780963180185,0.06725770611259582,1.0351920602669207e-07,1.539140310893273e-06,4.281228035734434e-08,3.8955260547319786e-12,3.8955280641464196e-12,2.009414440974029e-18
8,constant,147,0,148,1,5,0.08677363482689243,0.08677348635895907,1.484679333640937e-07,1.710979765458451e-06,6.790664278738976e-08,-8.532333021233877e-10,-8.532333025220979e-10,3.987101542372974e-19
8,constant,148,0,149,2,5,0.17062447811175688,0.17062447750678722,1.4058500308333777e-08,8.239439301977315e-08,8.572241881269105e-09,3.092902242282517e-10,3.0929021666810524e-10,7.560146455399108e-18
8,constant,148,2,160,1,5,0.09065589316980449,0.09065575657526677,1.3659453772241203e-07,1.5067364398093947e-06,7.696844589524408e-08,2.1177788152103246e-10,2.1177788289845196e-10,1.3774195016620766e-18
8,constant,149,0,150,1,5,0.08311496196276363,0.08311485518726246,1.0677550117688117e-07,1.284672442306088e-06,5.724216692730678e-08,7.558284576213073e-12,7.558284128918466e-12,4.472946075155995e-19
8,constant,150,0,151,2,5,0.1763580839250925,0.17635811339474328,3.630408076937819e-08,2.0585432714466942e-07,2.096814426485584e-08,4.4091727226354987e-10,4.409172701295484e-10,2.134001489704622e-18
8,constant,150,2,162,1,5,0.09595922656819407,0.0959592792626645,1.6673793447330443e-07,1.7375905254238215e-06,8.511966030621557e-08,1.1739335591197562e-10,1.1739335439270043e-10,1.519275186450633e-18
8,constant,151,0,152,1,5,0.081884246987189,0.08188427635694182,6.142020132771098e-08,7.500854139563269e-07,3.62778809624956e-08,1.7693142873436495e-10,1.7693142381914732e-10,4.915217628401866e-18
8,constant,152,0,153,2,5,0.16360024425991354,0.16360022988377568,2.8467294632683604e-08,1.7400520861972122e-07,2.2666433072274504e-08,-1.9261998460772773e-10,-1.9261999261454344e-10,8.006815714371617e-18
8,constant,152,2,164,1,5,0.08188427635694179,0.08188424698718905,6.142020131383319e-08,7.500854137868468e-07,3.627788098973422e-08,1.7693147972751523e-10,1.7693148206974249e-10,2.3422272517122896e-18
8,constant,153,0,154,1,5,0.08167413067036187,0.0816741251037581,4.8352989695521487e-08,5.920233163016444e-07,2.0826114975602633e-08,1.737482655595891e-10,1.7374826069362977e-10,4.865959333117063e-18
8,constant,154,0,155,2,5,0.1415801392825511,0.1415801439800239,5.69426455987454e-09,4.021937257443365e-08,3.2968236565672682e-09,1.9103378148113068e-10,1.9103378461767316e-10,3.136542479263725e-18
8,constant,154,2,166,1,5,0.06084030075560032,0.060840304355324726,2.4076718806165243e-08,3.95736330731522e-07,1.0277900927269998e-08,-3.1277887094614217e-10,-3.127788690238619e-10,1.922280269223459e-18
8,constant,155,0,446,0,5,0.07869427162263831,0.07869427570441963,4.081781315723454e-09,5.186884661159939e-08,1.9936224653461587e-09,8.112420487034677e-11,8.112420316269764e-11,1.7076491307449105e-18
8,constant,156,0,157,1,5,0.09526002916654155,0.09526003097458242,1.3033300384768243e-07,1.3681814136976114e-06,6.116871256181112e-08,1.0594841531615333e-09,1.059484145759534e-09,7.401999241651166e-18
8,constant,157,0,158,2,5,0.15938941980964827,0.15938942855774466,3.741618528896318e-08,2.347469692785039e-07,2.379149229381192e-08,-1.187902433949719e-09,-1.1879024361065693e-09,2.156850286174868e-18
8,constant,157,2,167,1,5,0.06734876521030132,0.06734874494654748,3.902575026332178e-08,5.794575467190985e-07,1.891839896731549e-08,1.1461636668419329e-10,1.1461636933988994e-10,2.6556966506211506e-18
8,constant,158,0,159,1,5,0.09768564075493165,0.09768557489499823,1.8477201431388313e-07,1.8914961593734024e-06,8.281861702240437e-08,4.123160168025765e-10,4.1231601421698857e-10,2.585587923828453e-18
8,constant,159,0,160,2,5,0.18374798146392562,0.18374795762678414,3.0143396917425846e-08,1.640474996093699e-07,1.735410941627103e-08,-3.2917124666471926e-10,-3.2917125034600293e-10,3.681283667527805e-18
8,constant,159,2,169,1,5,0.08815439391189295,0.08815444613239805,9.905153930400701e-08,1.1236136536464962e-06,6.050567000125793e-08,-3.168485085198653e-10,-3.1684850637466836e-10,2.145196965705221e-18
8,constant,160,0,161,1,5,0.09604436674594188,0.09604443955892188,1.6605160824134657e-07,1.7289039220170191e-06,9.369297916683458e-08,-9.779938311865076e-12,-9.779940709183384e-12,2.3973183076889337e-18
8,constant,161,0,162,2,5,0.19163546393229794,0.19163545709120786,2.6666071989422946e-08,1.3914998530148724e-07,1.7975490576470303e-08,1.9559812377783263e-11,1.9559820523858142e-11,8.14607487921737e-18
8,constant,161,2,171,1,5,0.09604443955892188,0.09604436674594197,1.6605160815807984e-07,1.7289039211500587e-06,9.369297918099091e-08,-9.779886105323553e-12,-9.779883346176593e-12,2.7591469599543293e-18
8,constant,162,0,163,1,5,0.09595927926266445,0.09595922656819406,1.6673793443167106e-07,1.7375905249899575e-06,8.511966031898123e-08,1.1739333461959557e-10,1.1739334059859353e-10,5.978997952334355e-18
8,constant,163,0,164,2,5,0.17635808392509258,0.1763581133947433,3.6304080797133764e-08,2.058543273020513e-07,2.0968144256237183e-08,4.4091724904860407e-10,4.409172486922681e-10,3.5633596620289034e-19
8,constant,163,2,173,1,5,0.0831148551872624,0.08311496196276373,1.0677550132953684e-07,1.2846724441427676e-06,5.7242166971980475e-08,7.5582993603129e-12,7.558298480331695e-12,8.799812054135125e-19
8,constant,164,0,165,1,5,0.09587426390041841,0.09587428808746427,1.5206144550472533e-07,1.5860503221260177e-06,6.671091203360248e-08,-4.18359861771411e-10,-4.1835985615296804e-10,5.618442951417138e-18
8,constant,165,0,166,2,5,0.15009202542055267,0.15009201417288592,3.03432337311893e-08,2.0216419657319308e-07,1.9921317482551555e-08,1.1933507594212458e-09,1.1933507570547743e-09,2.3664715018759125e-18
8,constant,165,2,175,1,5,0.05833861346524673,0.0583386612001671,4.773492037063454e-08,8.182381869691897e-07,2.0014010172695982e-08,2.0637109509844762e-10,2.0637109337620434e-10,1.7222432850873367e-18
8,constant,166,0,443,0,5,0.09131301544165459,0.09131302776692127,1.2325266682267078e-08,1.3497818420529896e-07,6.623343027146279e-09,4.169120830034559e-10,4.169120828315658e-10,1.7189009584247396e-19
8,constant,167,0,168,1,5,0.0879103977275744,0.08791041099372157,8.670905450591793e-08,9.863343092789153e-07,3.880565607872765e-08,-1.791626179712069e-10,-1.7916262131199005e-10,3.3407831435740535e-18
8,constant,168,0,169,2,5,0.175964426373179,0.17596444490793087,4.880533524542763e-08,2.7735907257266565e-07,3.5714926480160845e-08,1.5016068652207672e-10,1.5016068693137024e-10,4.0929351658460714e-19
8,constant,168,2,176,1,5,0.08791041099372157,0.0879103977275744,8.670905456142908e-08,9.863343099103667e-07,3.8805656099681266e-08,-1.7916258506068307e-10,-1.791625816840739e-10,3.3766091630843377e-18
8,constant,169,0,170,1,5,0.08815444613239808,0.08815439391189295,9.905153929012922e-08,1.12361365348907e-06,6.05056699962153e-08,-3.1684854528893525e-10,-3.168485485700464e-10,3.2811111613650906e-18
8,constant,170,0,171,2,5,0.1837479814639258,0.18374795762678411,3.0143396806403544e-08,1.640474990051601e-07,1.7354109487568608e-08,-3.291712326543987e-10,-3.2917123804270244e-10,5.388303727416869e-18
8,constant,170,2,178,1,5,0.09768557489499821,0.09768564075493165,1.8477201425837197e-07,1.8914961588051392e-06,8.281861697423761e-08,4.123160412761873e-10,4.1231604381206497e-10,2.5358776777364663e-18
8,constant,171,0,172,1,5,0.09065575657526671,0.09065589316980445,1.3659453773628982e-07,1.5067364399624775e-06,7.696844587171925e-08,2.117778779198785e-10,2.1177787460276513e-10,3.3171133703458486e-18
8,constant,172,0,173,2,5,0.17062447811175696,0.17062447750678716,1.4058500141800323e-08,8.239439204374988e-08,8.572241832952422e-09,3.0929021367161613e-10,3.09290206385061e-10,7.286555123628699e-18
8,constant,172,2,180,1,5,0.08677348635895901,0.08677363482689246,1.4846793344736042e-07,1.710979766418036e-06,6.790664280574106e-08,-8.532332839850051e-10,-8.532332856656567e-10,1.6806515065148282e-18
8,constant,173,0,174,1,5,0.09353070028527127,0.0935307912205026,1.3974056636834042e-07,1.494059491476945e-06,6.587123735144202e-08,-7.508035291283114e-11,-7.508035605085908e-11,3.1380279405475056e-18
8,constant,174,0,175,2,5,0.14489441192563146,0.14489447956935333,6.76437218738446e-08,4.6684816478095785e-07,4.429358647875194e-08,6.728654908872281e-10,6.728654929307894e-10,2.0435612838408306e-18
8,constant,174,2,182,1,5,0.05985968904051273,0.05985984339328912,1.5435277638670142e-07,2.5785696660209755e-06,6.809276802511235e-08,-4.937028959608644e-10,-4.937028966773747e-10,7.165102572431799e-19
8,constant,175,0,438,0,5,0.09200790738309411,0.09200793094762244,2.3564528328634538e-08,2.5611409892533254e-07,1.4031159350375559e-08,3.650004853993608e-10,3.650004834364484e-10,1.9629124148878292e-18
8,constant,176,0,177,1,5,0.06734874494654747,0.06734876521030124,3.902575027026067e-08,5.794575468221286e-07,1.891839893855461e-08,1.1461635209423441e-10,1.1461635121212032e-10,8.821140906229805e-19
8,constant,177,0,178,2,5,0.15938941980964833,0.1593894285577447,3.741618531671875e-08,2.347469694526407e-07,2.379149230272423e-08,-1.1879024316794005e-09,-1.1879024395487599e-09,7.869359389670924e-18
8,constant,177,2,183,1,5,0.09526003097458237,0.0952600291665415,1.3033300393094915e-07,1.3681814145717115e-06,6.116871259135702e-08,1.0594841577849882e-09,1.0594841635449066e-09,5.759918339919073e-18
8,constant,178,0,179,1,5,0.06725770611259572,0.06725780963180183,1.035192061099588e-07,1.5391403121312964e-06,4.2812280370744736e-08,3.895529865229633e-12,3.895529858735438e-12,6.49419498915382e-21
8,constant,179,0,180,2,5,0.1485936365998194,0.1485935902241332,4.637568618015564e-08,3.1209739017997767e-07,2.9647634954479038e-08,-1.8082698619924665e-10,-1.8082698504378163e-10,1.1554650230278666e-18
8,constant,179,2,185,1,5,0.08873578542762411,0.0887358462934612,8.933313179471103e-08,1.006731050935994e-06,4.2138512676041276e-08,9.631001086088067e-11,9.631000855689563e-11,2.303985037632738e-18
8,constant,180,0,181,1,5,0.07115948367252038,0.07115965782959068,1.7415707029289074e-07,2.4474129809611047e-06,7.833183033710914e-08,1.6062622718934125e-09,1.6062622722411013e-09,3.476888268744141e-19
8,constant,181,0,182,2,5,0.12568737867554794,0.12568740614671453,2.747116659151949e-08,2.1856737626880836e-07,1.5100453039084683e-08,-3.209874663382129e-10,-3.2098746546127305e-10,8.769398690963082e-19
8,constant,181,2,187,1,5,0.06532117065793212,0.06532131876402082,1.4810608869875175e-07,2.2673468861490443e-06,7.487157013188443e-08,-2.2528349191309417e-09,-2.252834918850533e-09,2.804088509814948e-19
8,constant,182,0,431,0,5,0.07552349875237567,0.0755235195200154,2.356452831475675e-08,3.120157596536749e-07,1.4031159338692365e-08,-3.650004859164958e-10,-3.6500048466436037e-10,1.252135449867831e-18
8,constant,183,0,184,1,5,0.04179740799606198,0.041797451999741615,4.4003679637583115e-08,1.0527837830367062e-06,1.718892058554788e-08,-6.26906587549576e-10,-6.269065886762039e-10,1.126627852513043e-18
8,constant,184,0,185,2,5,0.12225435597863507,0.12225427594308329,8.003555178326405e-08,6.546642133328231e-07,4.5670520701876744e-08,-1.5391792042276463e-11,-1.53917903368997e-11,1.7053767622046508e-18
8,constant,184,2,188,1,5,0.08601793142106968,0.08601793311397421,6.104219109348552e-08,7.096449412775856e-07,3.28471863052826e-08,1.115141661066627e-09,1.115141659871023e-09,1.1956039622520023e-18
8,constant,185,0,186,1,5,0.0426463163600464,0.04264644474858782,1.2838854142327438e-07,3.0105332854862606e-06,5.876271179792779e-08,-1.5835648975423568e-10,-1.5835649168667766e-10,1.9324419762535196e-18
8,constant,186,0,187,2,5,0.10263775275534197,0.10263771235138669,4.0403955278711656e-08,3.9365588386392997e-07,2.0328780289821954e-08,9.396854456107852e-10,9.396854494934843e-10,3.882699148154747e-18
8,constant,186,2,190,1,5,0.06955560804610847,0.06955566339403493,5.534792646422204e-08,7.957357282422046e-07,2.988447680026062e-08,-1.3061754175780073e-09,-1.3061754169630773e-09,6.149299964798304e-19
8,constant,187,0,422,0,5,0.048846417331580266,0.048846424089447255,1.2325266592061457e-08,2.523268964272903e-07,6.6233429987097506e-09,-4.169120740380953e-10,-4.169120744118181e-10,3.7372278569087213e-19
8,constant,188,0,189,1,5,0.021065852981021718,0.02106590653922337,5.3558201651426884e-08,2.54241143393022e-06,2.3016831396086846e-08,-1.0903851933524967e-09,-1.0903851933957847e-09,4.3288015816125044e-20
8,constant,189,0,190,2,5,0.08397190770133374,0.08397185847521933,4.922611440694169e-08,5.862212227216058e-07,2.359686044385249e-08,1.198776823712214e-09,1.1987768206575837e-09,3.0546303504189905e-18
8,constant,189,2,191,1,5,0.06979252156717371,0.06979253064645807,1.131250296909636e-08,1.6208758823205765e-07,5.842428038895284e-09,2.388211618787741e-11,2.3882118248800283e-11,2.0609228743201295e-18
8,constant,190,0,411,0,5,0.024534025523322678,0.024534025809532622,4.0817813434790295e-09,1.66372260923157e-07,1.9936224409235195e-09,-8.112418614484873e-11,-8.112418620477975e-11,5.993101898766267e-20
8,constant,191,0,398,0,5,0.008480334479588444,0.008480334017751737,1.1114092979269685e-09,1.3105724787177333e-07,5.799790033329487e-10,3.9174896374742326e-11,3.917489641946762e-11,4.4725293829224214e-20
8,constant,192,0,193,1,5,0.07093433899563692,0.07093433150055357,9.728302004241574e-09,1.3714517033618863e-07,4.743513746079736e-09,2.3882100540343195e-11,2.3882100404046267e-11,1.3629692767462346e-19
8,constant,193,0,194,2,5,0.008024879992413442,0.008024924129667427,7.021449351021086e-08,8.749552316717134e-06,3.142956419501401e-08,1.6890337153801453e-09,1.6890337155199463e-09,1.3980096814697465e-19
8,constant,193,2,207,1,5,0.07016013881991912,0.07016017403681549,7.454658069311337e-08,1.0625198941780871e-06,3.1134368866074325e-08,-1.5806420816902888e-09,-1.5806420831675506e-09,1.4772618559584521e-18
8,constant,194,0,195,1,5,0.06921645327987137,0.06921638642962011,6.685025126518251e-08,9.658144573643306e-07,3.955829701103928e-08,-1.869279645812594e-09,-1.86927964577872e-09,3.3873873264659036e-20
8,constant,195,0,196,2,5,0.015280292576373838,0.015280341888167393,7.15821380729148e-08,4.68459008291861e-06,3.3554544399765874e-08,1.6311163561031308e-09,1.6311163563067452e-09,2.036144368878374e-19
8,constant,195,2,209,1,5,0.07379748323701214,0.07379756964667905,2.178745948655525e-07,2.952327507649258e-06,9.869383339617649e-08,-7.143227319755278e-10,-7.143227331654056e-10,1.189877804461604e-18
8,constant,196,0,197,1,5,0.05701945465778548,0.057019223860619014,2.3079716646862147e-07,4.047691579195212e-06,1.2577362659906171e-07,-3.810672623901118e-09,-3.810672625991317e-09,2.090198553957183e-18
8,constant,197,0,198,2,5,0.014013910737036554,0.014013880729408608,8.18255105651533e-08,5.83887767665748e-06,3.4812463425741755e-08,-8.191587687550305e-10,-8.191587687499382e-10,5.0923306460295766e-21
8,constant,197,2,211,1,5,0.05942072862479414,0.05942081274203237,3.601218025242603e-07,6.060533101216263e-06,1.7113080130595435e-07,2.939716379798609e-09,2.9397163783091744e-09,1.4894346458527825e-18
8,constant,198,0,199,1,5,0.03468500986003528,0.0346847069927686,3.028672666827159e-07,8.73193543565012e-06,1.4563343329906425e-07,-6.553004346433594e-10,-6.553004341877467e-10,4.5561273575543275e-19
8,constant,199,0,200,2,5,0.03468470699276859,0.034685009860035275,3.028672666827159e-07,8.731935435650122e-06,1.4563343329612153e-07,6.553004297387607e-10,6.553004300248262e-10,2.8606552560043867e-19
8,constant,199,2,213,1,5,0.021368345663211056,0.02136817814941606,1.6751379499496677e-07,7.839343187122245e-06,8.438775782988729e-08,3.987452266952697e-18,4.0465394324685846e-18,5.908716551588787e-20
8,constant,200,0,201,1,5,0.01401388072940862,0.01401391073703659,8.182551055127552e-08,5.838877675667178e-06,3.481246342879231e-08,8.191587678621978e-10,8.191587676621955e-10,2.0000234594797146e-19
8,constant,201,0,202,2,5,0.05701922386061906,0.05701945465778547,2.3079716640617143e-07,4.047691578099971e-06,1.257736265710633e-07,3.810672624091558e-09,3.8106726227688925e-09,1.3226651081947415e-18
8,constant,201,2,215,1,5,0.05942072862479421,0.05942081274203238,3.60121802545077e-07,6.060533101566588e-06,1.7113080130317984e-07,-2.9397163823233827e-09,-2.939716383207179e-09,8.837961623986071e-19
8,constant,202,0,203,1,5,0.015280341888167383,0.015280292576373864,7.158213814490583e-08,4.684590087629962e-06,3.355454441274163e-08,-1.6311163535904663e-09,-1.6311163532308415e-09,3.5962483631840117e-19
8,constant,203,0,204,2,5,0.06921638642962011,0.06921645327987141,6.685025130681588e-08,9.658144579658253e-07,3.9558297017739154e-08,1.8692796451637284e-09,1.8692796474968707e-09,2.3331423270446196e-18
8,constant,203,2,217,1,5,0.07379748323701217,0.07379756964667901,2.1787459487943028e-07,2.9523275078373116e-06,9.869383340017623e-08,7.14322728170358e-10,7.143227299652192e-10,1.7948611608706373e-18
8,constant,204,0,205,1,5,0.008024924129667432,0.008024879992413442,7.021449352322129e-08,8.74955231833838e-06,3.1429564200648696e-08,-1.6890337171667157e-09,-1.6890337170045035e-09,1.622121860731801e-19
8,constant,205,0,206,2,5,0.07093433150055353,0.07093433899563693,9.728301948730422e-09,1.371451695536177e-07,4.743513748743058e-09,-2.388211707984715e-11,-2.3882114845390675e-11,2.2344564746421698e-18
8,constant,205,2,219,1,5,0.0701601388199192,0.07016017403681551,7.454658079025789e-08,1.0625198955626974e-06,3.113436889048596e-08,1.580642080521993e-09,1.5806420832321991e-09,2.71020619862717e-18
8,constant,206,0,511,0,5,0.008480334017751737,0.008480334479588444,1.1114092979269685e-09,1.3105724787177333e-07,5.799790033329487e-10,-3.917489637474232e-11,-3.917489641946762e-11,4.472530029157275e-20
8,constant,207,0,208,1,5,0.09291057060456889,0.09291058082586888,7.254451582505705e-08,7.807992930430444e-07,4.2298237840216786e-08,1.6782458569168504e-09,1.6782458572439854e-09,3.271350430136965e-19
8,constant,208,0,209,2,5,0.027861843733603432,0.027861674211998366,1.695216050659476e-07,6.084364218204701e-06,8.448790887525928e-08,5.405744386859291e-10,5.40574438871345e-10,1.8541584302621137e-19
8,constant,208,2,220,1,5,0.07239527692392887,0.07239530215900367,7.518186250637937e-08,1.0384909001589014e-06,3.0245990814047746e-08,-1.3183374772388671e-09,-1.3183374781191904e-09,8.803232445968032e-19
8,constant,209,0,210,1,5,0.09611948124987456,0.09611941504970004,9.466746919706281e-08,9.848936757259743e-07,4.1726800301492076e-08,9.630997450125935e-11,9.630997255808223e-11,1.943177126243233e-18
8,constant,210,0,211,2,5,0.039101652021885966,0.03910149348856539,1.5853332057530478e-07,4.054389325713669e-06,8.350454863647568e-08,2.170212891108312e-10,2.1702129005178554e-10,9.409543427260213e-19
8,constant,210,2,222,1,5,0.071348041870945,0.07134808555149418,2.1567684039408563e-07,3.0228819557943824e-06,9.180061168206948e-08,-3.939527621742101e-10,-3.939527635577011e-10,1.3834910073582158e-18
8,constant,211,0,212,1,5,0.08545796732234279,0.08545770644306841,2.6087927437745684e-07,3.05272033201345e-06,1.122044918089965e-07,-2.361288395111647e-09,-2.3612883931010264e-09,2.0106204703071314e-18
8,constant,212,0,213,2,5,0.06156701055123805,0.06156715934807575,1.4879683770535612e-07,2.4168215535837726e-06,6.327519269993003e-08,4.598594148661337e-10,4.598594134938471e-10,1.3722866391660319e-18
8,constant,212,2,224,1,5,0.04539900592320765,0.0453989434723948,2.7533445600856285e-07,6.06476838885615e-06,1.1417827273102698e-07,1.1269336641531698e-09,1.1269336648049318e-09,6.517620744101322e-19
8,constant,213,0,214,1,5,0.061567159348075724,0.061567010551238074,1.4879683764984497e-07,2.416821552682138e-06,6.327519268475729e-08,-4.598594237987031e-10,-4.5985942604490833e-10,2.24620523107499e-18
8,constant,214,0,215,2,5,0.08545770644306838,0.08545796732234284,2.6087927446072356e-07,3.052720332987807e-06,1.1220449182894977e-07,2.3612884000730935e-09,2.3612884028330677e-09,2.7599741405668824e-18
8,constant,214,2,226,1,5,0.04539900592320769,0.04539894347239481,2.753344560237417e-07,6.064768389190487e-06,1.1417827274708531e-07,-1.1269336706277374e-09,-1.1269336709827244e-09,3.549870414189695e-19
8,constant,215,0,216,1,5,0.03910149348856537,0.039101652021885966,1.5853332059612146e-07,4.054389326246043e-06,8.350454862878768e-08,-2.1702129770032596e-10,-2.1702129742533225e-10,2.749937131014164e-19
8,constant,216,0,217,2,5,0.09611941504970004,0.09611948124987461,9.466746919706281e-08,9.848936757259736e-07,4.1726800320176015e-08,-9.630999708990752e-11,-9.631000050290188e-11,3.4129943566887077e-18
8,constant,216,2,228,1,5,0.07134804187094505,0.0713480855514942,2.156768404287801e-07,3.0228819562806517e-06,9.180061169160028e-08,3.939527584811605e-10,3.939527609009872e-10,2.419826719337114e-18
8,constant,217,0,218,1,5,0.02786167421199834,0.02786184373360352,1.6952160518043935e-07,6.084364222313949e-06,8.448790890721308e-08,-5.405744579778862e-10,-5.405744582699662e-10,2.9207995583431173e-19
8,constant,218,0,219,2,5,0.09291058082586887,0.09291057060456893,7.254451582505705e-08,7.807992930430445e-07,4.22982378402825e-08,-1.67824586549976e-09,-1.6782458672958536e-09,1.7960936599833413e-18
8,constant,218,2,230,1,5,0.0723952769239289,0.07239530215900367,7.518186249944048e-08,1.038490900063054e-06,3.0245990807762966e-08,1.3183374770484076e-09,1.318337478164233e-09,1.1158254940985598e-18
8,constant,219,0,510,0,5,0.024534025809532622,0.024534025523322678,4.0817813434790295e-09,1.66372260923157e-07,1.9936224409235195e-09,8.112418614484873e-11,8.112418620477973e-11,5.993099313826853e-20
8,constant,220,0,221,1,5,0.11616428343226931,0.11616433944329274,2.1302408169387999e-07,1.8338164940702021e-06,1.0954655538645559e-07,2.6173218318292064e-09,2.6173218354103873e-09,3.581180854736052e-18
8,constant,221,0,222,2,5,0.06436501800564028,0.06436480994528337,2.0806035690157376e-07,3.232506776947402e-06,1.14840052686736e-07,-2.5213565466386616e-09,-2.5213565461232934e-09,5.153682632062635e-19
8,constant,221,2,231,1,5,0.06333352663439454,0.06333348129397606,4.534041847525927e-08,7.158991593346114e-07,2.382267381695697e-08,6.127876761760862e-10,6.127876769163459e-10,7.40259646605343e-19
8,constant,222,0,223,1,5,0.12442200480664792,0.12442201448902417,2.971833552717351e-07,2.3885110403669845e-06,1.307802685235345e-07,1.9203711184942274e-09,1.9203711187077558e-09,2.1352840332443856e-19
8,constant,223,0,224,2,5,0.08916648519414092,0.08916637659761945,1.0859652146977261e-07,1.2179073923719988e-06,5.8798111271982075e-08,-1.2443270400112952e-09,-1.2443270393688439e-09,6.424513294352353e-19
8,constant,223,2,233,1,5,0.05328701242573861,0.05328691393643607,9.848930253991695e-08,1.8482796849827667e-06,5.303775425648462e-08,-4.674177147593983e-10,-4.674177149750211e-10,2.1562282463542283e-19
8,constant,224,0,225,1,5,0.11472797044251985,0.11472788565601283,1.1145257905464945e-07,9.71450803363497e-07,5.190186642017968e-08,-9.779933888689631e-12,-9.779935100840928e-12,1.2121512968158193e-18
8,constant,225,0,226,2,5,0.11472788565601282,0.1147279704425199,1.1145257901301608e-07,9.714508030006089e-07,5.190186641814047e-08,9.779901878565956e-12,9.779904580199048e-12,2.7016330919635173e-18
8,constant,225,2,235,1,5,0.019628100517533626,0.019628045918504523,5.5066777646453624e-08,2.8055072164146963e-06,4.645063490026723e-08,8.937303534011852e-18,9.099326295724757e-18,1.6202276171290547e-19
8,constant,226,0,227,1,5,0.08916637659761936,0.089166485194141,1.0859652163630606e-07,1.2179073942396664e-06,5.879811128119892e-08,1.2443270128783355e-09,1.244327014488929e-09,1.6105934445346495e-18
8,constant,227,0,228,2,5,0.12442201448902415,0.12442200480664793,2.971833552856129e-07,2.3885110404785227e-06,1.3078026854071571e-07,-1.9203711309402814e-09,-1.9203711305971304e-09,3.431509140339482e-19
8,constant,227,2,237,1,5,0.05328701242573865,0.05328691393643605,9.84893025954281e-08,1.8482796860245044e-06,5.3037754272488013e-08,4.674177181923405e-10,4.67417717410032e-10,7.823085458638636e-19
8,constant,228,0,229,1,5,0.06436480994528326,0.06436501800564035,2.08060357081985e-07,3.2325067797503383e-06,1.1484005273601146e-07,2.521356535977451e-09,2.5213565370813573e-09,1.1039064418571301e-18
8,constant,229,0,230,2,5,0.11616433944329271,0.11616428343226955,2.1302408162449105e-07,1.8338164934728683e-06,1.0954655536585695e-07,-2.617321861520805e-09,-2.6173218602704933e-09,1.2503116200147281e-18
8,constant,229,2,239,1,5,0.06333352663439457,0.06333348129397606,4.5340418503014845e-08,7.158991597728556e-07,2.3822673822582603e-08,-6.127876700674827e-10,-6.127876692219205e-10,8.455622201251811e-19
8,constant,230,0,507,0,5,0.048846424089447255,0.048846417331580266,1.2325266592061457e-08,2.523268964272903e-07,6.6233429987097506e-09,4.1691207403809524e-10,4.1691207441181813e-10,3.737228890884487e-19
8,constant,231,0,232,1,5,0.13017932217352285,0.13017938771279702,2.3522354485050467e-07,1.806918506710579e-06,1.0525851188969599e-07,-1.7565072087317207e-11,-1.7565074928991977e-11,2.841674769668745e-18
8,constant,232,0,233,2,5,0.09963599437521853,0.09963596660198999,7.65785637263372e-08,7.685833237931114e-07,3.199205121153813e-08,7.508035186051596e-11,7.508035210829874e-11,2.47782779670872e-19
8,constant,232,2,240,1,5,0.04282417038437187,0.04282407176322699,1.4851449033764785e-07,3.4680062451798554e-06,8.030997227707271e-08,-1.6159752863745186e-10,-1.615975285481759e-10,8.927594915162317e-20
8,constant,233,0,234,1,5,0.1376699898252726,0.1376699905306949,1.410728756590096e-07,1.02471769711901e-06,5.9128162771292e-08,1.5056916556962855e-10,1.50569165203305e-10,3.6632355171400873e-19
8,constant,234,0,235,2,5,0.12534179335143517,0.1253418582244747,1.3873991835944288e-07,1.1068921454074312e-06,7.28657101101889e-08,9.151557765715156e-10,9.151557760422028e-10,5.293128739726824e-19
8,constant,234,2,242,1,5,0.026736439594025933,0.026736364051716286,1.1241134099644959e-07,4.204424474736984e-06,7.07651506432469e-08,-1.5080551082702299e-09,-1.5080551083813442e-09,1.1111434450363565e-19
8,constant,235,0,236,1,5,0.12534185822447452,0.1253417933514353,1.3873991831780952e-07,1.1068921450752743e-06,7.286571008492686e-08,-9.151558130062921e-10,-9.151558104988645e-10,2.5074276277483175e-18
8,constant,236,0,237,2,5,0.13766999053069487,0.1376699898252727,1.410728756590096e-07,1.0247176971190103e-06,5.9128162771839044e-08,-1.5056918770061092e-10,-1.5056918066182503e-10,7.038785889040357e-18
8,constant,236,2,244,1,5,0.02673643959402597,0.026736364051716303,1.1241134095785199e-07,4.204424473293345e-06,7.076515063671922e-08,1.5080551097403664e-09,1.5080551105052926e-09,7.649261724716743e-19
8,constant,237,0,238,1,5,0.09963596660199,0.09963599437521853,7.657856365694826e-08,7.685833230966869e-07,3.1992051189283024e-08,-7.50803507931039e-11,-7.508035775278733e-11,6.959683434242524e-18
8,constant,238,0,239,2,5,0.13017938771279702,0.130179322173523,2.3522354483662689e-07,1.8069185066039737e-06,1.0525851188086412e-07,1.7565074887629638e-11,1.7565076165593905e-11,1.2779642678923758e-18
8,constant,238,2,246,1,5,0.04282417038437191,0.042824071763227,1.4851449031336172e-07,3.4680062446127393e-06,8.030997227040669e-08,1.615975289016881e-10,1.6159753070455553e-10,1.802867442019538e-18
8,constant,239,0,502,0,5,0.0755235195200154,0.07552349875237567,2.356452831475675e-08,3.120157596536749e-07,1.4031159338692364e-08,3.650004859164959e-10,3.6500048466436037e-10,1.2521355532654076e-18
8,constant,240,0,241,1,5,0.1253198074794165,0.12531981379408474,5.435434406730888e-08,4.3372506247591053e-07,2.1565894012416188e-08,-4.981713218710079e-10,-4.981713217141575e-10,1.5685040134261138e-19
8,constant,241,0,242,2,5,0.1128516150022337,0.11285168876953175,1.8596473227994181e-07,1.647868404164719e-06,9.47628679922966e-08,1.33345411037353e-09,1.333454112719454e-09,2.345923921869789e-18
8,constant,241,2,247,1,5,0.020904308468710296,0.020904254265727843,8.269107778721696e-08,3.95569544484045e-06,5.2702779456242066e-08,-1.5578376867928714e-09,-1.5578376870947683e-09,3.0189693534409106e-19
8,constant,242,0,243,1,5,0.12661031163441194,0.1266102512404578,1.1215763426331016e-07,8.858491288384632e-07,5.471337544071572e-08,3.9784826834268716e-10,3.9784826830856513e-10,3.4122027448424945e-20
8,constant,243,0,244,2,5,0.12661025124045774,0.126610311634412,1.1215763438821025e-07,8.85849129824955e-07,5.47133754640385e-08,-3.9784827088236325e-10,-3.97848269498749e-10,1.3836142572694862e-18
8,constant,243,2,249,1,5,0.007383629622075933,0.0073836349564133895,1.2571772393943359e-08,1.7026535667264507e-06,9.076827339501435e-09,1.1095816298121587e-17,1.1163402382539939e-17,6.758608441835224e-20
8,constant,244,0,245,1,5,0.11285168876953176,0.11285161500223366,1.8596473223830845e-07,1.6478684037957976e-06,9.476286800116984e-08,-1.3334541142200953e-09,-1.3334541107192601e-09,3.500835147477551e-18
8,constant,245,0,246,2,5,0.12531981379408463,0.12531980747941648,5.435434401179773e-08,4.33725062032955e-07,2.1565893993199982e-08,4.98171304721763e-10,4.981713055367828e-10,8.150198167775793e-19
8,constant,245,2,251,1,5,0.02090430846871033,0.020904254265727857,8.269107781670726e-08,3.955695446251171e-06,5.27027794573035e-08,1.557837695381477e-09,1.5578376954352482e-09,5.377128930931584e-20
8,constant,246,0,495,0,5,0.09200793094762244,0.09200790738309411,2.3564528328634538e-08,2.5611409892533254e-07,1.4031159350375559e-08,-3.650004853993609e-10,-3.650004834364483e-10,1.9629126216829824e-18
8,constant,247,0,248,1,5,0.10537850851229418,0.1053784921004074,3.117818282716289e-08,2.958685150067903e-07,1.342189244286078e-08,6.914308731414999e-10,6.914308761725755e-10,3.0310755552959305e-18
8,constant,248,0,249,2,5,0.10236099450521602,0.10236102945492663,8.94860534561559e-08,8.742199441786577e-07,3.99430306127148e-08,-5.559662446503799e-10,-5.559662420878737e-10,2.5625062760157734e-18
8,constant,248,2,252,1,5,0.006892649404799144,0.006892637490594714,1.5921565349116817e-08,2.3099340201506713e-06,1.1376636515789134e-08,-5.631042176151036e-10,-5.631042175771925e-10,3.7911135039377226e-20
8,constant,249,0,250,1,5,0.10236102945492655,0.10236099450521595,8.948605347003369e-08,8.742199443142353e-07,3.9943030614379386e-08,5.559662410160759e-10,5.55966243072628e-10,2.056552155360976e-18
8,constant,250,0,251,2,5,0.1053784921004074,0.10537850851229424,3.117818284104068e-08,2.9586851513848483e-07,1.3421892432810402e-08,-6.914309101559848e-10,-6.914309085597144e-10,1.5962703986379876e-18
8,constant,250,2,254,1,5,0.006892649404799172,0.006892637490594707,1.5921565349116817e-08,2.3099340201506616e-06,1.1376636510736564e-08,5.631042172550696e-10,5.631042174235864e-10,1.6851674990690615e-19
8,constant,251,0,486,0,5,0.09131302776692127,0.09131301544165459,1.2325266682267078e-08,1.3497818420529896e-07,6.623343027146278e-09,-4.1691208300345597e-10,-4.1691208283156587e-10,1.7189009584247396e-19
8,constant,252,0,253,1,5,0.0821810179780863,0.08218101103157135,2.0988379104136534e-08,2.553920554955053e-07,8.213756514857608e-09,4.902568659306844e-10,4.902568610701367e-10,4.860547710754588e-18
8,constant,253,0,254,2,5,0.08218101103157133,0.08218101797808637,2.0988379173525473e-08,2.5539205633984773e-07,8.213756524635497e-09,-4.902568928084799e-10,-4.902568964244362e-10,3.615956251470817e-18
8,constant,253,2,255,1,5,0.0011418099333798302,0.0011418083491788345,1.5842010184143746e-09,1.38744722050634e-06,1.252953833437706e-09,2.2740533262217477e-18,2.295793778219355e-18,2.1740451997607377e-20
8,constant,254,0,475,0,5,0.07869427570441963,0.07869427162263831,4.081781315723454e-09,5.186884661159939e-08,1.9936224653461587e-09,-8.112420487034677e-11,-8.112420316269764e-11,1.7076491307449105e-18
8,constant,255,0,462,0,5,0.06302314235262088,0.06302314291203177,1.1114093118047563e-09,1.763493949129244e-08,5.799790044187626e-10,3.917489212545078e-11,3.917489213762777e-11,1.2176990420878476e-20
8,constant,256,0,257,1,5,0.06979253064645807,0.06979252156717373,1.1312502927462997e-08,1.6208758763552728e-07,5.8424280214319794e-09,2.388210350692751e-11,2.388210376351718e-11,2.565896682551475e-19
8,constant,256,1,448,2,5,0.0707943073994842,0.07079430739948424,4.163336342344337e-17,5.88089140960318e-16,3.470516423196761e-17,-1.0080914551418354e-17,-9.540665209078912e-18,5.402493423394421e-19
8,constant,256,2,320,1,5,0.008480334479588474,0.008480334017751733,1.1114093257909644e-09,1.3105725115749182e-07,5.799790193829202e-10,3.9174887413043245e-11,3.917488726036657e-11,1.5267667415386755e-19
8,constant,257,0,258,2,5,0.0210659065392233,0.02106585298102178,5.35582015195879e-08,2.542411427671823e-06,2.3016831351702598e-08,-1.0903851933452132e-09,-1.0903851940784608e-09,7.33247636552731e-19
8,constant,257,2,271,1,5,0.08397190770133377,0.08397185847521933,4.9226114434697266e-08,5.862212230521396e-07,2.3596860428825846e-08,1.1987768310756405e-09,1.198776828405537e-09,2.6701034485548336e-18
8,constant,258,0,259,1,5,0.08601793311397417,0.08601793142106968,6.104219096858543e-08,7.096449398255622e-07,3.284718628249283e-08,1.115141646574514e-09,1.1151416414055904e-09,5.168923641644077e-18
8,constant,258,1,463,2,5,0.10024987255292027,0.10024987255292032,5.551115123125783e-17,5.537278982769217e-16,3.812580123811891e-17,-7.581766246649135e-18,-6.1538137949904625e-18,1.4279524516586728e-18
8,constant,259,0,260,2,5,0.04179745199974175,0.041797407996062005,4.4003679741666524e-08,1.0527837855268882e-06,1.7188920626480778e-08,-6.26906579222506e-10,-6.269065789843172e-10,2.3818882873375227e-19
8,constant,259,2,273,1,5,0.12225435597863517,0.12225427594308343,8.003555174163068e-08,6.546642129922755e-07,4.567052070652301e-08,-1.5391811169834684e-11,-1.539181428220431e-11,3.1123696251267232e-18
8,constant,260,0,261,1,5,0.09526002916654143,0.09526003097458238,1.3033300395870473e-07,1.3681814148630777e-06,6.116871260435877e-08,1.0594841479826107e-09,1.0594841491150768e-09,1.1324660932764422e-18
8,constant,260,1,476,2,5,0.13216960855456766,0.13216960855456772,5.551115123125783e-17,4.199993617166493e-16,4.651194547336526e-17,-7.928051813410375e-18,-1.4056781347274827e-17,6.128729533864453e-18
8,constant,261,0,262,2,5,0.06734876521030132,0.06734874494654752,3.902575027719957e-08,5.794575469251571e-07,1.8918398955400393e-08,1.1461635875613965e-10,1.1461635686711845e-10,1.88902119794908e-18
8,constant,261,2,275,1,5,0.15938941980964838,0.15938942855774468,3.7416185177940875e-08,2.347469685819564e-07,2.3791492245456787e-08,-1.1879024120205208e-09,-1.1879024175936195e-09,5.5730987713933595e-18
8,constant,262,0,263,1,5,0.08791039772757442,0.0879104109937216,8.670905451979571e-08,9.863343094367779e-07,3.880565608150937e-08,-1.7916261454917147e-10,-1.7916261783545706e-10,3.286285589686916e-18
8,constant,262,1,487,2,5,0.1537782441329402,0.15377824413294014,1.1102230246251565e-16,7.219636502452041e-16,6.988675367311056e-17,-2.082126770917215e-17,-1.3238829040183355e-17,7.582438668988795e-18
8,constant,263,0,264,2,5,0.08791041099372164,0.08791039772757443,8.670905447816235e-08,9.863343089631888e-07,3.8805656060146976e-08,-1.7916259981017656e-10,-1.7916259979582704e-10,1.4349515676263648e-20
8,constant,263,2,277,1,5,0.17596442637317894,0.17596444490793098,4.8805335273183204e-08,2.773590727303995e-07,3.571492651123976e-08,1.5016067773281163e-10,1.501606706899585e-10,7.04285313611228e-18
8,constant,264,0,265,1,5,0.06734874494654747,0.0673487652103013,3.9025750235566203e-08,5.794575463069818e-07,1.891839893690844e-08,1.1461634383800844e-10,1.1461634365182125e-10,1.8618718894741706e-19
8,constant,264,1,496,2,5,0.15377824413294017,0.1537782441329401,5.551115123125783e-17,3.6098182512260217e-16,5.551115123125783e-17,-2.1179533542076437e-17,-1.28699438964265e-17,8.309589645649938e-18
8,constant,265,0,266,2,5,0.09526003097458235,0.09526002916654149,1.3033300383380464e-07,1.3681814135519291e-06,6.116871258100756e-08,1.0594841563652216e-09,1.059484153270612e-09,3.0946096437849034e-18
8,constant,265,2,279,1,5,0.1593894198096484,0.15938942855774466,3.74161852612076e-08,2.3474696910436703e-07,2.379149226962694e-08,-1.1879024094158982e-09,-1.1879024065907137e-09,2.825184510567194e-18
8,constant,266,0,267,1,5,0.04179740799606195,0.04179745199974163,4.400367967921648e-08,1.05278378403278e-06,1.7188920599927844e-08,-6.269065860432843e-10,-6.269065848949122e-10,1.148372052672801e-18
8,constant,266,1,503,2,5,0.13216960855456764,0.13216960855456758,8.326672684688674e-17,6.299990425749743e-16,5.554427387655981e-17,-4.540633195073016e-18,-7.376316855334962e-18,2.835683660261946e-18
8,constant,267,0,268,2,5,0.08601793142106967,0.08601793311397415,6.104219092695207e-08,7.096449393415543e-07,3.284718629349241e-08,1.115141654022257e-09,1.1151416577308416e-09,3.708584660247541e-18
8,constant,267,2,281,1,5,0.12225435597863507,0.12225427594308333,8.003555174163068e-08,6.546642129922761e-07,4.567052070564795e-08,-1.539180283840538e-11,-1.5391807056380476e-11,4.217975095962037e-18
8,constant,268,0,269,1,5,0.021065852981021746,0.021065906539223384,5.3558201637549097e-08,2.5424114332714388e-06,2.3016831393648685e-08,-1.090385204142477e-09,-1.0903852039922114e-09,1.50265630076383e-19
8,constant,268,1,508,2,5,0.10024987255292024,0.10024987255292024,6.938893903907228e-17,6.921598728461527e-16,4.248927590600552e-17,-9.063210112178629e-18,-1.090487485632852e-17,1.841664744149892e-18
8,constant,269,0,270,2,5,0.06979252156717372,0.06979253064645807,1.131250291358521e-08,1.6208758743668384e-07,5.842428021560206e-09,2.3882112936685577e-11,2.3882110464851945e-11,2.4718336323998544e-18
8,constant,269,2,283,1,5,0.08397190770133373,0.08397185847521936,4.9226114365308327e-08,5.862212222258048e-07,2.3596860425393096e-08,1.19877683770138e-09,1.198776838435654e-09,7.342741676929093e-19
8,constant,270,1,511,2,5,0.07079430739948421,0.0707943073994842,5.551115123125783e-17,7.841188546137576e-16,3.8662932303144985e-17,-7.089480290622793e-18,-8.518790461349594e-18,1.4293101707268012e-18
8,constant,271,0,272,1,5,0.06955566339403493,0.06955560804610854,5.53479263948331e-08,7.957357272446016e-07,2.9884476774705655e-08,-1.3061754410948638e-09,-1.3061754412497736e-09,1.5490983562556198e-19
8,constant,271,2,322,1,5,0.024534025523322664,0.02453402580953264,4.081781331335965e-09,1.6637226042820898e-07,1.9936224521134998e-09,-8.11241865560163e-11,-8.112418684069287e-11,2.846765601049914e-19
8,constant,272,0,273,2,5,0.04264644474858779,0.04264631636004642,1.2838854136776323e-07,3.0105332841846035e-06,5.876271182384489e-08,-1.5835647002454126e-10,-1.5835647039110883e-10,3.6656756999471187e-19
8,constant,272,2,284,1,5,0.10263775275534205,0.1026377123513867,4.0403955348100595e-08,3.9365588453998635e-07,2.0328780307793008e-08,9.39685437235561e-10,9.396854405675735e-10,3.3320125475391537e-18
8,constant,273,0,274,1,5,0.0887358462934612,0.08873578542762414,8.933313176695545e-08,1.0067310506232051e-06,4.213851266073268e-08,9.630997617839824e-11,9.630997149137286e-11,4.687025380768394e-18
8,constant,274,0,275,2,5,0.06725780963180177,0.06725770611259584,1.0351920592954755e-07,1.5391403094489146e-06,4.28122803411626e-08,3.895538095759653e-12,3.895537493687352e-12,6.020723010383061e-19
8,constant,274,2,286,1,5,0.14859363659981958,0.14859359022413332,4.6375686263422367e-08,3.120973907403426e-07,2.9647634964971847e-08,-1.808270082731271e-10,-1.8082700280019782e-10,5.472929267164719e-18
8,constant,275,0,276,1,5,0.09768564075493161,0.09768557489499823,1.8477201427224976e-07,1.8914961589472059e-06,8.28186169859911e-08,4.1231603685301805e-10,4.123160427784813e-10,5.9254632366802296e-18
8,constant,276,0,277,2,5,0.0881543939118929,0.08815444613239802,9.905153926237364e-08,1.123613653174219e-06,6.050567000192693e-08,-3.168485195568105e-10,-3.1684851848715596e-10,1.0696545470525343e-18
8,constant,276,2,288,1,5,0.18374798146392565,0.1837479576267842,3.014339669538124e-08,1.6404749840095058e-07,1.7354109393533015e-08,-3.2917125650482095e-10,-3.291712573622836e-10,8.574626608028283e-19
8,constant,277,0,278,1,5,0.08815444613239798,0.08815439391189293,9.905153933176258e-08,1.1236136539613487e-06,6.050566998235605e-08,-3.168485475923942e-10,-3.16848550944738e-10,3.3523438198150946e-18
8,constant,278,0,279,2,5,0.09768557489499825,0.09768564075493162,1.847720142444942e-07,1.891496158663074e-06,8.281861697730109e-08,4.123160264589349e-10,4.1231602175280413e-10,4.706130771376531e-18
8,constant,278,2,290,1,5,0.18374798146392574,0.18374795762678411,3.0143396806403544e-08,1.6404749900516015e-07,1.7354109436491218e-08,-3.2917125055508337e-10,-3.291712501781012e-10,3.7698218749706077e-19
8,constant,279,0,280,1,5,0.0672577061125957,0.06725780963180185,1.0351920615159216e-07,1.5391403127503078e-06,4.281228036464641e-08,3.895524368652306e-12,3.8955232420467875e-12,1.126605518636504e-18
8,constant,280,0,281,2,5,0.0887357854276241,0.08873584629346119,8.933313169756651e-08,1.0067310498412334e-06,4.2138512671482677e-08,9.631001088335062e-11,9.631001533113923e-11,4.4477886175961135e-18
8,constant,280,2,292,1,5,0.14859363659981947,0.1485935902241333,4.637568618015564e-08,3.1209739017997746e-07,2.9647634980652164e-08,-1.8082701557487287e-10,-1.8082701416886683e-10,1.4060060364512967e-18
8,constant,281,0,282,1,5,0.04264631636004637,0.042646444748587836,1.2838854146490775e-07,3.010533286462504e-06,5.8762711824800263e-08,-1.5835648621852412e-10,-1.583564855886753e-10,6.298488192126837e-19
8,constant,282,0,283,2,5,0.0695556080461085,0.06955566339403493,5.5347926436466466e-08,7.957357278431635e-07,2.9884476792446674e-08,-1.3061754251680557e-09,-1.3061754256391326e-09,4.710768773071116e-19
8,constant,282,2,294,1,5,0.10263775275534191,0.10263771235138673,4.040395518156714e-08,3.936558829174508e-07,2.0328780270738798e-08,9.396854425184635e-10,9.396854414466293e-10,1.0718341679666116e-18
8,constant,284,0,285,1,5,0.06532131876402078,0.06532117065793216,1.4810608861548502e-07,2.2673468848743207e-06,7.487157013583982e-08,-2.252834949147797e-09,-2.2528349496787494e-09,5.309523459467625e-19
8,constant,284,2,324,1,5,0.0488464173315803,0.048846424089447324,1.2325266585122563e-08,2.5232689628523464e-07,6.6233429820230055e-09,-4.1691208159501316e-10,-4.169120819697468e-10,3.747336520982002e-19
8,constant,285,0,286,2,5,0.07115965782959063,0.07115948367252045,1.7415707018186843e-07,2.4474129794009204e-06,7.8331830305782e-08,1.6062622779523055e-09,1.606262275760395e-09,2.1919105432330814e-18
8,constant,285,2,295,1,5,0.12568737867554805,0.1256874061467146,2.747116653600834e-08,2.1856737582714785e-07,1.510045304292179e-08,-3.209874652137169e-10,-3.209874672399924e-10,2.026275483785157e-18
8,constant,286,0,287,1,5,0.08677363482689249,0.08677348635895904,1.4846793344736042e-07,1.7109797664180356e-06,6.790664278023307e-08,-8.532332863893313e-10,-8.53233291382627e-10,4.993295620011053e-18
8,constant,287,0,288,2,5,0.09065589316980442,0.0906557565752668,1.3659453762526752e-07,1.5067364387378215e-06,7.696844585693e-08,2.1177787084235327e-10,2.1177787254771266e-10,1.7053593914117872e-18
8,constant,287,2,297,1,5,0.17062447811175702,0.1706244775067872,1.4058500308333777e-08,8.239439301977308e-08,8.572241899597926e-09,3.092902283653344e-10,3.092902277227585e-10,6.425758718162128e-19
8,constant,288,0,289,1,5,0.09604436674594191,0.09604443955892193,1.6605160828297993e-07,1.7289039224504982e-06,9.369297920066757e-08,-9.779943724217012e-12,-9.779937743431522e-12,5.980785489638082e-18
8,constant,289,0,290,2,5,0.09604443955892193,0.09604436674594198,1.6605160803317975e-07,1.728903919849617e-06,9.369297915179878e-08,-9.779909790088603e-12,-9.779915030957726e-12,5.240869122986949e-18
8,constant,289,2,299,1,5,0.1916354639322978,0.191635457091208,2.6666072100445248e-08,1.3914998588082845e-07,1.7975490574679172e-08,1.9559804271916393e-11,1.955980135332768e-11,2.9185887113609162e-18
8,constant,290,0,291,1,5,0.0906557565752667,0.0906558931698044,1.3659453769465646e-07,1.5067364395032323e-06,7.696844586266995e-08,2.1177786836437244e-10,2.1177786479662748e-10,3.567744960046353e-18
8,constant,291,0,292,2,5,0.086773486358959,0.08677363482689243,1.4846793343348264e-07,1.7109797662581056e-06,6.79066427751159e-08,-8.532332849124864e-10,-8.532332808439324e-10,4.068554017291071e-18
8,constant,291,2,301,1,5,0.17062447811175693,0.1706244775067871,1.4058500169555899e-08,8.239439220642043e-08,8.572241834921102e-09,3.0929020945611714e-10,3.092902077069578e-10,1.749159328629506e-18
8,constant,292,0,293,1,5,0.07115948367252034,0.07115965782959066,1.741570703206463e-07,2.447412981351152e-06,7.833183032489449e-08,1.6062622537828945e-09,1.6062622536981716e-09,8.472294026497817e-20
8,constant,293,0,294,2,5,0.06532117065793216,0.06532131876402078,1.4810608861548502e-07,2.2673468848743207e-06,7.487157012220017e-08,-2.252834923027958e-09,-2.2528349244103487e-09,1.3823908571435203e-18
8,constant,293,2,303,1,5,0.125687378675548,0.1256874061467146,2.747116659151949e-08,2.1856737626880825e-07,1.510045303078438e-08,-3.209874609696697e-10,-3.20987462112379e-10,1.1427092775968395e-18
8,constant,295,0,296,1,5,0.05985984339328909,0.059859689040512774,1.5435277631731248e-07,2.5785696648617864e-06,6.809276799122799e-08,-4.937029077618234e-10,-4.937029073410978e-10,4.2072556624039625e-19
8,constant,295,2,326,1,5,0.07552349875237578,0.07552351952001547,2.356452834945122e-08,3.120157601130609e-07,1.4031159301851415e-08,-3.650004946944433e-10,-3.6500049529016246e-10,5.957191403435926e-19
8,constant,296,0,297,2,5,0.09353079122050258,0.09353070028527136,1.3974056646548494e-07,1.494059492515582e-06,6.587123737501817e-08,-7.508034982511812e-11,-7.508034859237085e-11,1.2327472668877771e-18
8,constant,296,2,304,1,5,0.14489441192563157,0.14489447956935333,6.76437217628223e-08,4.668481640147292e-07,4.429358647956271e-08,6.728654655253295e-10,6.72865469544352e-10,4.0190224422113956e-18
8,constant,297,0,298,1,5,0.08311496196276374,0.08311485518726251,1.0677550123239232e-07,1.2846724429739703e-06,5.724216693465899e-08,7.55827168298857e-12,7.558266490468981e-12,5.192519589002612e-18
8,constant,298,0,299,2,5,0.09595922656819403,0.09595927926266452,1.667379343761599e-07,1.7375905244114696e-06,8.511966025210168e-08,1.1739335720361732e-10,1.173933576286889e-10,4.2507157317874986e-19
8,constant,298,2,306,1,5,0.17635808392509253,0.1763581133947434,3.6304080797133764e-08,2.058543273020512e-07,2.096814427368784e-08,4.4091723170498347e-10,4.4091722741365275e-10,4.2913307134541586e-18
8,constant,299,0,300,1,5,0.09595927926266438,0.09595922656819406,1.6673793430677097e-07,1.737590523688364e-06,8.511966026773301e-08,1.173933277981423e-10,1.1739332540484904e-10,2.3932932468282507e-18
8,constant,300,0,301,2,5,0.08311485518726246,0.0831149619627637,1.0677550124627011e-07,1.284672443140942e-06,5.724216691299837e-08,7.55829322685303e-12,7.558296402790658e-12,3.175937628020811e-18
8,constant,300,2,308,1,5,0.17635808392509258,0.17635811339474328,3.630408076937819e-08,2.0585432714466942e-07,2.0968144230928663e-08,4.409172326895535e-10,4.409172262030362e-10,6.486517305503256e-18
8,constant,301,0,302,1,5,0.0935307002852713,0.09353079122050262,1.3974056645160715e-07,1.4940594923672047e-06,6.587123739532262e-08,-7.508036304345273e-11,-7.508036653897406e-11,3.495521339222511e-18
8,constant,302,0,303,2,5,0.059859689040512684,0.05985984339328911,1.5435277642833478e-07,2.57856966671649e-06,6.809276802414453e-08,-4.937028911154488e-10,-4.937028917888715e-10,6.734226259304458e-19
8,constant,302,2,310,1,5,0.1448944119256315,0.14489447956935336,6.76437218738446e-08,4.6684816478095775e-07,4.42935864867236e-08,6.728654725259013e-10,6.728654722539177e-10,2.719836028523359e-19
8,constant,304,0,305,1,5,0.058338661200167036,0.058338613465246776,4.7734920259612235e-08,8.182381850661249e-07,2.001401015068202e-08,2.0637107416660676e-10,2.0637107409985287e-10,6.675388902333561e-20
8,constant,304,2,328,1,5,0.09200790738309415,0.09200793094762248,2.3564528328634538e-08,2.5611409892533243e-07,1.4031159310496754e-08,3.650004840850676e-10,3.6500048569287323e-10,1.6078056390751927e-18
8,constant,305,0,306,2,5,0.09587428808746432,0.09587426390041849,1.5206144557411427e-07,1.5860503228497663e-06,6.671091202254171e-08,-4.183598392159212e-10,-4.1835983970355574e-10,4.876345516285856e-19
8,constant,305,2,311,1,5,0.15009202542055258,0.15009201417288587,3.034323392547833e-08,2.0216419786765921e-07,1.992131751133505e-08,1.1933507809830078e-09,1.193350785807986e-09,4.824978220631772e-18
8,constant,306,0,307,1,5,0.08188424698718906,0.08188427635694184,6.142020128607761e-08,7.500854134478852e-07,3.627788094703501e-08,1.7693143595327397e-10,1.769314310918326e-10,4.861441376008875e-18
8,constant,307,0,308,2,5,0.08188427635694187,0.08188424698718907,6.142020121668867e-08,7.500854126004825e-07,3.627788094848594e-08,1.7693145180478503e-10,1.7693145442739466e-10,2.6226096329141826e-18
8,constant,307,2,313,1,5,0.16360024425991335,0.1636002298837758,2.8467294688194755e-08,1.7400520895903113e-07,2.2666432962281906e-08,-1.926199832770429e-10,-1.9261998504838731e-10,1.7713444160557547e-18
8,constant,308,0,309,1,5,0.09587426390041844,0.09587428808746436,1.5206144551860312e-07,1.586050322270766e-06,6.671091204474669e-08,-4.1835986392427923e-10,-4.1835986677342013e-10,2.8491409018776485e-18
8,constant,309,0,310,2,5,0.058338613465246755,0.058338661200167084,4.7734920329001174e-08,8.182381862555403e-07,2.0014010152056085e-08,2.063710926549868e-10,2.063710931896445e-10,5.346577015006938e-19
8,constant,309,2,315,1,5,0.1500920254205526,0.1500920141728859,3.034323378670045e-08,2.021641969430406e-07,1.992131749176394e-08,1.1933507479371342e-09,1.1933507542148668e-09,6.277732576196656e-18
8,constant,311,0,312,1,5,0.060840304355324656,0.06084030075560034,2.4076718826981924e-08,3.9573633107367524e-07,1.027790092379217e-08,-3.127788975108695e-10,-3.127788982878909e-10,7.770214141835778e-19
8,constant,311,2,330,1,5,0.09131301544165461,0.09131302776692121,1.232526659900035e-08,1.3497818329341683e-07,6.623342984441004e-09,4.1691208448031276e-10,4.169120822705617e-10,2.2097510712870485e-18
8,constant,312,0,313,2,5,0.08167412510375804,0.08167413067036187,4.8352989764910426e-08,5.920233171512272e-07,2.0826115011153698e-08,1.737482764293706e-10,1.737482801633925e-10,3.734021911649619e-18
8,constant,312,2,316,1,5,0.141580139282551,0.14158014398002391,5.6942646708968425e-09,4.021937335859941e-08,3.296823693633431e-09,1.9103377430274395e-10,1.9103377614313747e-10,1.840393524483772e-18
8,constant,313,0,314,1,5,0.08167413067036189,0.08167412510375803,4.835298982042158e-08,5.920233178308935e-07,2.082611502159045e-08,1.7374829147545258e-10,1.7374828657025542e-10,4.905197162461399e-18
8,constant,314,0,315,2,5,0.06084030075560026,0.0608403043553247,2.4076718722898516e-08,3.957363293629109e-07,1.0277900907282125e-08,-3.1277886920961374e-10,-3.127788701873696e-10,9.77755866672447e-19
8,constant,314,2,318,1,5,0.14158013928255106,0.14158014398002383,5.694264504363389e-09,4.021937218235078e-08,3.2968236088863597e-09,1.9103377992734593e-10,1.910337790481832e-10,8.791627360467855e-19
8,constant,316,0,317,1,5,0.06308936441704825,0.06308936742346297,8.920357640052057e-09,1.4139240896453452e-07,4.257514704792248e-09,-1.083916553468068e-10,-1.0839165691479594e-10,1.5679891451935879e-18
8,constant,316,2,332,1,5,0.07869427162263837,0.07869427570441968,4.081781315723454e-09,5.186884661159935e-08,1.9936224365747763e-09,8.112417709820459e-11,8.112417812354407e-11,1.0253394831083481e-18
8,constant,317,0,318,2,5,0.06308936742346295,0.06308936441704825,8.92035752209086e-09,1.413924070947869e-07,4.257514686545637e-09,-1.0839163809971549e-10,-1.0839163984159816e-10,1.7418826724796653e-18
8,constant,317,2,319,1,5,0.12629677984286916,0.12629677742505163,2.741943505579769e-09,2.1710320001754043e-08,2.5382841317574743e-09,-4.776423589260948e-11,-4.776424265769064e-11,6.7650811559778456e-18
8,constant,319,2,334,1,5,0.06302314291203179,0.0630231423526209,1.1114092979269685e-09,1.763493927109098e-08,5.799790094272701e-10,-3.91748898054355e-11,-3.9174893283990736e-11,3.47855523801124e-18
8,constant,320,0,321,1,5,0.07093433899563689,0.07093433150055356,9.728301941791528e-09,1.371451694557964e-07,4.74351372157439e-09,2.3882105595073157e-11,2.3882105878542886e-11,2.834697294406707e-19
8,constant,320,2,384,1,5,0.062469601849366195,0.062469601849366244,4.85722573273506e-17,7.775342869076308e-16,2.7132639960347637e-17,6.1673324426806685e-18,8.184639564244091e-18,2.017307121563423e-18
8,constant,321,0,322,2,5,0.07016013881991913,0.07016017403681547,7.454658083189125e-08,1.0625198961561024e-06,3.113436889612562e-08,-1.5806420909611792e-09,-1.5806420884760019e-09,2.4851772964512536e-18
8,constant,321,2,335,1,5,0.008024879992413431,0.008024924129667434,7.021449351714976e-08,8.749552317581794e-06,3.142956419797021e-08,1.689033719974656e-09,1.689033719724608e-09,2.5004801377834846e-19
8,constant,322,0,323,1,5,0.09291057060456888,0.09291058082586881,7.254451581117927e-08,7.807992928936778e-07,4.2298237823176905e-08,1.6782458504371087e-09,1.6782458463002533e-09,4.13685535444534e-18
8,constant,323,0,324,2,5,0.07239527692392887,0.0723953021590036,7.518186249944048e-08,1.038490900063055e-06,3.0245990792870155e-08,-1.3183374851721655e-09,-1.3183374832733267e-09,1.8988387978443186e-18
8,constant,323,2,337,1,5,0.02786184373360352,0.027861674211998366,1.6952160515268377e-07,6.084364221317763e-06,8.448790889683558e-08,5.405744455607984e-10,5.405744452774858e-10,2.833126685218622e-19
8,constant,324,0,325,1,5,0.11616428343226931,0.11616433944329277,2.1302408172163556e-07,1.8338164943091353e-06,1.0954655539913088e-07,2.617321842765259e-09,2.617321843569354e-09,8.040948288372852e-19
8,constant,325,0,326,2,5,0.06333352663439457,0.06333348129397606,4.5340418503014845e-08,7.158991597728556e-07,2.382267381922171e-08,6.127876716889341e-10,6.127876715940346e-10,9.489953654606493e-20
8,constant,325,2,339,1,5,0.06436501800564033,0.06436480994528333,2.0806035699871828e-07,3.2325067784566746e-06,1.1484005270764508e-07,-2.5213565417902095e-09,-2.521356540763407e-09,1.0268024554192247e-18
8,constant,326,0,327,1,5,0.13017932217352288,0.13017938771279708,2.352235448227491e-07,1.8069185064973678e-06,1.052585118733168e-07,-1.7565078729627157e-11,-1.7565079425224013e-11,6.955968566111548e-19
8,constant,327,0,328,2,5,0.042824170384371835,0.04282407176322698,1.4851449032377007e-07,3.4680062448557937e-06,8.030997226751042e-08,-1.615975278843039e-10,-1.6159752816087506e-10,2.76571146529555e-19
8,constant,327,2,341,1,5,0.09963599437521856,0.09963596660198994,7.657856368470384e-08,7.685833233752565e-07,3.199205122763771e-08,7.508034647672615e-11,7.508034383271715e-11,2.6440090021560826e-18
8,constant,328,0,329,1,5,0.12531980747941648,0.12531981379408466,5.4354344039553304e-08,4.3372506225443286e-07,2.156589399580142e-08,-4.981713248338968e-10,-4.981713260172712e-10,1.1833744070881355e-18
8,constant,329,0,330,2,5,0.02090430846871033,0.02090425426572784,8.269107779415585e-08,3.955695445172379e-06,5.270277945107164e-08,-1.5578376766214657e-09,-1.5578376765523998e-09,6.906585883542132e-20
8,constant,329,2,343,1,5,0.11285161500223374,0.11285168876953174,1.8596473233545296e-07,1.6478684046566139e-06,9.476286802761331e-08,1.3334541160763804e-09,1.3334541147187892e-09,1.357591155198568e-18
8,constant,330,0,331,1,5,0.10537850851229416,0.10537849210040742,3.117818285491847e-08,2.958685152701797e-07,1.3421892434774074e-08,6.914308806223789e-10,6.914308838054159e-10,3.1830370090256238e-18
8,constant,331,0,332,2,5,0.006892649404799153,0.006892637490594709,1.592156533610639e-08,2.309934018263088e-06,1.1376636521886923e-08,-5.631042112883805e-10,-5.631042113584114e-10,7.0030868417541e-20
8,constant,331,2,345,1,5,0.10236099450521605,0.10236102945492655,8.948605348391148e-08,8.742199444498123e-07,3.994303062750251e-08,-5.559662435709973e-10,-5.559662437182706e-10,1.4727330421047243e-19
8,constant,332,0,333,1,5,0.08218101797808627,0.08218101103157138,2.0988379104136534e-08,2.553920554955054e-07,8.213756506474943e-09,4.902568600426278e-10,4.902568552419556e-10,4.800672242114937e-18
8,constant,333,0,334,2,5,0.001141809933379867,0.0011418083491788313,1.584201058529855e-09,1.3874472556395334e-06,1.2529538278761474e-09,-3.037640939516552e-18,-3.031435184991935e-18,6.205754524617165e-21
8,constant,333,2,347,1,5,0.08218101103157144,0.0821810179780863,2.0988379159647685e-08,2.5539205617097943e-07,8.213756511363362e-09,-4.902568778844411e-10,-4.902568790150397e-10,1.1305986296460272e-18
8,constant,335,0,336,1,5,0.06921645327987137,0.06921638642962018,6.685025119579358e-08,9.658144563618386e-07,3.9558297007857224e-08,-1.86927965028318e-09,-1.869279650494099e-09,2.1091864849183376e-19
8,constant,335,2,386,1,5,0.06677710937952716,0.06677710937952717,2.7755575615628914e-17,4.156450597147043e-16,1.8794973595304414e-17,6.281748296297027e-18,6.3725876494632195e-18,9.08393531661923e-20
8,constant,336,0,337,2,5,0.0737974832370121,0.07379756964667905,2.1787459490024697e-07,2.9523275081193884e-06,9.869383339760985e-08,-7.143227400216948e-10,-7.143227385400364e-10,1.4816583209141715e-18
8,constant,336,2,348,1,5,0.015280292576373866,0.015280341888167391,7.158213807248112e-08,4.684590082890229e-06,3.355454439679006e-08,1.6311163478425865e-09,1.6311163477718568e-09,7.072973263757174e-20
8,constant,337,0,338,1,5,0.09611948124987457,0.09611941504970006,9.466746916930724e-08,9.84893675437213e-07,4.1726800283879184e-08,9.630997334953195e-11,9.630996883569668e-11,4.513835267195716e-18
8,constant,338,0,339,2,5,0.07134804187094491,0.07134808555149413,2.1567684049816904e-07,3.022881957253196e-06,9.180061169510179e-08,-3.939527677829078e-10,-3.9395276539686687e-10,2.386040940807692e-18
8,constant,338,2,350,1,5,0.039101652021885994,0.03910149348856539,1.5853332060306036e-07,4.054389326423498e-06,8.350454863582496e-08,2.1702128205992628e-10,2.1702128126152328e-10,7.984029990423078e-19
8,constant,339,0,340,1,5,0.12442200480664788,0.12442201448902421,2.971833552717351e-07,2.3885110403669837e-06,1.3078026852805776e-07,1.920371122491382e-09,1.9203711202037777e-09,2.2876043799623504e-18
8,constant,340,0,341,2,5,0.053287012425738675,0.053286913936436045,9.848930263012257e-08,1.8482796866755903e-06,5.303775425864356e-08,-4.674176997257459e-10,-4.674176988249123e-10,9.008336014753618e-19
8,constant,340,2,352,1,5,0.08916648519414108,0.0891663765976194,1.0859652167793943e-07,1.2179073947065826e-06,5.87981112802058e-08,-1.244327032168452e-09,-1.244327033555668e-09,1.387215801656542e-18
8,constant,341,0,342,1,5,0.13766998982527262,0.13766999053069492,1.410728756590096e-07,1.0247176971190099e-06,5.912816276003148e-08,1.5056916951708643e-10,1.50569169856101e-10,3.3901457153148266e-19
8,constant,342,0,343,2,5,0.026736439594026024,0.02673636405171628,1.1241134089626931e-07,4.204424470990013e-06,7.076515061803365e-08,-1.508055093554054e-09,-1.5080550932367996e-09,3.1725437059675058e-19
8,constant,342,2,354,1,5,0.12534179335143533,0.12534185822447463,1.3873991841495403e-07,1.1068921458503098e-06,7.286571011629056e-08,9.151557868435462e-10,9.151557863842658e-10,4.592804545914929e-19
8,constant,343,0,344,1,5,0.12661031163441194,0.12661025124045786,1.1215763431882131e-07,8.858491292769041e-07,5.471337542842784e-08,3.978482648031933e-10,3.9784826352683626e-10,1.2763570559621853e-18
8,constant,344,0,345,2,5,0.007383629622075991,0.007383634956413398,1.2571772413892679e-08,1.702653569428278e-06,9.076827356882602e-09,-7.842424579468608e-18,-7.883634717586e-18,4.121013811739184e-20
8,constant,344,2,356,1,5,0.12661025124045783,0.12661031163441203,1.1215763442984361e-07,8.858491301537856e-07,5.47133754549572e-08,-3.978482938399257e-10,-3.97848296129263e-10,2.289337323345649e-18
8,constant,345,0,346,1,5,0.10236102945492656,0.10236099450521605,8.94860534561559e-08,8.742199441786584e-07,3.9943030614494615e-08,5.559662325671923e-10,5.559662348111989e-10,2.2440065850068242e-18
8,constant,346,0,347,2,5,0.006892649404799195,0.006892637490594722,1.5921565308350816e-08,2.309934014236237e-06,1.1376636486913812e-08,5.631042237858723e-10,5.631042237394613e-10,4.6411036218819e-20
8,constant,346,2,358,1,5,0.10537849210040745,0.10537850851229423,3.117818289655183e-08,2.958685156652635e-07,1.3421892428404287e-08,-6.91430923871206e-10,-6.914309221462884e-10,1.7249176634052972e-18
8,constant,348,0,349,1,5,0.057019454657785455,0.05701922386061904,2.3079716641311032e-07,4.047691578221666e-06,1.257736265834805e-07,-3.810672624912056e-09,-3.81067262624742e-09,1.3353639849586555e-18
8,constant,348,2,388,1,5,0.05983831209858221,0.0598383120985822,2.7755575615628914e-17,4.638428899849691e-16,1.8415696707999025e-17,1.8924464951265195e-18,4.475971362201115e-18,2.583524867074596e-18
8,constant,349,0,350,2,5,0.05942072862479416,0.059420812742032356,3.60121802545077e-07,6.060533101566591e-06,1.7113080130333726e-07,2.9397163810903385e-09,2.939716380190231e-09,9.001073368975403e-19
8,constant,349,2,359,1,5,0.014013910737036587,0.014013880729408611,8.182551055127552e-08,5.83887767566718e-06,3.4812463428187536e-08,-8.191587680132821e-10,-8.191587682299662e-10,2.1668409736132836e-19
8,constant,350,0,351,1,5,0.08545796732234276,0.08545770644306837,2.608792743913346e-07,3.052720332175844e-06,1.1220449180393812e-07,-2.36128839689796e-09,-2.3612883997086402e-09,2.810680312116383e-18
8,constant,351,0,352,2,5,0.04539900592320764,0.0453989434723948,2.753344559868788e-07,6.064768388378518e-06,1.1417827271787384e-07,1.126933661160961e-09,1.1269336610466318e-09,1.14329181954323e-19
8,constant,351,2,361,1,5,0.06156701055123809,0.06156715934807574,1.4879683764984497e-07,2.4168215526821374e-06,6.32751926922595e-08,4.598594198049326e-10,4.598594203797305e-10,5.747978814957483e-19
8,constant,352,0,353,1,5,0.11472797044251984,0.11472788565601284,1.1145257906852724e-07,9.714508034844597e-07,5.190186641597262e-08,-9.779939267899749e-12,-9.779934472277134e-12,4.795622614668031e-18
8,constant,353,0,354,2,5,0.01962810051753365,0.019628045918504516,5.5066777646453624e-08,2.805507216414693e-06,4.6450634882148186e-08,3.690145770417969e-18,3.4578705592809346e-18,2.322752111370341e-19
8,constant,353,2,363,1,5,0.11472788565601287,0.11472797044251988,1.1145257905464945e-07,9.714508033634967e-07,5.190186640370207e-08,9.77990657569204e-12,9.77990793965414e-12,1.3639621002764514e-18
8,constant,354,0,355,1,5,0.12534185822447447,0.12534179335143528,1.387399183455651e-07,1.1068921452967139e-06,7.28657101015694e-08,-9.151558275435224e-10,-9.151558292420079e-10,1.6984855205214715e-18
8,constant,355,0,356,2,5,0.026736439594025968,0.02673636405171631,1.1241134090255768e-07,4.20442447122522e-06,7.076515061640951e-08,1.5080550969817482e-09,1.5080550968230271e-09,1.5872107029790006e-19
8,constant,355,2,365,1,5,0.137669990530695,0.13766998982527262,1.410728755618651e-07,1.0247176964133762e-06,5.912816273877465e-08,-1.5056920564789563e-10,-1.5056921339935143e-10,7.751455805193395e-18
8,constant,356,0,357,1,5,0.1128516887695317,0.1128516150022337,1.8596473225218624e-07,1.6478684039187724e-06,9.476286799890795e-08,-1.333454127242743e-09,-1.333454128286951e-09,1.0442079898685655e-18
8,constant,357,0,358,2,5,0.02090430846871029,0.02090425426572785,8.269107788783092e-08,3.955695449653524e-06,5.270277947304431e-08,1.5578376812520492e-09,1.5578376810095422e-09,2.425070217240088e-19
8,constant,357,2,367,1,5,0.1253198137940847,0.1253198074794165,5.435434394240879e-08,4.3372506147925996e-07,2.156589395823836e-08,4.981712938293343e-10,4.981712921091167e-10,1.720217623164771e-18
8,constant,359,0,360,1,5,0.03468500986003528,0.03468470699276862,3.028672666618992e-07,8.731935435049956e-06,1.4563343329256245e-07,-6.553004368868469e-10,-6.553004368343441e-10,5.250280783996577e-20
8,constant,359,2,390,1,5,0.03536788838508288,0.035367888385082896,1.3877787807814457e-17,3.923838386028069e-16,8.128028055360444e-18,1.644436900013434e-18,1.3530803115410096e-18,2.9135658847242444e-19
8,constant,360,0,361,2,5,0.021368345663211056,0.021368178149416064,1.6751379499149732e-07,7.83934318695988e-06,8.438775782732774e-08,-3.2087874516871292e-18,-3.450259670464834e-18,2.4147221877770494e-19
8,constant,360,2,368,1,5,0.034684706992768606,0.03468500986003529,3.028672666827159e-07,8.731935435650118e-06,1.4563343329987465e-07,6.553004305334381e-10,6.553004301485245e-10,3.8491360880052547e-19
8,constant,361,0,362,1,5,0.0615671593480757,0.06156701055123808,1.487968376220894e-07,2.416821552231321e-06,6.32751926792921e-08,-4.598594339443345e-10,-4.5985943396930377e-10,2.4969273970525693e-20
8,constant,362,0,363,2,5,0.04539900592320765,0.04539894347239482,2.753344560410889e-07,6.064768389572599e-06,1.1417827273915267e-07,-1.1269336611229094e-09,-1.126933661704596e-09,5.816866416370899e-19
8,constant,362,2,370,1,5,0.08545770644306842,0.08545796732234279,2.6087927436357905e-07,3.052720331851057e-06,1.1220449181081421e-07,2.3612883928330323e-09,2.361288388145423e-09,4.687609370280856e-18
8,constant,363,0,364,1,5,0.08916637659761933,0.08916648519414103,1.0859652169181722e-07,1.2179073948622223e-06,5.879811129643702e-08,1.244327017269926e-09,1.2443270148558274e-09,2.4140984935951845e-18
8,constant,364,0,365,2,5,0.05328701242573869,0.053286913936436094,9.84893025954281e-08,1.8482796860245031e-06,5.303775426931932e-08,4.674177129474811e-10,4.674177138195871e-10,8.721060323917014e-19
8,constant,364,2,372,1,5,0.12442201448902426,0.12442200480664789,2.971833552023462e-07,2.388511039809292e-06,1.3078026849022138e-07,-1.9203711329697876e-09,-1.920371134836705e-09,1.866917277620438e-18
8,constant,365,0,366,1,5,0.09963596660199,0.09963599437521854,7.657856367082605e-08,7.685833232359717e-07,3.199205119658728e-08,-7.508036865148602e-11,-7.50803683253529e-11,3.2613312049674164e-19
8,constant,366,0,367,2,5,0.042824170384371876,0.042824071763227,1.48514490393159e-07,3.4680062464761122e-06,8.03099722925497e-08,1.615975350027837e-10,1.6159753387851785e-10,1.1242658382738978e-18
8,constant,366,2,374,1,5,0.1301793877127972,0.13017932217352285,2.3522354478111573e-07,1.806918506177551e-06,1.0525851187705557e-07,1.7565051148587478e-11,1.7565046285646423e-11,4.862941054459434e-18
8,constant,368,0,369,1,5,0.01401388072940863,0.01401391073703658,8.182551056341858e-08,5.838877676533683e-06,3.481246342977336e-08,8.191587672476206e-10,8.191587674923205e-10,2.4469987752788686e-19
8,constant,368,2,392,1,5,0.0353678883850829,0.03536788838508289,1.3877787807814457e-17,3.9238383860280686e-16,9.224912045388103e-18,1.0397592424336465e-19,6.628134378838149e-19,5.588375136404502e-19
8,constant,369,0,370,2,5,0.05942072862479416,0.0594208127420324,3.601218025485464e-07,6.060533101624974e-06,1.7113080130587164e-07,-2.939716382209738e-09,-2.9397163804801464e-09,1.7295916474565281e-18
8,constant,369,2,375,1,5,0.057019223860619056,0.05701945465778548,2.307971664269881e-07,4.047691578465051e-06,1.257736265916926e-07,3.810672618704076e-09,3.810672618943523e-09,2.3944728063817513e-19
8,constant,370,0,371,1,5,0.03910149348856537,0.03910165202188599,1.5853332061693814e-07,4.054389326778414e-06,8.350454864542875e-08,-2.1702128966107587e-10,-2.170212895613245e-10,9.975136442899471e-20
8,constant,371,0,372,2,5,0.07134804187094498,0.07134808555149423,2.1567684041490232e-07,3.0228819560861425e-06,9.180061168711194e-08,3.93952756191982e-10,3.939527549686993e-10,1.2232826663189454e-18
8,constant,371,2,377,1,5,0.09611941504970009,0.09611948124987457,9.466746915542945e-08,9.848936752928323e-07,4.172680027697166e-08,-9.631000752318125e-11,-9.631000792980174e-11,4.0662048243514203e-19
8,constant,372,0,373,1,5,0.06436480994528326,0.06436501800564032,2.0806035705422943e-07,3.232506779319118e-06,1.1484005271947256e-07,2.5213565311665717e-09,2.5213565329417493e-09,1.7751775710143255e-18
8,constant,373,0,374,2,5,0.06333352663439448,0.06333348129397612,4.534041836423697e-08,7.158991575816336e-07,2.3822673779978586e-08,-6.127876758283982e-10,-6.127876760538262e-10,2.254280168214733e-19
8,constant,373,2,379,1,5,0.11616433944329274,0.11616428343226944,2.1302408162449105e-07,1.833816493472868e-06,1.0954655536877335e-07,-2.617321876046051e-09,-2.617321875991284e-09,5.476680117652341e-20
8,constant,375,0,376,1,5,0.015280341888167397,0.015280292576373875,7.15821380638075e-08,4.684590082322595e-06,3.355454439757619e-08,-1.6311163442691005e-09,-1.6311163442393104e-09,2.979008258048474e-20
8,constant,375,2,394,1,5,0.05983831209858222,0.0598383120985822,4.163336342344337e-17,6.957643349774535e-16,3.059264087868098e-17,-5.510186835070471e-18,-5.975414559038109e-18,4.652277239676375e-19
8,constant,376,0,377,2,5,0.07379748323701213,0.0737975696466791,2.178745948724914e-07,2.952327507743282e-06,9.869383340430828e-08,7.143227314056434e-10,7.143227295130657e-10,1.8925776609927516e-18
8,constant,376,2,380,1,5,0.06921638642962019,0.0692164532798714,6.685025120967136e-08,9.658144565623368e-07,3.955829702309114e-08,1.8692796418289634e-09,1.8692796381532705e-09,3.675692857165136e-18
8,constant,377,0,378,1,5,0.027861674211998325,0.027861843733603505,1.6952160518043935e-07,6.0843642223139525e-06,8.448790891340271e-08,-5.40574445067731e-10,-5.405744449747675e-10,9.296352032238457e-20
8,constant,378,0,379,2,5,0.07239527692392884,0.07239530215900368,7.518186244392933e-08,1.0384908992962754e-06,3.024599078653531e-08,1.3183374870035854e-09,1.3183374863385272e-09,6.650581755763096e-19
8,constant,378,2,382,1,5,0.09291058082586885,0.09291057060456892,7.254451575566812e-08,7.807992922962089e-07,4.2298237801404486e-08,-1.6782458764704347e-09,-1.6782458767079007e-09,2.374659762759575e-19
8,constant,380,0,381,1,5,0.00802492412966746,0.008024879992413435,7.021449352495601e-08,8.749552318554516e-06,3.1429564202904053e-08,-1.6890337204668466e-09,-1.6890337205778832e-09,1.1103658952605567e-19
8,constant,380,2,396,1,5,0.0667771093795272,0.0667771093795272,4.163336342344337e-17,6.234675895720562e-16,2.832098555665641e-17,-5.896340069277219e-18,-8.747191314140067e-18,2.850851244862848e-18
8,constant,381,0,382,2,5,0.07016013881991909,0.07016017403681551,7.454658074862452e-08,1.0625198949692928e-06,3.1134368874937075e-08,1.5806421007206524e-09,1.5806420987180904e-09,2.0025620767796398e-18
8,constant,381,2,383,1,5,0.07093433150055357,0.07093433899563693,9.728301914035953e-09,1.3714516906451086e-07,4.743513709662583e-09,-2.3882118547762434e-11,-2.3882120970116035e-11,2.422353601012099e-18
8,constant,383,2,398,1,5,0.062469601849366244,0.06246960184936621,6.938893903907228e-17,1.1107632670109012e-15,4.7606261803891005e-17,-8.21635545759429e-18,-1.0109849246773189e-17,1.893493789178898e-18
8,constant,384,0,385,1,5,0.07093433899563692,0.07093433150055357,9.728302004241574e-09,1.3714517033618863e-07,4.743513746079736e-09,-2.3882100540343195e-11,-2.3882100404046267e-11,1.3629692767462346e-19
8,constant,384,2,448,1,5,0.008480334017751737,0.008480334479588467,1.1114093260078048e-09,1.3105725118306173e-07,5.799790181572513e-10,-3.917488717353177e-11,-3.9174887326208526e-11,1.5267675816439851e-19
8,constant,385,0,386,2,5,0.008024879992413442,0.008024924129667427,7.021449351021086e-08,8.749552316717134e-06,3.142956419501401e-08,-1.6890337153801453e-09,-1.6890337155199463e-09,1.3980096814697465e-19
8,constant,385,2,399,1,5,0.07016013881991912,0.07016017403681549,7.454658069311337e-08,1.0625198941780871e-06,3.1134368866074325e-08,1.5806420816902888e-09,1.5806420831675506e-09,1.4772618559584521e-18
8,constant,386,0,387,1,5,0.06921645327987137,0.06921638642962011,6.685025126518251e-08,9.658144573643306e-07,3.955829701103928e-08,1.869279645812594e-09,1.86927964577872e-09,3.3873873264659036e-20
8,constant,387,0,388,2,5,0.015280292576373838,0.015280341888167393,7.15821380729148e-08,4.68459008291861e-06,3.3554544399765874e-08,-1.6311163561031308e-09,-1.6311163563067452e-09,2.036144368878374e-19
8,constant,387,2,401,1,5,0.07379748323701214,0.07379756964667905,2.178745948655525e-07,2.952327507649258e-06,9.869383339617649e-08,7.143227319755278e-10,7.143227331654056e-10,1.189877804461604e-18
8,constant,388,0,389,1,5,0.05701945465778548,0.057019223860619014,2.3079716646862147e-07,4.047691579195212e-06,1.2577362659906171e-07,3.810672623901118e-09,3.810672625991317e-09,2.090198553957183e-18
8,constant,389,0,390,2,5,0.014013910737036554,0.014013880729408608,8.18255105651533e-08,5.83887767665748e-06,3.4812463425741755e-08,8.191587687550305e-10,8.191587687499382e-10,5.0923306460295766e-21
8,constant,389,2,403,1,5,0.05942072862479414,0.05942081274203237,3.601218025242603e-07,6.060533101216263e-06,1.7113080130595435e-07,-2.939716379798609e-09,-2.9397163783091744e-09,1.4894346458527825e-18
8,constant,390,0,391,1,5,0.03468500986003528,0.0346847069927686,3.028672666827159e-07,8.73193543565012e-06,1.4563343329906425e-07,6.553004346433594e-10,6.553004341877467e-10,4.5561273575543275e-19
8,constant,391,0,392,2,5,0.03468470699276859,0.034685009860035275,3.028672666827159e-07,8.731935435650122e-06,1.4563343329612153e-07,-6.553004297387607e-10,-6.553004300248262e-10,2.8606552560043867e-19
8,constant,391,2,405,1,5,0.021368345663211056,0.02136817814941606,1.6751379499496677e-07,7.839343187122245e-06,8.438775782988729e-08,-3.987452266952697e-18,-4.0465394324685846e-18,5.908716551588787e-20
8,constant,392,0,393,1,5,0.01401388072940862,0.01401391073703659,8.182551055127552e-08,5.838877675667178e-06,3.481246342879231e-08,-8.191587678621978e-10,-8.191587676621955e-10,2.0000234594797146e-19
8,constant,393,0,394,2,5,0.05701922386061906,0.05701945465778547,2.3079716640617143e-07,4.047691578099971e-06,1.257736265710633e-07,-3.810672624091558e-09,-3.8106726227688925e-09,1.3226651081947415e-18
8,constant,393,2,407,1,5,0.05942072862479421,0.05942081274203238,3.60121802545077e-07,6.060533101566588e-06,1.7113080130317984e-07,2.9397163823233827e-09,2.939716383207179e-09,8.837961623986071e-19
8,constant,394,0,395,1,5,0.015280341888167383,0.015280292576373864,7.158213814490583e-08,4.684590087629962e-06,3.355454441274163e-08,1.6311163535904663e-09,1.6311163532308415e-09,3.5962483631840117e-19
8,constant,395,0,396,2,5,0.06921638642962011,0.06921645327987141,6.685025130681588e-08,9.658144579658253e-07,3.9558297017739154e-08,-1.8692796451637284e-09,-1.8692796474968707e-09,2.3331423270446196e-18
8,constant,395,2,409,1,5,0.07379748323701217,0.07379756964667901,2.1787459487943028e-07,2.9523275078373116e-06,9.869383340017623e-08,-7.14322728170358e-10,-7.143227299652192e-10,1.7948611608706373e-18
8,constant,396,0,397,1,5,0.008024924129667432,0.008024879992413442,7.021449352322129e-08,8.74955231833838e-06,3.1429564200648696e-08,1.6890337171667157e-09,1.6890337170045035e-09,1.622121860731801e-19
8,constant,397,0,398,2,5,0.07093433150055353,0.07093433899563693,9.728301948730422e-09,1.371451695536177e-07,4.743513748743058e-09,2.388211707984715e-11,2.3882114845390675e-11,2.2344564746421698e-18
8,constant,397,2,411,1,5,0.0701601388199192,0.07016017403681551,7.454658079025789e-08,1.0625198955626974e-06,3.113436889048596e-08,-1.580642080521993e-09,-1.5806420832321991e-09,2.71020619862717e-18
8,constant,399,0,400,1,5,0.09291057060456889,0.09291058082586888,7.254451582505705e-08,7.807992930430444e-07,4.2298237840216786e-08,-1.6782458569168504e-09,-1.6782458572439854e-09,3.271350430136965e-19
8,constant,399,2,450,1,5,0.02453402580953265,0.02453402552332265,4.081781333070689e-09,1.6637226049891577e-07,1.9936224550176813e-09,8.112418719077028e-11,8.112418690609302e-11,2.8467725803863326e-19
8,constant,400,0,401,2,5,0.027861843733603432,0.027861674211998366,1.695216050659476e-07,6.084364218204701e-06,8.448790887525928e-08,-5.405744386859291e-10,-5.40574438871345e-10,1.8541584302621137e-19
8,constant,400,2,412,1,5,0.07239527692392887,0.07239530215900367,7.518186250637937e-08,1.0384909001589014e-06,3.0245990814047746e-08,1.3183374772388671e-09,1.3183374781191904e-09,8.803232445968032e-19
8,constant,401,0,402,1,5,0.09611948124987456,0.09611941504970004,9.466746919706281e-08,9.848936757259743e-07,4.1726800301492076e-08,-9.630997450125935e-11,-9.630997255808223e-11,1.943177126243233e-18
8,constant,402,0,403,2,5,0.039101652021885966,0.03910149348856539,1.5853332057530478e-07,4.054389325713669e-06,8.350454863647568e-08,-2.170212891108312e-10,-2.1702129005178554e-10,9.409543427260213e-19
8,constant,402,2,414,1,5,0.071348041870945,0.07134808555149418,2.1567684039408563e-07,3.0228819557943824e-06,9.180061168206948e-08,3.939527621742101e-10,3.939527635577011e-10,1.3834910073582158e-18
8,constant,403,0,404,1,5,0.08545796732234279,0.08545770644306841,2.6087927437745684e-07,3.05272033201345e-06,1.122044918089965e-07,2.361288395111647e-09,2.3612883931010264e-09,2.0106204703071314e-18
8,constant,404,0,405,2,5,0.06156701055123805,0.06156715934807575,1.4879683770535612e-07,2.4168215535837726e-06,6.327519269993003e-08,-4.598594148661337e-10,-4.598594134938471e-10,1.3722866391660319e-18
8,constant,404,2,416,1,5,0.04539900592320765,0.0453989434723948,2.7533445600856285e-07,6.06476838885615e-06,1.1417827273102698e-07,-1.1269336641531698e-09,-1.1269336648049318e-09,6.517620744101322e-19
8,constant,405,0,406,1,5,0.061567159348075724,0.061567010551238074,1.4879683764984497e-07,2.416821552682138e-06,6.327519268475729e-08,4.598594237987031e-10,4.5985942604490833e-10,2.24620523107499e-18
8,constant,406,0,407,2,5,0.08545770644306838,0.08545796732234284,2.6087927446072356e-07,3.052720332987807e-06,1.1220449182894977e-07,-2.3612884000730935e-09,-2.3612884028330677e-09,2.7599741405668824e-18
8,constant,406,2,418,1,5,0.04539900592320769,0.04539894347239481,2.753344560237417e-07,6.064768389190487e-06,1.1417827274708531e-07,1.1269336706277374e-09,1.1269336709827244e-09,3.549870414189695e-19
8,constant,407,0,408,1,5,0.03910149348856537,0.039101652021885966,1.5853332059612146e-07,4.054389326246043e-06,8.350454862878768e-08,2.1702129770032596e-10,2.1702129742533225e-10,2.749937131014164e-19
8,constant,408,0,409,2,5,0.09611941504970004,0.09611948124987461,9.466746919706281e-08,9.848936757259736e-07,4.1726800320176015e-08,9.630999708990752e-11,9.631000050290188e-11,3.4129943566887077e-18
8,constant,408,2,420,1,5,0.07134804187094505,0.0713480855514942,2.156768404287801e-07,3.0228819562806517e-06,9.180061169160028e-08,-3.939527584811605e-10,-3.939527609009872e-10,2.419826719337114e-18
8,constant,409,0,410,1,5,0.02786167421199834,0.02786184373360352,1.6952160518043935e-07,6.084364222313949e-06,8.448790890721308e-08,5.405744579778862e-10,5.405744582699662e-10,2.9207995583431173e-19
8,constant,410,0,411,2,5,0.09291058082586887,0.09291057060456893,7.254451582505705e-08,7.807992930430445e-07,4.22982378402825e-08,1.67824586549976e-09,1.6782458672958536e-09,1.7960936599833413e-18
8,constant,410,2,422,1,5,0.0723952769239289,0.07239530215900367,7.518186249944048e-08,1.038490900063054e-06,3.0245990807762966e-08,-1.3183374770484076e-09,-1.318337478164233e-09,1.1158254940985598e-18
8,constant,412,0,413,1,5,0.11616428343226931,0.11616433944329274,2.1302408169387999e-07,1.8338164940702021e-06,1.0954655538645559e-07,-2.6173218318292064e-09,-2.6173218354103873e-09,3.581180854736052e-18
8,constant,412,2,452,1,5,0.04884642408944733,0.04884641733158028,1.2325266605939245e-08,2.523268967114006e-07,6.6233429999640666e-09,4.169120770242856e-10,4.169120766495493e-10,3.7473628873640273e-19
8,constant,413,0,414,2,5,0.06436501800564028,0.06436480994528337,2.0806035690157376e-07,3.232506776947402e-06,1.14840052686736e-07,2.5213565466386616e-09,2.5213565461232934e-09,5.153682632062635e-19
8,constant,413,2,423,1,5,0.06333352663439454,0.06333348129397606,4.534041847525927e-08,7.158991593346114e-07,2.382267381695697e-08,-6.127876761760862e-10,-6.127876769163459e-10,7.40259646605343e-19
8,constant,414,0,415,1,5,0.12442200480664792,0.12442201448902417,2.971833552717351e-07,2.3885110403669845e-06,1.307802685235345e-07,-1.9203711184942274e-09,-1.9203711187077558e-09,2.1352840332443856e-19
8,constant,415,0,416,2,5,0.08916648519414092,0.08916637659761945,1.0859652146977261e-07,1.2179073923719988e-06,5.8798111271982075e-08,1.2443270400112952e-09,1.2443270393688439e-09,6.424513294352353e-19
8,constant,415,2,425,1,5,0.05328701242573861,0.05328691393643607,9.848930253991695e-08,1.8482796849827667e-06,5.303775425648462e-08,4.674177147593983e-10,4.674177149750211e-10,2.1562282463542283e-19
8,constant,416,0,417,1,5,0.11472797044251985,0.11472788565601283,1.1145257905464945e-07,9.71450803363497e-07,5.190186642017968e-08,9.779933888689631e-12,9.779935100840928e-12,1.2121512968158193e-18
8,constant,417,0,418,2,5,0.11472788565601282,0.1147279704425199,1.1145257901301608e-07,9.714508030006089e-07,5.190186641814047e-08,-9.779901878565956e-12,-9.779904580199048e-12,2.7016330919635173e-18
8,constant,417,2,427,1,5,0.019628100517533626,0.019628045918504523,5.5066777646453624e-08,2.8055072164146963e-06,4.645063490026723e-08,-8.937303534011852e-18,-9.099326295724757e-18,1.6202276171290547e-19
8,constant,418,0,419,1,5,0.08916637659761936,0.089166485194141,1.0859652163630606e-07,1.2179073942396664e-06,5.879811128119892e-08,-1.2443270128783355e-09,-1.244327014488929e-09,1.6105934445346495e-18
8,constant,419,0,420,2,5,0.12442201448902415,0.12442200480664793,2.971833552856129e-07,2.3885110404785227e-06,1.3078026854071571e-07,1.9203711309402814e-09,1.9203711305971304e-09,3.431509140339482e-19
8,constant,419,2,429,1,5,0.05328701242573865,0.05328691393643605,9.84893025954281e-08,1.8482796860245044e-06,5.3037754272488013e-08,-4.674177181923405e-10,-4.67417717410032e-10,7.823085458638636e-19
8,constant,420,0,421,1,5,0.06436480994528326,0.06436501800564035,2.08060357081985e-07,3.2325067797503383e-06,1.1484005273601146e-07,-2.521356535977451e-09,-2.5213565370813573e-09,1.1039064418571301e-18
8,constant,421,0,422,2,5,0.11616433944329271,0.11616428343226955,2.1302408162449105e-07,1.8338164934728683e-06,1.0954655536585695e-07,2.617321861520805e-09,2.6173218602704933e-09,1.2503116200147281e-18
8,constant,421,2,431,1,5,0.06333352663439457,0.06333348129397606,4.5340418503014845e-08,7.158991597728556e-07,2.3822673822582603e-08,6.127876700674827e-10,6.127876692219205e-10,8.455622201251811e-19
8,constant,423,0,424,1,5,0.13017932217352285,0.13017938771279702,2.3522354485050467e-07,1.806918506710579e-06,1.0525851188969599e-07,1.7565072087317207e-11,1.7565074928991977e-11,2.841674769668745e-18
8,constant,423,2,454,1,5,0.07552351952001549,0.0755234987523757,2.356452840496237e-08,3.120157608480789e-07,1.4031159353750199e-08,3.6500048635235083e-10,3.650004857566265e-10,5.957243102224211e-19
8,constant,424,0,425,2,5,0.09963599437521853,0.09963596660198999,7.65785637263372e-08,7.685833237931114e-07,3.199205121153813e-08,-7.508035186051596e-11,-7.508035210829874e-11,2.47782779670872e-19
8,constant,424,2,432,1,5,0.04282417038437187,0.04282407176322699,1.4851449033764785e-07,3.4680062451798554e-06,8.030997227707271e-08,1.6159752863745186e-10,1.615975285481759e-10,8.927594915162317e-20
8,constant,425,0,426,1,5,0.1376699898252726,0.1376699905306949,1.410728756590096e-07,1.02471769711901e-06,5.9128162771292e-08,-1.5056916556962855e-10,-1.50569165203305e-10,3.6632355171400873e-19
8,constant,426,0,427,2,5,0.12534179335143517,0.1253418582244747,1.3873991835944288e-07,1.1068921454074312e-06,7.28657101101889e-08,-9.151557765715156e-10,-9.151557760422028e-10,5.293128739726824e-19
8,constant,426,2,434,1,5,0.026736439594025933,0.026736364051716286,1.1241134099644959e-07,4.204424474736984e-06,7.07651506432469e-08,1.5080551082702299e-09,1.5080551083813442e-09,1.1111434450363565e-19
8,constant,427,0,428,1,5,0.12534185822447452,0.1253417933514353,1.3873991831780952e-07,1.1068921450752743e-06,7.286571008492686e-08,9.151558130062921e-10,9.151558104988645e-10,2.5074276277483175e-18
8,constant,428,0,429,2,5,0.13766999053069487,0.1376699898252727,1.410728756590096e-07,1.0247176971190103e-06,5.9128162771839044e-08,1.5056918770061092e-10,1.5056918066182503e-10,7.038785889040357e-18
8,constant,428,2,436,1,5,0.02673643959402597,0.026736364051716303,1.1241134095785199e-07,4.204424473293345e-06,7.076515063671922e-08,-1.5080551097403664e-09,-1.5080551105052926e-09,7.649261724716743e-19
8,constant,429,0,430,1,5,0.09963596660199,0.09963599437521853,7.657856365694826e-08,7.685833230966869e-07,3.1992051189283024e-08,7.50803507931039e-11,7.508035775278733e-11,6.959683434242524e-18
8,constant,430,0,431,2,5,0.13017938771279702,0.130179322173523,2.3522354483662689e-07,1.8069185066039737e-06,1.0525851188086412e-07,-1.7565074887629638e-11,-1.7565076165593905e-11,1.2779642678923758e-18
8,constant,430,2,438,1,5,0.04282417038437191,0.042824071763227,1.4851449031336172e-07,3.4680062446127393e-06,8.030997227040669e-08,-1.615975289016881e-10,-1.6159753070455553e-10,1.802867442019538e-18
8,constant,432,0,433,1,5,0.1253198074794165,0.12531981379408474,5.435434406730888e-08,4.3372506247591053e-07,2.1565894012416188e-08,4.981713218710079e-10,4.981713217141575e-10,1.5685040134261138e-19
8,constant,432,2,456,1,5,0.09200793094762254,0.09200790738309414,2.3564528398023477e-08,2.5611409967949483e-07,1.4031159339140497e-08,-3.650004959605789e-10,-3.650004943527774e-10,1.60780150317213e-18
8,constant,433,0,434,2,5,0.1128516150022337,0.11285168876953175,1.8596473227994181e-07,1.647868404164719e-06,9.47628679922966e-08,-1.33345411037353e-09,-1.333454112719454e-09,2.345923921869789e-18
8,constant,433,2,439,1,5,0.020904308468710296,0.020904254265727843,8.269107778721696e-08,3.95569544484045e-06,5.2702779456242066e-08,1.5578376867928714e-09,1.5578376870947683e-09,3.0189693534409106e-19
8,constant,434,0,435,1,5,0.12661031163441194,0.1266102512404578,1.1215763426331016e-07,8.858491288384632e-07,5.471337544071572e-08,-3.9784826834268716e-10,-3.9784826830856513e-10,3.4122027448424945e-20
8,constant,435,0,436,2,5,0.12661025124045774,0.126610311634412,1.1215763438821025e-07,8.85849129824955e-07,5.47133754640385e-08,3.9784827088236325e-10,3.97848269498749e-10,1.3836142572694862e-18
8,constant,435,2,441,1,5,0.007383629622075933,0.0073836349564133895,1.2571772393943359e-08,1.7026535667264507e-06,9.076827339501435e-09,-1.1095816298121587e-17,-1.1163402382539939e-17,6.758608441835224e-20
8,constant,436,0,437,1,5,0.11285168876953176,0.11285161500223366,1.8596473223830845e-07,1.6478684037957976e-06,9.476286800116984e-08,1.3334541142200953e-09,1.3334541107192601e-09,3.500835147477551e-18
8,constant,437,0,438,2,5,0.12531981379408463,0.12531980747941648,5.435434401179773e-08,4.33725062032955e-07,2.1565893993199982e-08,-4.98171304721763e-10,-4.981713055367828e-10,8.150198167775793e-19
8,constant,437,2,443,1,5,0.02090430846871033,0.020904254265727857,8.269107781670726e-08,3.955695446251171e-06,5.27027794573035e-08,-1.557837695381477e-09,-1.5578376954352482e-09,5.377128930931584e-20
8,constant,439,0,440,1,5,0.10537850851229418,0.1053784921004074,3.117818282716289e-08,2.958685150067903e-07,1.342189244286078e-08,-6.914308731414999e-10,-6.914308761725755e-10,3.0310755552959305e-18
8,constant,439,2,458,1,5,0.09131302776692121,0.09131301544165459,1.2325266626755926e-08,1.3497818359737756e-07,6.623343006156034e-09,-4.1691209632269177e-10,-4.169120985324443e-10,2.2097525188531205e-18
8,constant,440,0,441,2,5,0.10236099450521602,0.10236102945492663,8.94860534561559e-08,8.742199441786577e-07,3.99430306127148e-08,5.559662446503799e-10,5.559662420878737e-10,2.5625062760157734e-18
8,constant,440,2,444,1,5,0.006892649404799144,0.006892637490594714,1.5921565349116817e-08,2.3099340201506713e-06,1.1376636515789134e-08,5.631042176151036e-10,5.631042175771925e-10,3.7911135039377226e-20
8,constant,441,0,442,1,5,0.10236102945492655,0.10236099450521595,8.948605347003369e-08,8.742199443142353e-07,3.9943030614379386e-08,-5.559662410160759e-10,-5.55966243072628e-10,2.056552155360976e-18
8,constant,442,0,443,2,5,0.1053784921004074,0.10537850851229424,3.117818284104068e-08,2.9586851513848483e-07,1.3421892432810402e-08,6.914309101559848e-10,6.914309085597144e-10,1.5962703986379876e-18
8,constant,442,2,446,1,5,0.006892649404799172,0.006892637490594707,1.5921565349116817e-08,2.3099340201506616e-06,1.1376636510736564e-08,-5.631042172550696e-10,-5.631042174235864e-10,1.6851674990690615e-19
8,constant,444,0,445,1,5,0.0821810179780863,0.08218101103157135,2.0988379104136534e-08,2.553920554955053e-07,8.213756514857608e-09,-4.902568659306844e-10,-4.902568610701367e-10,4.860547710754588e-18
8,constant,444,2,460,1,5,0.07869427570441974,0.07869427162263835,4.081781385112393e-09,5.186884749335263e-08,1.993622475536578e-09,-8.112419028800731e-11,-8.112418926266798e-11,1.0253393280119833e-18
8,constant,445,0,446,2,5,0.08218101103157133,0.08218101797808637,2.0988379173525473e-08,2.5539205633984773e-07,8.213756524635497e-09,4.902568928084799e-10,4.902568964244362e-10,3.615956251470817e-18
8,constant,445,2,447,1,5,0.0011418099333798302,0.0011418083491788345,1.5842010184143746e-09,1.38744722050634e-06,1.252953833437706e-09,-2.2740533262217477e-18,-2.295793778219355e-18,2.1740451997607377e-20
8,constant,447,2,462,1,5,0.06302314235262091,0.0630231429120318,1.1114093534381198e-09,1.76349401518968e-08,5.799790512141699e-10,3.917489039253303e-11,3.917488691397773e-11,3.4785553026347255e-18
8,constant,448,0,449,1,5,0.06979253064645809,0.06979252156717368,1.1312502934401891e-08,1.62087587734949e-07,5.8424280443045375e-09,-2.3882104401933624e-11,-2.3882103470511297e-11,9.314223269372665e-19
8,constant,449,0,450,2,5,0.08397190770133375,0.0839718584752194,4.922611435143054e-08,5.862212220605376e-07,2.3596860428628752e-08,-1.1987768320151003e-09,-1.1987768313376532e-09,6.774470664056694e-19
8,constant,449,2,463,1,5,0.021065906539223384,0.021065852981021774,5.355820160979352e-08,2.54241143195388e-06,2.301683138069659e-08,1.0903851953845846e-09,1.0903851950022179e-09,3.823667196944747e-19
8,constant,450,0,451,1,5,0.06955566339403493,0.0695556080461085,5.5347926436466466e-08,7.957357278431635e-07,2.9884476793394114e-08,1.3061754377066975e-09,1.306175438301333e-09,5.946355337411481e-19
8,constant,451,0,452,2,5,0.10263775275534195,0.10263771235138673,4.0403955223200505e-08,3.9365588332308466e-07,2.0328780284964762e-08,-9.396854312858248e-10,-9.396854299529665e-10,1.3328582480880793e-18
8,constant,451,2,465,1,5,0.04264644474858783,0.042646316360046406,1.2838854142327438e-07,3.01053328548626e-06,5.876271181169704e-08,1.5835648054577573e-10,1.5835647937142907e-10,1.1743466612803083e-18
8,constant,452,0,453,1,5,0.06532131876402081,0.06532117065793216,1.481060886432406e-07,2.267346885299228e-06,7.487157013080795e-08,2.2528349332631467e-09,2.252834931753862e-09,1.5092844990122175e-18
8,constant,453,0,454,2,5,0.125687378675548,0.12568740614671461,2.7471166619275067e-08,2.1856737648963842e-07,1.5100453024571336e-08,3.2098746040504305e-10,3.2098745933117505e-10,1.0738679982977263e-18
8,constant,453,2,467,1,5,0.07115965782959073,0.07115948367252041,1.741570703206463e-07,2.4474129813511494e-06,7.833183031399139e-08,-1.6062622667438575e-09,-1.6062622690420233e-09,2.2981658220234274e-18
8,constant,454,0,455,1,5,0.05985984339328913,0.05985968904051278,1.5435277635200695e-07,2.5785696654413797e-06,6.809276800214611e-08,4.937029041606452e-10,4.937029024392933e-10,1.7213518945797343e-18
8,constant,455,0,456,2,5,0.1448944119256315,0.14489447956935333,6.764372184608902e-08,4.668481645894007e-07,4.42935864667383e-08,-6.728654819414724e-10,-6.728654805619122e-10,1.3795602450873638e-18
8,constant,455,2,469,1,5,0.09353079122050266,0.0935307002852713,1.3974056647936273e-07,1.4940594926639574e-06,6.587123741452123e-08,7.508033488582763e-11,7.508033331319102e-11,1.5726366077664288e-18
8,constant,456,0,457,1,5,0.058338661200166994,0.05833861346524674,4.773492025267334e-08,8.182381849471839e-07,2.0014010132967086e-08,-2.0637108309875127e-10,-2.0637108530252265e-10,2.2037713826389027e-18
8,constant,457,0,458,2,5,0.15009202542055256,0.15009201417288584,3.034323386996718e-08,2.021641974978118e-07,1.9921317487677094e-08,-1.1933507944123047e-09,-1.1933507940503805e-09,3.6192419162614545e-19
8,constant,457,2,471,1,5,0.09587428808746437,0.09587426390041844,1.5206144561574764e-07,1.5860503232840149e-06,6.671091205991102e-08,4.183598487156399e-10,4.183598490489139e-10,3.332739639297588e-19
8,constant,458,0,459,1,5,0.06084030435532471,0.06084030075560031,2.407671876453188e-08,3.957363300472164e-07,1.0277900894978214e-08,3.1277889220096657e-10,3.1277889306572455e-10,8.647579802152398e-19
8,constant,459,0,460,2,5,0.141580139282551,0.14158014398002383,5.6942645321189644e-09,4.021937237839222e-08,3.2968236664002057e-09,-1.9103379473261346e-10,-1.9103379536500085e-10,6.323873848138206e-19
8,constant,459,2,473,1,5,0.08167412510375809,0.08167413067036187,4.8352989695521487e-08,5.920233163016444e-07,2.082611499707564e-08,-1.7374827587540712e-10,-1.7374827697150673e-10,1.0960996146334312e-18
8,constant,460,0,461,1,5,0.06308936441704822,0.06308936742346294,8.920357667807632e-09,1.413924094044752e-07,4.257514719711256e-09,1.0839165878541377e-10,1.083916595495747e-10,7.641609270074861e-19
8,constant,461,0,462,2,5,0.12629677984286916,0.12629677742505155,2.741943533335345e-09,2.1710320221518756e-08,2.538284159933253e-09,4.776424305574913e-11,4.7764239448081925e-11,3.607667203799394e-18
8,constant,461,2,475,1,5,0.06308936742346295,0.06308936441704824,8.920357667807632e-09,1.4139240940447517e-07,4.257514725128469e-09,1.0839164842447988e-10,1.0839164590200578e-10,2.5224740947894453e-18
8,constant,463,0,464,1,5,0.08601793311397422,0.08601793142106974,6.104219103797437e-08,7.096449406322416e-07,3.284718629113629e-08,-1.1151416467251023e-09,-1.1151416461742235e-09,5.508787133128587e-19
8,constant,464,0,465,2,5,0.12225435597863507,0.12225427594308347,8.00355516028528e-08,6.546642118571191e-07,4.5670520707101905e-08,1.5391808614910346e-11,1.5391807189487072e-11,1.4254232741503664e-18
8,constant,464,2,476,1,5,0.041797451999741664,0.04179740799606198,4.400367968615537e-08,1.0527837841987914e-06,1.7188920613505355e-08,6.269065765856403e-10,6.269065767079336e-10,1.2229327689198355e-19
8,constant,465,0,466,1,5,0.08873584629346117,0.08873578542762417,8.933313178083324e-08,1.0067310507796e-06,4.2138512663490795e-08,-9.630998681787031e-11,-9.630998669189236e-11,1.25977952930601e-19
8,constant,466,0,467,2,5,0.14859363659981947,0.14859359022413338,4.637568609688891e-08,3.120973896196121e-07,2.9647634973966113e-08,1.808270090227922e-10,1.808270109802568e-10,1.957464603373555e-18
8,constant,466,2,478,1,5,0.06725780963180185,0.06725770611259582,1.0351920602669207e-07,1.539140310893273e-06,4.281228035734434e-08,-3.8955260547319786e-12,-3.8955280641464196e-12,2.009414440974029e-18
8,constant,467,0,468,1,5,0.08677363482689243,0.08677348635895907,1.484679333640937e-07,1.710979765458451e-06,6.790664278738976e-08,8.532333021233877e-10,8.532333025220979e-10,3.987101542372974e-19
8,constant,468,0,469,2,5,0.17062447811175688,0.17062447750678722,1.4058500308333777e-08,8.239439301977315e-08,8.572241881269105e-09,-3.092902242282517e-10,-3.0929021666810524e-10,7.560146455399108e-18
8,constant,468,2,480,1,5,0.09065589316980449,0.09065575657526677,1.3659453772241203e-07,1.5067364398093947e-06,7.696844589524408e-08,-2.1177788152103246e-10,-2.1177788289845196e-10,1.3774195016620766e-18
8,constant,469,0,470,1,5,0.08311496196276363,0.08311485518726246,1.0677550117688117e-07,1.284672442306088e-06,5.724216692730678e-08,-7.558284576213073e-12,-7.558284128918466e-12,4.472946075155995e-19
8,constant,470,0,471,2,5,0.1763580839250925,0.17635811339474328,3.630408076937819e-08,2.0585432714466942e-07,2.096814426485584e-08,-4.4091727226354987e-10,-4.409172701295484e-10,2.134001489704622e-18
8,constant,470,2,482,1,5,0.09595922656819407,0.0959592792626645,1.6673793447330443e-07,1.7375905254238215e-06,8.511966030621557e-08,-1.1739335591197562e-10,-1.1739335439270043e-10,1.519275186450633e-18
8,constant,471,0,472,1,5,0.081884246987189,0.08188427635694182,6.142020132771098e-08,7.500854139563269e-07,3.62778809624956e-08,-1.7693142873436495e-10,-1.7693142381914732e-10,4.915217628401866e-18
8,constant,472,0,473,2,5,0.16360024425991354,0.16360022988377568,2.8467294632683604e-08,1.7400520861972122e-07,2.2666433072274504e-08,1.9261998460772773e-10,1.9261999261454344e-10,8.006815714371617e-18
8,constant,472,2,484,1,5,0.08188427635694179,0.08188424698718905,6.142020131383319e-08,7.500854137868468e-07,3.627788098973422e-08,-1.7693147972751523e-10,-1.7693148206974249e-10,2.3422272517122896e-18
8,constant,473,0,474,1,5,0.08167413067036187,0.0816741251037581,4.8352989695521487e-08,5.920233163016444e-07,2.0826114975602633e-08,-1.737482655595891e-10,-1.7374826069362977e-10,4.865959333117063e-18
8,constant,474,0,475,2,5,0.1415801392825511,0.1415801439800239,5.69426455987454e-09,4.021937257443365e-08,3.2968236565672682e-09,-1.9103378148113068e-10,-1.9103378461767316e-10,3.136542479263725e-18
8,constant,474,2,486,1,5,0.06084030075560032,0.060840304355324726,2.4076718806165243e-08,3.95736330731522e-07,1.0277900927269998e-08,3.1277887094614217e-10,3.127788690238619e-10,1.922280269223459e-18
8,constant,476,0,477,1,5,0.09526002916654155,0.09526003097458242,1.3033300384768243e-07,1.3681814136976114e-06,6.116871256181112e-08,-1.0594841531615333e-09,-1.059484145759534e-09,7.401999241651166e-18
8,constant,477,0,478,2,5,0.15938941980964827,0.15938942855774466,3.741618528896318e-08,2.347469692785039e-07,2.379149229381192e-08,1.187902433949719e-09,1.1879024361065693e-09,2.156850286174868e-18
8,constant,477,2,487,1,5,0.06734876521030132,0.06734874494654748,3.902575026332178e-08,5.794575467190985e-07,1.891839896731549e-08,-1.1461636668419329e-10,-1.1461636933988994e-10,2.6556966506211506e-18
8,constant,478,0,479,1,5,0.09768564075493165,0.09768557489499823,1.8477201431388313e-07,1.8914961593734024e-06,8.281861702240437e-08,-4.123160168025765e-10,-4.1231601421698857e-10,2.585587923828453e-18
8,constant,479,0,480,2,5,0.18374798146392562,0.18374795762678414,3.0143396917425846e-08,1.640474996093699e-07,1.735410941627103e-08,3.2917124666471926e-10,3.2917125034600293e-10,3.681283667527805e-18
8,constant,479,2,489,1,5,0.08815439391189295,0.08815444613239805,9.905153930400701e-08,1.1236136536464962e-06,6.050567000125793e-08,3.168485085198653e-10,3.1684850637466836e-10,2.145196965705221e-18
8,constant,480,0,481,1,5,0.09604436674594188,0.09604443955892188,1.6605160824134657e-07,1.7289039220170191e-06,9.369297916683458e-08,9.779938311865076e-12,9.779940709183384e-12,2.3973183076889337e-18
8,constant,481,0,482,2,5,0.19163546393229794,0.19163545709120786,2.6666071989422946e-08,1.3914998530148724e-07,1.7975490576470303e-08,-1.9559812377783263e-11,-1.9559820523858142e-11,8.14607487921737e-18
8,constant,481,2,491,1,5,0.09604443955892188,0.09604436674594197,1.6605160815807984e-07,1.7289039211500587e-06,9.369297918099091e-08,9.779886105323553e-12,9.779883346176593e-12,2.7591469599543293e-18
8,constant,482,0,483,1,5,0.09595927926266445,0.09595922656819406,1.6673793443167106e-07,1.7375905249899575e-06,8.511966031898123e-08,-1.1739333461959557e-10,-1.1739334059859353e-10,5.978997952334355e-18
8,constant,483,0,484,2,5,0.17635808392509258,0.1763581133947433,3.6304080797133764e-08,2.058543273020513e-07,2.0968144256237183e-08,-4.4091724904860407e-10,-4.409172486922681e-10,3.5633596620289034e-19
8,constant,483,2,493,1,5,0.0831148551872624,0.08311496196276373,1.0677550132953684e-07,1.2846724441427676e-06,5.7242166971980475e-08,-7.5582993603129e-12,-7.558298480331695e-12,8.799812054135125e-19
8,constant,484,0,485,1,5,0.09587426390041841,0.09587428808746427,1.5206144550472533e-07,1.5860503221260177e-06,6.671091203360248e-08,4.18359861771411e-10,4.1835985615296804e-10,5.618442951417138e-18
8,constant,485,0,486,2,5,0.15009202542055267,0.15009201417288592,3.03432337311893e-08,2.0216419657319308e-07,1.9921317482551555e-08,-1.1933507594212458e-09,-1.1933507570547743e-09,2.3664715018759125e-18
8,constant,485,2,495,1,5,0.05833861346524673,0.0583386612001671,4.773492037063454e-08,8.182381869691897e-07,2.0014010172695982e-08,-2.0637109509844762e-10,-2.0637109337620434e-10,1.7222432850873367e-18
8,constant,487,0,488,1,5,0.0879103977275744,0.08791041099372157,8.670905450591793e-08,9.863343092789153e-07,3.880565607872765e-08,1.791626179712069e-10,1.7916262131199005e-10,3.3407831435740535e-18
8,constant,488,0,489,2,5,0.175964426373179,0.17596444490793087,4.880533524542763e-08,2.7735907257266565e-07,3.5714926480160845e-08,-1.5016068652207672e-10,-1.5016068693137024e-10,4.0929351658460714e-19
8,constant,488,2,496,1,5,0.08791041099372157,0.0879103977275744,8.670905456142908e-08,9.863343099103667e-07,3.8805656099681266e-08,1.7916258506068307e-10,1.791625816840739e-10,3.3766091630843377e-18
8,constant,489,0,490,1,5,0.08815444613239808,0.08815439391189295,9.905153929012922e-08,1.12361365348907e-06,6.05056699962153e-08,3.1684854528893525e-10,3.168485485700464e-10,3.2811111613650906e-18
8,constant,490,0,491,2,5,0.1837479814639258,0.18374795762678411,3.0143396806403544e-08,1.640474990051601e-07,1.7354109487568608e-08,3.291712326543987e-10,3.2917123804270244e-10,5.388303727416869e-18
8,constant,490,2,498,1,5,0.09768557489499821,0.09768564075493165,1.8477201425837197e-07,1.8914961588051392e-06,8.281861697423761e-08,-4.123160412761873e-10,-4.1231604381206497e-10,2.5358776777364663e-18
8,constant,491,0,492,1,5,0.09065575657526671,0.09065589316980445,1.3659453773628982e-07,1.5067364399624775e-06,7.696844587171925e-08,-2.117778779198785e-10,-2.1177787460276513e-10,3.3171133703458486e-18
8,constant,492,0,493,2,5,0.17062447811175696,0.17062447750678716,1.4058500141800323e-08,8.239439204374988e-08,8.572241832952422e-09,-3.0929021367161613e-10,-3.09290206385061e-10,7.286555123628699e-18
8,constant,492,2,500,1,5,0.08677348635895901,0.08677363482689246,1.4846793344736042e-07,1.710979766418036e-06,6.790664280574106e-08,8.532332839850051e-10,8.532332856656567e-10,1.6806515065148282e-18
8,constant,493,0,494,1,5,0.09353070028527127,0.0935307912205026,1.3974056636834042e-07,1.494059491476945e-06,6.587123735144202e-08,7.508035291283114e-11,7.508035605085908e-11,3.1380279405475056e-18
8,constant,494,0,495,2,5,0.14489441192563146,0.14489447956935333,6.76437218738446e-08,4.6684816478095785e-07,4.429358647875194e-08,-6.728654908872281e-10,-6.728654929307894e-10,2.0435612838408306e-18
8,constant,494,2,502,1,5,0.05985968904051273,0.05985984339328912,1.5435277638670142e-07,2.5785696660209755e-06,6.809276802511235e-08,4.937028959608644e-10,4.937028966773747e-10,7.165102572431799e-19
8,constant,496,0,497,1,5,0.06734874494654747,0.06734876521030124,3.902575027026067e-08,5.794575468221286e-07,1.891839893855461e-08,-1.1461635209423441e-10,-1.1461635121212032e-10,8.821140906229805e-19
8,constant,497,0,498,2,5,0.15938941980964833,0.1593894285577447,3.741618531671875e-08,2.347469694526407e-07,2.379149230272423e-08,1.1879024316794005e-09,1.1879024395487599e-09,7.869359389670924e-18
8,constant,497,2,503,1,5,0.09526003097458237,0.0952600291665415,1.3033300393094915e-07,1.3681814145717115e-06,6.116871259135702e-08,-1.0594841577849882e-09,-1.0594841635449066e-09,5.759918339919073e-18
8,constant,498,0,499,1,5,0.06725770611259572,0.06725780963180183,1.035192061099588e-07,1.5391403121312964e-06,4.2812280370744736e-08,-3.895529865229633e-12,-3.895529858735438e-12,6.49419498915382e-21
8,constant,499,0,500,2,5,0.1485936365998194,0.1485935902241332,4.637568618015564e-08,3.1209739017997767e-07,2.9647634954479038e-08,1.8082698619924665e-10,1.8082698504378163e-10,1.1554650230278666e-18
8,constant,499,2,505,1,5,0.08873578542762411,0.0887358462934612,8.933313179471103e-08,1.006731050935994e-06,4.2138512676041276e-08,-9.631001086088067e-11,-9.631000855689563e-11,2.303985037632738e-18
8,constant,500,0,501,1,5,0.07115948367252038,0.07115965782959068,1.7415707029289074e-07,2.4474129809611047e-06,7.833183033710914e-08,-1.6062622718934125e-09,-1.6062622722411013e-09,3.476888268744141e-19
8,constant,501,0,502,2,5,0.12568737867554794,0.12568740614671453,2.747116659151949e-08,2.1856737626880836e-07,1.5100453039084683e-08,3.209874663382129e-10,3.2098746546127305e-10,8.769398690963082e-19
8,constant,501,2,507,1,5,0.06532117065793212,0.06532131876402082,1.4810608869875175e-07,2.2673468861490443e-06,7.487157013188443e-08,2.2528349191309417e-09,2.252834918850533e-09,2.804088509814948e-19
8,constant,503,0,504,1,5,0.04179740799606198,0.041797451999741615,4.4003679637583115e-08,1.0527837830367062e-06,1.718892058554788e-08,6.26906587549576e-10,6.269065886762039e-10,1.126627852513043e-18
8,constant,504,0,505,2,5,0.12225435597863507,0.12225427594308329,8.003555178326405e-08,6.546642133328231e-07,4.5670520701876744e-08,1.5391792042276463e-11,1.53917903368997e-11,1.7053767622046508e-18
8,constant,504,2,508,1,5,0.08601793142106968,0.08601793311397421,6.104219109348552e-08,7.096449412775856e-07,3.28471863052826e-08,-1.115141661066627e-09,-1.115141659871023e-09,1.1956039622520023e-18
8,constant,505,0,506,1,5,0.0426463163600464,0.04264644474858782,1.2838854142327438e-07,3.0105332854862606e-06,5.876271179792779e-08,1.5835648975423568e-10,1.5835649168667766e-10,1.9324419762535196e-18
8,constant,506,0,507,2,5,0.10263775275534197,0.10263771235138669,4.0403955278711656e-08,3.9365588386392997e-07,2.0328780289821954e-08,-9.396854456107852e-10,-9.396854494934843e-10,3.882699148154747e-18
8,constant,506,2,510,1,5,0.06955560804610847,0.06955566339403493,5.534792646422204e-08,7.957357282422046e-07,2.988447680026062e-08,1.3061754175780073e-09,1.3061754169630773e-09,6.149299964798304e-19
8,constant,508,0,509,1,5,0.021065852981021718,0.02106590653922337,5.3558201651426884e-08,2.54241143393022e-06,2.3016831396086846e-08,1.0903851933524967e-09,1.0903851933957847e-09,4.3288015816125044e-20
8,constant,509,0,510,2,5,0.08397190770133374,0.08397185847521933,4.922611440694169e-08,5.862212227216058e-07,2.359686044385249e-08,-1.198776823712214e-09,-1.1987768206575837e-09,3.0546303504189905e-18
8,constant,509,2,511,1,5,0.06979252156717371,0.06979253064645807,1.131250296909636e-08,1.6208758823205765e-07,5.842428038895284e-09,-2.388211618787741e-11,-2.3882118248800283e-11,2.0609228743201295e-18
