order,ndivs,element,face,reference_face_id,neighbor_element,neighbor_face,neighbor_reference_face_id,max_abs_projected_mismatch,max_abs_direct_mismatch,max_abs_delta_M,max_abs_delta_P,max_abs_delta_M_plus_delta_P,max_abs_projected_minus_delta_sum,max_abs_decomposition_error
4,8,0,0,1,1,1,2,9.728301941791528e-09,1.3877787807814457e-17,6.72320019934336e-08,5.750370003776428e-08,9.728301955669316e-09,1.3877787807814457e-17,0.0
4,8,0,1,2,64,2,3,1.1114093257909644e-09,4.336808689942018e-19,2.9366545150483203e-08,2.8904708409757673e-08,1.1114093262246452e-09,4.336808689942018e-19,0.0
4,8,0,2,3,192,1,2,4.85722573273506e-17,2.0816681711721685e-17,3.37250457144167e-08,3.3725045686661126e-08,6.938893903907228e-17,2.0816681711721685e-17,0.0
4,8,1,0,1,2,2,3,7.454658083189125e-08,1.3877787807814457e-17,1.8848566235574182e-08,5.569801461019486e-08,7.454658084576904e-08,1.3877787807814457e-17,0.0
4,8,1,2,3,15,1,2,7.021449351714976e-08,6.938893903907228e-18,2.165676867352251e-08,5.220488760639824e-08,7.021449352408865e-08,6.938893903907228e-18,0.0
4,8,2,0,1,3,1,2,7.254451581117927e-08,4.163336342344337e-17,1.3795369799285417e-07,1.0773796316199125e-07,7.254451581117927e-08,4.163336342344337e-17,0.0
4,8,2,1,2,79,2,3,4.081781331335965e-09,5.204170427930421e-18,5.24290237891023e-08,5.271523376149112e-08,4.081781331335965e-09,5.204170427930421e-18,0.0
4,8,3,0,1,4,2,3,7.518186249944048e-08,2.7755575615628914e-17,1.980141028923299e-08,5.538045221020749e-08,7.518186249944048e-08,2.7755575615628914e-17,0.0
4,8,3,2,3,17,1,2,1.6952160515268377e-07,4.336808689942018e-18,8.247593401636277e-08,9.649454656059792e-08,1.6952160515268377e-07,4.336808689942018e-18,0.0
4,8,4,0,1,5,1,2,2.1302408172163556e-07,4.163336342344337e-17,1.9783294390174344e-07,1.5623043692070127e-07,2.1302408170775777e-07,4.163336342344337e-17,0.0
4,8,4,1,2,92,2,3,1.2325266585122563e-08,6.938893903907228e-18,1.037827088712362e-07,9.145744229305253e-08,1.2325266578183669e-08,6.938893903907228e-18,0.0
4,8,5,0,1,6,2,3,4.5340418503014845e-08,1.3877787807814457e-17,6.156799718659567e-08,1.622757869745861e-08,4.534041848913706e-08,1.3877787807814457e-17,0.0
4,8,5,2,3,19,1,2,2.0806035699871828e-07,1.3877787807814457e-17,2.2910432606604303e-07,2.5073333609348936e-07,2.0806035701259606e-07,1.3877787807814457e-17,0.0
4,8,6,0,1,7,1,2,2.352235448227491e-07,2.7755575615628914e-17,1.4027466214983075e-07,1.1986942102804043e-07,2.3522354483662689e-07,2.7755575615628914e-17,0.0
4,8,6,1,2,103,2,3,2.356452834945122e-08,1.3877787807814457e-17,1.4522399875011027e-07,1.2165947040065905e-07,2.356452834945122e-08,1.3877787807814457e-17,0.0
4,8,7,0,1,8,2,3,1.4851449032377007e-07,2.0816681711721685e-17,1.3079624655576438e-07,1.0352309694205974e-07,1.4851449032030062e-07,2.0816681711721685e-17,0.0
4,8,7,2,3,21,1,2,7.657856368470384e-08,2.7755575615628914e-17,2.961982936561247e-07,2.2694969480097082e-07,7.657856369858163e-08,2.7755575615628914e-17,0.0
4,8,8,0,1,9,1,2,5.4354344039553304e-08,1.3877787807814457e-17,3.03453290273481e-08,3.977630570750623e-08,5.4354344039553304e-08,1.3877787807814457e-17,0.0
4,8,8,1,2,112,2,3,2.3564528328634538e-08,2.7755575615628914e-17,1.0169572330076537e-07,7.813119497213084e-08,2.3564528328634538e-08,2.7755575615628914e-17,0.0
4,8,9,0,1,10,2,3,8.269107779415585e-08,2.42861286636753e-17,1.0532853000552733e-07,9.242410794335632e-08,8.269107780109475e-08,2.42861286636753e-17,0.0
4,8,9,2,3,23,1,2,1.8596473233545296e-07,2.7755575615628914e-17,1.6956956742919527e-07,1.5556400624616717e-07,1.8596473233545296e-07,2.7755575615628914e-17,0.0
4,8,10,0,1,11,1,2,3.117818285491847e-08,4.163336342344337e-17,2.967901228945191e-08,7.394514306424682e-09,3.117818289655183e-08,4.163336342344337e-17,0.0
4,8,10,1,2,119,2,3,1.232526659900035e-08,2.7755575615628914e-17,4.1124955801885577e-08,3.2113472492323325e-08,1.2325266571244775e-08,2.7755575615628914e-17,0.0
4,8,11,0,1,12,2,3,1.592156533610639e-08,3.729655473350135e-17,4.1432703782630365e-08,3.675344137376874e-08,1.5921565373402946e-08,3.729655473350135e-17,0.0
4,8,11,2,3,25,1,2,8.948605348391148e-08,1.3877787807814457e-17,3.583847330013157e-08,5.364758018377991e-08,8.948605348391148e-08,1.3877787807814457e-17,0.0
4,8,12,0,1,13,1,2,2.0988379104136534e-08,1.3877787807814457e-17,1.751419713424962e-08,3.4741819698869136e-09,2.0988379104136534e-08,1.3877787807814457e-17,0.0
4,8,12,1,2,124,2,3,4.081781315723454e-09,1.3877787807814457e-17,1.9466170397830496e-08,1.9752380314708162e-08,4.081781301845666e-09,1.3877787807814457e-17,0.0
4,8,13,0,1,14,2,3,1.584201058529855e-09,1.1492543028346347e-17,9.16251037042827e-09,7.578309345942363e-09,1.584201047037312e-09,1.1492543028346347e-17,0.0
4,8,13,2,3,27,1,2,2.0988379159647685e-08,1.3877787807814457e-17,3.4741819837647014e-09,1.7514197175882984e-08,2.0988379159647685e-08,1.3877787807814457e-17,0.0
4,8,14,0,1,319,0,1,1.111409339560332e-09,1.3877787807814457e-17,4.820337275168729e-09,4.3585005535251575e-09,1.1114093534381198e-09,1.3877787807814457e-17,0.0
4,8,14,1,2,127,2,3,1.1114092979269685e-09,1.3877787807814457e-17,4.820337275168729e-09,4.358500518830688e-09,1.1114092840491807e-09,1.3877787807814457e-17,0.0
4,8,15,0,1,16,1,2,6.685025119579358e-08,2.7755575615628914e-17,1.3967083752064458e-07,1.3737895027815528e-07,6.685025119579358e-08,2.7755575615628914e-17,0.0
4,8,15,2,3,194,1,2,2.7755575615628914e-17,1.3877787807814457e-17,7.218140419401609e-08,7.21814041731994e-08,2.7755575615628914e-17,1.3877787807814457e-17,0.0
4,8,16,0,1,17,2,3,2.1787459490024697e-07,1.3877787807814457e-17,1.0003476155068247e-07,1.178398333495645e-07,2.1787459490024697e-07,1.3877787807814457e-17,0.0
4,8,16,2,3,28,1,2,7.158213807248112e-08,5.204170427930421e-18,2.0566503462510904e-08,5.101563461517439e-08,7.158213807768529e-08,5.204170427930421e-18,0.0
4,8,17,0,1,18,1,2,9.466746916930724e-08,2.7755575615628914e-17,2.952038878761831e-07,2.005364186929981e-07,9.466746918318503e-08,2.7755575615628914e-17,0.0
4,8,18,0,1,19,2,3,2.1567684049816904e-07,2.0816681711721685e-17,1.6012287695071903e-07,1.4718906957145172e-07,2.1567684051898572e-07,2.0816681711721685e-17,0.0
4,8,18,2,3,30,1,2,1.5853332060306036e-07,1.3877787807814457e-17,1.503006067798962e-07,1.8647530744975854e-07,1.5853332060999925e-07,1.3877787807814457e-17,0.0
4,8,19,0,1,20,1,2,2.971833552717351e-07,2.7755575615628914e-17,4.155650412812628e-07,3.145229584972098e-07,2.971833552856129e-07,2.7755575615628914e-17,0.0
4,8,20,0,1,21,2,3,9.848930263012257e-08,1.3877787807814457e-17,2.845156268777016e-07,1.871439387207685e-07,9.848930261624478e-08,1.3877787807814457e-17,0.0
4,8,20,2,3,32,1,2,1.0859652167793943e-07,4.163336342344337e-17,3.935672207300289e-07,4.1396156976597487e-07,1.0859652163630606e-07,4.163336342344337e-17,0.0
4,8,21,0,1,22,1,2,1.410728756590096e-07,5.551115123125783e-17,2.1321170415311563e-07,2.1391712642926386e-07,1.410728756728874e-07,5.551115123125783e-17,0.0
4,8,22,0,1,23,2,3,1.1241134089626931e-07,2.0816681711721685e-17,2.787481231565636e-07,2.580283509408948e-07,1.1241134089605247e-07,2.0816681711721685e-17,0.0
4,8,22,2,3,34,1,2,1.3873991841495403e-07,8.326672684688674e-17,3.3966961843212573e-07,3.5106389364991664e-07,1.3873991838719846e-07,8.326672684688674e-17,0.0
4,8,23,0,1,24,1,2,1.1215763431882131e-07,2.7755575615628914e-17,1.124182436584853e-07,7.559169337700844e-08,1.1215763431882131e-07,2.7755575615628914e-17,0.0
4,8,24,0,1,25,2,3,1.2571772413892679e-08,2.862293735361732e-17,1.1309223939184182e-07,1.1842657681587765e-07,1.2571772403484338e-08,2.862293735361732e-17,0.0
4,8,24,2,3,36,1,2,1.1215763442984361e-07,4.163336342344337e-17,7.559169336313065e-08,1.1241824374175202e-07,1.1215763438821025e-07,4.163336342344337e-17,0.0
4,8,25,0,1,26,1,2,8.94860534561559e-08,2.7755575615628914e-17,5.3647580197657696e-08,3.5838473258498205e-08,8.94860534561559e-08,2.7755575615628914e-17,0.0
4,8,26,0,1,27,2,3,1.5921565308350816e-08,2.4936649967166602e-17,4.143270382426373e-08,3.675344136639617e-08,1.5921565332636944e-08,2.4936649967166602e-17,0.0
4,8,26,2,3,38,1,2,3.117818289655183e-08,2.7755575615628914e-17,7.394514306424682e-09,2.9679012275574124e-08,3.117818292430741e-08,2.7755575615628914e-17,0.0
4,8,27,0,1,318,0,1,4.081781301845666e-09,1.3877787807814457e-17,1.9466170342319344e-08,1.97523802730748e-08,4.081781315723454e-09,1.3877787807814457e-17,0.0
4,8,28,0,1,29,1,2,2.3079716641311032e-07,1.3877787807814457e-17,2.361193841768361e-07,2.3250636410621084e-07,2.3079716641311032e-07,1.3877787807814457e-17,0.0
4,8,28,2,3,196,1,2,2.7755575615628914e-17,2.0816681711721685e-17,1.3258239806718253e-07,1.3258239808106032e-07,3.469446951953614e-17,2.0816681711721685e-17,0.0
4,8,29,0,1,30,2,3,3.60121802545077e-07,1.3877787807814457e-17,3.3146567044589625e-07,2.7727574086755524e-07,3.60121802545077e-07,1.3877787807814457e-17,0.0
4,8,29,2,3,39,1,2,8.182551055127552e-08,3.469446951953614e-18,6.472504985623184e-08,4.8443915752136024e-08,8.182551055301024e-08,3.469446951953614e-18,0.0
4,8,30,0,1,31,1,2,2.608792743913346e-07,3.469446951953614e-17,4.4353923138451545e-07,3.7599971504376217e-07,2.608792744190902e-07,3.469446951953614e-17,0.0
4,8,31,0,1,32,2,3,2.753344559868788e-07,1.0408340855860843e-17,4.951947047710653e-07,3.842003778870007e-07,2.7533445599685347e-07,1.0408340855860843e-17,0.0
4,8,31,2,3,41,1,2,1.4879683764984497e-07,2.0816681711721685e-17,3.022596951618439e-07,2.996743568711713e-07,1.4879683763596718e-07,2.0816681711721685e-17,0.0
4,8,32,0,1,33,1,2,1.1145257906852724e-07,5.551115123125783e-17,5.080303647347906e-07,4.1146442437967057e-07,1.1145257905464945e-07,5.551115123125783e-17,0.0
4,8,33,0,1,34,2,3,5.5066777646453624e-08,8.673617379884035e-18,4.446744913330636e-07,3.900754621949387e-07,5.5066777637780007e-08,8.673617379884035e-18,0.0
4,8,33,2,3,43,1,2,1.1145257905464945e-07,4.163336342344337e-17,4.114644244629373e-07,5.08030364707035e-07,1.1145257905464945e-07,4.163336342344337e-17,0.0
4,8,34,0,1,35,1,2,1.387399183455651e-07,8.326672684688674e-17,3.510638935666499e-07,3.396696184460035e-07,1.3873991831780952e-07,8.326672684688674e-17,0.0
4,8,35,0,1,36,2,3,1.1241134090255768e-07,2.2985086056692694e-17,2.7874812312880803e-07,2.580283509395938e-07,1.124113408795726e-07,2.2985086056692694e-17,0.0
4,8,35,2,3,45,1,2,1.410728755618651e-07,4.163336342344337e-17,2.1391712654028616e-07,2.1321170412536006e-07,1.410728755479873e-07,4.163336342344337e-17,0.0
4,8,36,0,1,37,1,2,1.8596473225218624e-07,5.551115123125783e-17,1.5556400617677824e-07,1.695695673875619e-07,1.8596473223830845e-07,5.551115123125783e-17,0.0
4,8,37,0,1,38,2,3,8.269107788783092e-08,2.7755575615628914e-17,1.0532852995348563e-07,9.242410794682576e-08,8.269107787395313e-08,2.7755575615628914e-17,0.0
4,8,37,2,3,47,1,2,5.435434394240879e-08,5.551115123125783e-17,3.977630561036172e-08,3.0345329055103676e-08,5.435434394240879e-08,5.551115123125783e-17,0.0
4,8,38,0,1,315,0,1,1.232526659900035e-08,2.7755575615628914e-17,4.112495578800779e-08,3.211347247844554e-08,1.2325266626755926e-08,2.7755575615628914e-17,0.0
4,8,39,0,1,40,1,2,3.028672666618992e-07,1.6479873021779667e-17,2.1104510734143433e-07,2.074454572885756e-07,3.0286726665496033e-07,1.6479873021779667e-17,0.0
4,8,39,2,3,198,1,2,1.3877787807814457e-17,2.7755575615628914e-17,2.2335519370836332e-07,2.233551937222411e-07,1.9081958235744878e-17,2.7755575615628914e-17,0.0
4,8,40,0,1,41,2,3,1.6751379499149732e-07,2.2551405187698492e-17,4.584102144856994e-07,2.9089641949767153e-07,1.6751379500884456e-07,2.2551405187698492e-17,0.0
4,8,40,2,3,48,1,2,3.028672666827159e-07,1.6479873021779667e-17,2.0744545727686622e-07,2.1104510735531212e-07,3.028672666827159e-07,1.6479873021779667e-17,0.0
4,8,41,0,1,42,1,2,1.487968376220894e-07,2.7755575615628914e-17,2.996743568503546e-07,3.022596951583745e-07,1.4879683764290608e-07,2.7755575615628914e-17,0.0
4,8,42,0,1,43,2,3,2.753344560410889e-07,2.7755575615628914e-17,4.951947048209386e-07,3.8420037790781736e-07,2.753344560254764e-07,2.7755575615628914e-17,0.0
4,8,42,2,3,50,1,2,2.6087927436357905e-07,4.163336342344337e-17,3.7599971507151775e-07,4.4353923138451545e-07,2.608792743219457e-07,4.163336342344337e-17,0.0
4,8,43,0,1,44,1,2,1.0859652169181722e-07,3.469446951953614e-17,4.139615698284249e-07,3.9356722067451777e-07,1.0859652169181722e-07,3.469446951953614e-17,0.0
4,8,44,0,1,45,2,3,9.84893025954281e-08,1.0408340855860843e-17,2.845156268985183e-07,1.871439387277074e-07,9.84893025954281e-08,1.0408340855860843e-17,0.0
4,8,44,2,3,52,1,2,2.971833552023462e-07,4.163336342344337e-17,3.145229585804765e-07,4.1556504125350724e-07,2.971833551607128e-07,4.163336342344337e-17,0.0
4,8,45,0,1,46,1,2,7.657856367082605e-08,8.326672684688674e-17,2.2694969489811534e-07,2.961982936700025e-07,7.657856368470384e-08,8.326672684688674e-17,0.0
4,8,46,0,1,47,2,3,1.48514490393159e-07,1.734723475976807e-17,1.3079624660433664e-07,1.0352309694899864e-07,1.485144903862201e-07,1.734723475976807e-17,0.0
4,8,46,2,3,54,1,2,2.3522354478111573e-07,4.163336342344337e-17,1.198694211945739e-07,1.4027466219146412e-07,2.3522354478111573e-07,4.163336342344337e-17,0.0
4,8,47,0,1,310,0,1,2.3564528356390113e-08,2.7755575615628914e-17,1.0169572325913201e-07,7.81311949027419e-08,2.3564528356390113e-08,2.7755575615628914e-17,0.0
4,8,48,0,1,49,1,2,8.182551056341858e-08,6.938893903907228e-18,4.844391576427909e-08,6.47250498458235e-08,8.182551056341858e-08,6.938893903907228e-18,0.0
4,8,48,2,3,200,1,2,1.3877787807814457e-17,2.7755575615628914e-17,2.2335519372918e-07,2.2335519371530221e-07,2.0816681711721685e-17,2.7755575615628914e-17,0.0
4,8,49,0,1,50,2,3,3.601218025485464e-07,6.938893903907228e-18,3.3146567045977404e-07,2.772757409091886e-07,3.601218025485464e-07,6.938893903907228e-18,0.0
4,8,49,2,3,55,1,2,2.307971664269881e-07,1.0408340855860843e-17,2.3250636409927194e-07,2.3611938419765277e-07,2.3079716642004922e-07,1.0408340855860843e-17,0.0
4,8,50,0,1,51,1,2,1.5853332061693814e-07,2.0816681711721685e-17,1.864753074350134e-07,1.5030060675907952e-07,1.5853332060306036e-07,2.0816681711721685e-17,0.0
4,8,51,0,1,52,2,3,2.1567684041490232e-07,2.7755575615628914e-17,1.601228768813301e-07,1.4718906966859624e-07,2.156768404287801e-07,2.7755575615628914e-17,0.0
4,8,51,2,3,57,1,2,9.466746915542945e-08,2.7755575615628914e-17,2.005364186791203e-07,2.9520388786230534e-07,9.466746918318503e-08,2.7755575615628914e-17,0.0
4,8,52,0,1,53,1,2,2.0806035705422943e-07,2.0816681711721685e-17,2.507333360449171e-07,2.2910432603828745e-07,2.0806035704035164e-07,2.0816681711721685e-17,0.0
4,8,53,0,1,54,2,3,4.534041836423697e-08,1.3877787807814457e-17,6.156799713108452e-08,1.6227578752969762e-08,4.5340418378114755e-08,1.3877787807814457e-17,0.0
4,8,53,2,3,59,1,2,2.1302408162449105e-07,4.163336342344337e-17,1.5623043692070127e-07,1.9783294390174344e-07,2.1302408163836883e-07,4.163336342344337e-17,0.0
4,8,54,0,1,303,0,1,2.3564528377206795e-08,1.3877787807814457e-17,1.452239988194992e-07,1.2165947044229242e-07,2.3564528377206795e-08,1.3877787807814457e-17,0.0
4,8,55,0,1,56,1,2,7.15821380638075e-08,8.673617379884035e-18,5.101563459609243e-08,2.0566503467715075e-08,7.15821380638075e-08,8.673617379884035e-18,0.0
4,8,55,2,3,202,1,2,4.163336342344337e-17,2.0816681711721685e-17,1.32582398101877e-07,1.3258239806024363e-07,4.163336342344337e-17,2.0816681711721685e-17,0.0
4,8,56,0,1,57,2,3,2.178745948724914e-07,1.3877787807814457e-17,1.0003476158537694e-07,1.1783983329405334e-07,2.1787459487943028e-07,1.3877787807814457e-17,0.0
4,8,56,2,3,60,1,2,6.685025120967136e-08,1.3877787807814457e-17,1.3737895030591085e-07,1.3967083756227794e-07,6.685025122354915e-08,1.3877787807814457e-17,0.0
4,8,57,0,1,58,1,2,1.6952160518043935e-07,1.0408340855860843e-17,9.649454656493472e-08,8.247593400942388e-08,1.69521605170031e-07,1.0408340855860843e-17,0.0
4,8,58,0,1,59,2,3,7.518186244392933e-08,2.0816681711721685e-17,1.9801410275355202e-08,5.538045214775744e-08,7.518186242311264e-08,2.0816681711721685e-17,0.0
4,8,58,2,3,62,1,2,7.254451575566812e-08,4.163336342344337e-17,1.077379632175024e-07,1.379536979650986e-07,7.254451579730148e-08,4.163336342344337e-17,0.0
4,8,59,0,1,294,0,1,1.2325266612878139e-08,6.938893903907228e-18,1.0378270891286956e-07,9.145744229305253e-08,1.2325266619817032e-08,6.938893903907228e-18,0.0
4,8,60,0,1,61,1,2,7.021449352495601e-08,1.1275702593849246e-17,5.2204887597724625e-08,2.1656768668318338e-08,7.021449351368031e-08,1.1275702593849246e-17,0.0
4,8,60,2,3,204,1,2,4.163336342344337e-17,1.3877787807814457e-17,7.218140411768825e-08,7.218140416626051e-08,4.85722573273506e-17,1.3877787807814457e-17,0.0
4,8,61,0,1,62,2,3,7.454658074862452e-08,1.3877787807814457e-17,1.884856619394082e-08,5.56980145616226e-08,7.454658075556342e-08,1.3877787807814457e-17,0.0
4,8,61,2,3,63,1,2,9.728301914035953e-09,2.7755575615628914e-17,5.7503700058580964e-08,6.723200195873913e-08,9.728301900158165e-09,2.7755575615628914e-17,0.0
4,8,62,0,1,283,0,1,4.0817813504179234e-09,5.204170427930421e-18,5.242902380298009e-08,5.271523377189946e-08,4.0817813504179234e-09,5.204170427930421e-18,0.0
4,8,63,0,1,270,0,1,1.1114092909880746e-09,4.336808689942018e-19,2.9366545174769332e-08,2.890470843230908e-08,1.1114092905543937e-09,4.336808689942018e-19,0.0
4,8,63,2,3,206,1,2,6.938893903907228e-17,2.0816681711721685e-17,3.372504567972223e-08,3.3725045700538914e-08,6.938893903907228e-17,2.0816681711721685e-17,0.0
4,8,64,0,1,65,1,2,1.1312502927462997e-08,2.7755575615628914e-17,5.965369265920062e-08,4.834118971092094e-08,1.1312502948279679e-08,2.7755575615628914e-17,0.0
4,8,64,1,2,128,2,3,4.163336342344337e-17,1.3877787807814457e-17,2.4546207871845027e-08,2.4546207830211664e-08,4.163336342344337e-17,1.3877787807814457e-17,0.0
4,8,65,0,1,66,2,3,5.35582015195879e-08,1.0408340855860843e-17,1.5374384119970497e-08,3.8183817399617404e-08,5.35582015195879e-08,1.0408340855860843e-17,0.0
4,8,65,2,3,79,1,2,4.9226114434697266e-08,1.3877787807814457e-17,2.0278787343785964e-08,3.469069048689377e-08,4.9226114448575053e-08,1.3877787807814457e-17,0.0
4,8,66,0,1,67,1,2,6.104219096858543e-08,4.163336342344337e-17,1.0120025657756049e-07,6.630525939410603e-08,6.104219094082985e-08,4.163336342344337e-17,0.0
4,8,66,1,2,143,2,3,5.551115123125783e-17,1.3877787807814457e-17,3.2962853405149595e-08,3.2962853335760656e-08,6.938893903907228e-17,1.3877787807814457e-17,0.0
4,8,67,0,1,68,2,3,4.4003679741666524e-08,1.3877787807814457e-17,1.8302239834788736e-08,2.5701439906877788e-08,4.4003679741666524e-08,1.3877787807814457e-17,0.0
4,8,67,2,3,81,1,2,8.003555174163068e-08,4.163336342344337e-17,4.663746080990627e-08,5.864770413754883e-08,8.003555174163068e-08,4.163336342344337e-17,0.0
4,8,68,0,1,69,1,2,1.3033300395870473e-07,5.551115123125783e-17,1.0540883600695938e-07,5.090190688394891e-08,1.3033300395870473e-07,5.551115123125783e-17,0.0
4,8,68,1,2,156,2,3,5.551115123125783e-17,2.7755575615628914e-17,6.26577530971062e-08,6.265775312486177e-08,5.551115123125783e-17,2.7755575615628914e-17,0.0
4,8,69,0,1,70,2,3,3.902575027719957e-08,1.3877787807814457e-17,2.490799995424897e-08,1.4191410116493053e-08,3.9025750291077355e-08,1.3877787807814457e-17,0.0
4,8,69,2,3,83,1,2,3.7416185177940875e-08,2.7755575615628914e-17,6.063234395115025e-08,9.516932991671112e-08,3.74161851501853e-08,2.7755575615628914e-17,0.0
4,8,70,0,1,71,1,2,8.670905451979571e-08,2.7755575615628914e-17,3.6751565235526584e-08,4.995748929814692e-08,8.67090545336735e-08,2.7755575615628914e-17,0.0
4,8,70,1,2,167,2,3,1.1102230246251565e-16,2.7755575615628914e-17,4.3528275511794945e-08,4.3528275456283794e-08,1.1102230246251565e-16,2.7755575615628914e-17,0.0
4,8,71,0,1,72,2,3,8.670905447816235e-08,6.938893903907228e-17,4.995748927039134e-08,3.675156524940437e-08,8.670905451979571e-08,6.938893903907228e-17,0.0
4,8,71,2,3,85,1,2,4.8805335273183204e-08,8.326672684688674e-17,4.3881054345717985e-08,7.968276388714557e-08,4.880533530093878e-08,8.326672684688674e-17,0.0
4,8,72,0,1,73,1,2,3.9025750235566203e-08,2.7755575615628914e-17,1.4191410060981902e-08,2.490799993343229e-08,3.9025750235566203e-08,2.7755575615628914e-17,0.0
4,8,72,1,2,176,2,3,5.551115123125783e-17,2.7755575615628914e-17,4.352827540077264e-08,4.352827534526149e-08,8.326672684688674e-17,2.7755575615628914e-17,0.0
4,8,73,0,1,74,2,3,1.3033300383380464e-07,2.7755575615628914e-17,5.090190687007112e-08,1.0540883592369266e-07,1.3033300386156021e-07,2.7755575615628914e-17,0.0
4,8,73,2,3,87,1,2,3.74161852612076e-08,2.7755575615628914e-17,6.06323437846168e-08,9.51693298334444e-08,3.741618528896318e-08,2.7755575615628914e-17,0.0
4,8,74,0,1,75,1,2,4.400367967921648e-08,2.0816681711721685e-17,2.5701439941572257e-08,1.830223971682754e-08,4.40036796583998e-08,2.0816681711721685e-17,0.0
4,8,74,1,2,183,2,3,8.326672684688674e-17,2.7755575615628914e-17,6.265775305547283e-08,6.265775302771726e-08,5.551115123125783e-17,2.7755575615628914e-17,0.0
4,8,75,0,1,76,2,3,6.104219092695207e-08,5.551115123125783e-17,6.630525939410603e-08,1.012002565636827e-07,6.104219096858543e-08,5.551115123125783e-17,0.0
4,8,75,2,3,89,1,2,8.003555174163068e-08,4.163336342344337e-17,4.663746071276176e-08,5.864770417918219e-08,8.003555174163068e-08,4.163336342344337e-17,0.0
4,8,76,0,1,77,1,2,5.3558201637549097e-08,6.938893903907228e-18,3.818381743431187e-08,1.537438419629833e-08,5.35582016306102e-08,6.938893903907228e-18,0.0
4,8,76,1,2,188,2,3,6.938893903907228e-17,1.3877787807814457e-17,3.296285341902738e-08,3.296285343290517e-08,6.938893903907228e-17,1.3877787807814457e-17,0.0
4,8,77,0,1,78,2,3,1.131250291358521e-08,2.7755575615628914e-17,4.8341189738676515e-08,5.965369263144504e-08,1.1312502892768528e-08,2.7755575615628914e-17,0.0
4,8,77,2,3,91,1,2,4.9226114365308327e-08,1.3877787807814457e-17,2.027878742705269e-08,3.469069044526041e-08,4.922611435143054e-08,1.3877787807814457e-17,0.0
4,8,78,0,1,383,0,1,1.1114092909880746e-09,4.336808689942018e-19,2.890470843230908e-08,2.9366545174769332e-08,1.1114092905543937e-09,4.336808689942018e-19,0.0
4,8,78,1,2,191,2,3,5.551115123125783e-17,1.3877787807814457e-17,2.454620785796724e-08,2.4546207871845027e-08,6.938893903907228e-17,1.3877787807814457e-17,0.0
4,8,79,0,1,80,1,2,5.53479263948331e-08,2.7755575615628914e-17,1.0291739614698425e-07,9.594624648251449e-08,5.53479263948331e-08,2.7755575615628914e-17,0.0
4,8,80,0,1,81,2,3,1.2838854136776323e-07,1.3877787807814457e-17,6.419628822973422e-08,6.41922531449679e-08,1.2838854137470213e-07,1.3877787807814457e-17,0.0
4,8,80,2,3,92,1,2,4.0403955348100595e-08,0.0,1.9067333004163523e-08,2.1336622343937073e-08,4.0403955348100595e-08,0.0,0.0
4,8,81,0,1,82,1,2,8.933313176695545e-08,4.163336342344337e-17,1.7677731116438888e-07,8.744417936967785e-08,8.933313179471103e-08,4.163336342344337e-17,0.0
4,8,82,0,1,83,2,3,1.0351920592954755e-07,4.163336342344337e-17,8.453118345574939e-08,3.477082589908864e-08,1.0351920592954755e-07,4.163336342344337e-17,0.0
4,8,82,2,3,94,1,2,4.6375686263422367e-08,8.326672684688674e-17,7.470891344452113e-08,7.405706373142529e-08,4.637568629117794e-08,8.326672684688674e-17,0.0
4,8,83,0,1,84,1,2,1.8477201427224976e-07,2.7755575615628914e-17,1.5753669027618322e-07,7.337042093324975e-08,1.8477201427224976e-07,2.7755575615628914e-17,0.0
4,8,84,0,1,85,2,3,9.905153926237364e-08,2.7755575615628914e-17,8.078982698112025e-08,5.7515323656498474e-08,9.905153926237364e-08,2.7755575615628914e-17,0.0
4,8,84,2,3,96,1,2,3.014339669538124e-08,8.326672684688674e-17,1.1351744935717001e-07,1.3735459078456635e-07,3.014339677864797e-08,8.326672684688674e-17,0.0
4,8,85,0,1,86,1,2,9.905153933176258e-08,1.3877787807814457e-17,5.751532367037626e-08,8.078982700887583e-08,9.905153934564037e-08,1.3877787807814457e-17,0.0
4,8,86,0,1,87,2,3,1.847720142444942e-07,2.7755575615628914e-17,7.337042094712753e-08,1.575366903039388e-07,1.847720142306164e-07,2.7755575615628914e-17,0.0
4,8,86,2,3,98,1,2,3.0143396806403544e-08,1.1102230246251565e-16,1.135174492461477e-07,1.3735459086783308e-07,3.014339669538124e-08,1.1102230246251565e-16,0.0
4,8,87,0,1,88,1,2,1.0351920615159216e-07,1.3877787807814457e-17,3.477082591296643e-08,8.453118353901612e-08,1.0351920616546995e-07,1.3877787807814457e-17,0.0
4,8,88,0,1,89,2,3,8.933313169756651e-08,4.163336342344337e-17,8.744417935580007e-08,1.7677731105336658e-07,8.933313169756651e-08,4.163336342344337e-17,0.0
4,8,88,2,3,100,1,2,4.637568618015564e-08,5.551115123125783e-17,7.470891333349883e-08,7.405706378693644e-08,4.637568618015564e-08,5.551115123125783e-17,0.0
4,8,89,0,1,90,1,2,1.2838854146490775e-07,2.0816681711721685e-17,6.419225321435684e-08,6.419628826442869e-08,1.2838854147878553e-07,2.0816681711721685e-17,0.0
4,8,90,0,1,91,2,3,5.5347926436466466e-08,2.7755575615628914e-17,9.59462464686367e-08,1.0291739616086204e-07,5.534792646422204e-08,2.7755575615628914e-17,0.0
4,8,90,2,3,102,1,2,4.040395518156714e-08,2.7755575615628914e-17,1.9067332865385644e-08,2.1336622316181497e-08,4.040395518156714e-08,2.7755575615628914e-17,0.0
4,8,91,0,1,382,0,1,4.0817813504179234e-09,5.204170427930421e-18,5.271523377189946e-08,5.242902380298009e-08,4.0817813504179234e-09,5.204170427930421e-18,0.0
4,8,92,0,1,93,1,2,1.4810608861548502e-07,2.0816681711721685e-17,1.4369527624735756e-07,1.2717783409721406e-07,1.481060886293628e-07,2.0816681711721685e-17,0.0
4,8,93,0,1,94,2,3,1.7415707018186843e-07,2.7755575615628914e-17,1.6189610302363988e-07,1.21711734690777e-07,1.7415707018186843e-07,2.7755575615628914e-17,0.0
4,8,93,2,3,103,1,2,2.747116653600834e-08,2.7755575615628914e-17,2.8065052642967103e-08,3.3865877435701464e-08,2.747116653600834e-08,2.7755575615628914e-17,0.0
4,8,94,0,1,95,1,2,1.4846793344736042e-07,6.938893903907228e-17,1.8551088049045816e-07,9.725159193230137e-08,1.48467933475116e-07,6.938893903907228e-17,0.0
4,8,95,0,1,96,2,3,1.3659453762526752e-07,2.7755575615628914e-17,1.6046033650407576e-07,5.284902970803529e-08,1.365945376530231e-07,2.7755575615628914e-17,0.0
4,8,95,2,3,105,1,2,1.4058500308333777e-08,2.7755575615628914e-17,1.001993715221694e-07,1.0080434134640548e-07,1.4058500336089352e-08,2.7755575615628914e-17,0.0
4,8,96,0,1,97,1,2,1.6605160828297993e-07,2.7755575615628914e-17,1.1795490262311858e-07,1.0449708263970958e-07,1.6605160828297993e-07,2.7755575615628914e-17,0.0
4,8,97,0,1,98,2,3,1.6605160803317975e-07,2.7755575615628914e-17,1.0449708270909852e-07,1.1795490242882956e-07,1.6605160801930197e-07,2.7755575615628914e-17,0.0
4,8,97,2,3,107,1,2,2.6666072100445248e-08,1.1102230246251565e-16,1.4515504237477828e-07,1.279711579205145e-07,2.6666072183711975e-08,1.1102230246251565e-16,0.0
4,8,98,0,1,99,1,2,1.3659453769465646e-07,5.551115123125783e-17,5.2849029735790864e-08,1.604603364624424e-07,1.3659453770853425e-07,5.551115123125783e-17,0.0
4,8,99,0,1,100,2,3,1.4846793343348264e-07,4.163336342344337e-17,9.725159198781252e-08,1.8551088042106922e-07,1.4846793344736042e-07,4.163336342344337e-17,0.0
4,8,99,2,3,109,1,2,1.4058500169555899e-08,8.326672684688674e-17,1.0019937160543613e-07,1.0080434137416106e-07,1.4058500169555899e-08,8.326672684688674e-17,0.0
4,8,100,0,1,101,1,2,1.741570703206463e-07,4.163336342344337e-17,1.2171173473934926e-07,1.6189610306527324e-07,1.741570703345241e-07,4.163336342344337e-17,0.0
4,8,101,0,1,102,2,3,1.4810608861548502e-07,1.3877787807814457e-17,1.27177834166603e-07,1.4369527623347977e-07,1.4810608861548502e-07,1.3877787807814457e-17,0.0
4,8,101,2,3,111,1,2,2.747116659151949e-08,0.0,2.8065052559700376e-08,3.3865877435701464e-08,2.747116659151949e-08,0.0,0.0
4,8,102,0,1,379,0,1,1.2325266612878139e-08,6.938893903907228e-18,9.145744229305253e-08,1.0378270891286956e-07,1.2325266619817032e-08,6.938893903907228e-18,0.0
4,8,103,0,1,104,1,2,1.5435277631731248e-07,2.7755575615628914e-17,1.0752201035774123e-07,7.664921065214658e-08,1.543527762895569e-07,2.7755575615628914e-17,0.0
4,8,104,0,1,105,2,3,1.3974056646548494e-07,5.551115123125783e-17,2.0368729111708284e-07,7.1276689536659e-08,1.3974056645160715e-07,5.551115123125783e-17,0.0
4,8,104,2,3,112,1,2,6.76437217628223e-08,5.551115123125783e-17,8.757603633946509e-08,7.077044514303132e-08,6.76437217628223e-08,5.551115123125783e-17,0.0
4,8,105,0,1,106,1,2,1.0677550123239232e-07,4.163336342344337e-17,1.1253041815040277e-07,3.580902732669422e-08,1.0677550124627011e-07,4.163336342344337e-17,0.0
4,8,106,0,1,107,2,3,1.667379343761599e-07,2.7755575615628914e-17,1.0162748409481281e-07,9.658916878818591e-08,1.667379343900377e-07,2.7755575615628914e-17,0.0
4,8,106,2,3,114,1,2,3.6304080797133764e-08,5.551115123125783e-17,1.0172710621092484e-07,8.098519518884295e-08,3.630408082488934e-08,5.551115123125783e-17,0.0
4,8,107,0,1,108,1,2,1.6673793430677097e-07,5.551115123125783e-17,9.658916877430812e-08,1.016274841086906e-07,1.6673793432064876e-07,5.551115123125783e-17,0.0
4,8,108,0,1,109,2,3,1.0677550124627011e-07,1.3877787807814457e-17,3.580902732669422e-08,1.1253041809489162e-07,1.0677550123239232e-07,1.3877787807814457e-17,0.0
4,8,108,2,3,116,1,2,3.630408076937819e-08,5.551115123125783e-17,1.017271061554137e-07,8.098519521659853e-08,3.630408071386704e-08,5.551115123125783e-17,0.0
4,8,109,0,1,110,1,2,1.3974056645160715e-07,6.938893903907228e-17,7.127668949502564e-08,2.036872910338161e-07,1.3974056643772936e-07,6.938893903907228e-17,0.0
4,8,110,0,1,111,2,3,1.5435277642833478e-07,1.3877787807814457e-17,7.664921069377995e-08,1.075220103854968e-07,1.5435277644221257e-07,1.3877787807814457e-17,0.0
4,8,110,2,3,118,1,2,6.76437218738446e-08,5.551115123125783e-17,8.757603620068721e-08,7.077044511527575e-08,6.76437218738446e-08,5.551115123125783e-17,0.0
4,8,111,0,1,374,0,1,2.3564528377206795e-08,1.3877787807814457e-17,1.2165947044229242e-07,1.452239988194992e-07,2.3564528377206795e-08,1.3877787807814457e-17,0.0
4,8,112,0,1,113,1,2,4.7734920259612235e-08,1.3877787807814457e-17,3.330439722615264e-08,1.4430523047337385e-08,4.773492027349002e-08,1.3877787807814457e-17,0.0
4,8,113,0,1,114,2,3,1.5206144557411427e-07,1.3877787807814457e-17,1.0236134442842548e-07,5.7977159559352565e-08,1.5206144556023649e-07,1.3877787807814457e-17,0.0
4,8,113,2,3,119,1,2,3.034323392547833e-08,2.7755575615628914e-17,7.627592724102072e-08,4.832034253277051e-08,3.0343233953233906e-08,2.7755575615628914e-17,0.0
4,8,114,0,1,115,1,2,6.142020128607761e-08,2.7755575615628914e-17,4.73212496826525e-08,3.1936590358383476e-08,6.14202012999554e-08,2.7755575615628914e-17,0.0
4,8,115,0,1,116,2,3,6.142020121668867e-08,2.7755575615628914e-17,3.19365903306279e-08,4.732124966877471e-08,6.142020121668867e-08,2.7755575615628914e-17,0.0
4,8,115,2,3,121,1,2,2.8467294688194755e-08,5.551115123125783e-17,4.2125152338590155e-08,3.3174495567278584e-08,2.8467294743705907e-08,5.551115123125783e-17,0.0
4,8,116,0,1,117,1,2,1.5206144551860312e-07,2.7755575615628914e-17,5.7977159614863716e-08,1.0236134437291433e-07,1.5206144550472533e-07,2.7755575615628914e-17,0.0
4,8,117,0,1,118,2,3,4.7734920329001174e-08,1.3877787807814457e-17,1.4430523068154066e-08,3.3304397274724895e-08,4.773492034287896e-08,1.3877787807814457e-17,0.0
4,8,117,2,3,123,1,2,3.034323378670045e-08,2.7755575615628914e-17,7.627592718550957e-08,4.8320342505014935e-08,3.034323378670045e-08,2.7755575615628914e-17,0.0
4,8,118,0,1,367,0,1,2.3564528356390113e-08,2.7755575615628914e-17,7.81311949027419e-08,1.0169572325913201e-07,2.3564528356390113e-08,2.7755575615628914e-17,0.0
4,8,119,0,1,120,1,2,2.4076718826981924e-08,1.3877787807814457e-17,1.1267077895671385e-08,1.2809640917432752e-08,2.4076718813104137e-08,1.3877787807814457e-17,0.0
4,8,120,0,1,121,2,3,4.8352989764910426e-08,2.7755575615628914e-17,1.755882760023919e-08,3.079416219242681e-08,4.8352989792666e-08,2.7755575615628914e-17,0.0
4,8,120,2,3,124,1,2,5.6942646708968425e-09,5.551115123125783e-17,2.964098702595841e-08,2.927957507004031e-08,5.694264615385691e-09,5.551115123125783e-17,0.0
4,8,121,0,1,122,1,2,4.835298982042158e-08,2.7755575615628914e-17,3.0794162289571325e-08,1.7558827558605827e-08,4.835298984817715e-08,2.7755575615628914e-17,0.0
4,8,122,0,1,123,2,3,2.4076718722898516e-08,2.7755575615628914e-17,1.280964089661607e-08,1.126707779852687e-08,2.407671869514294e-08,2.7755575615628914e-17,0.0
4,8,122,2,3,126,1,2,5.694264504363389e-09,8.326672684688674e-17,2.9640986914936107e-08,2.9279575097795885e-08,5.69426455987454e-09,8.326672684688674e-17,0.0
4,8,123,0,1,358,0,1,1.232526659900035e-08,2.7755575615628914e-17,3.211347247844554e-08,4.112495578800779e-08,1.2325266626755926e-08,2.7755575615628914e-17,0.0
4,8,124,0,1,125,1,2,8.920357640052057e-09,1.3877787807814457e-17,3.822685785970226e-09,5.097671867959619e-09,8.920357653929845e-09,1.3877787807814457e-17,0.0
4,8,125,0,1,126,2,3,8.92035752209086e-09,2.7755575615628914e-17,5.0976718263262555e-09,3.822685716581287e-09,8.920357542907542e-09,2.7755575615628914e-17,0.0
4,8,125,2,3,127,1,2,2.741943505579769e-09,8.326672684688674e-17,5.54591254864345e-09,7.7791311170472e-09,2.741943505579769e-09,8.326672684688674e-17,0.0
4,8,126,0,1,347,0,1,4.081781301845666e-09,1.3877787807814457e-17,1.97523802730748e-08,1.9466170342319344e-08,4.081781315723454e-09,1.3877787807814457e-17,0.0
4,8,127,0,1,334,0,1,1.111409339560332e-09,1.3877787807814457e-17,4.3585005535251575e-09,4.820337275168729e-09,1.1114093534381198e-09,1.3877787807814457e-17,0.0
4,8,128,0,1,129,1,2,1.1312502934401891e-08,2.7755575615628914e-17,5.965369265920062e-08,4.834118974561541e-08,1.131250291358521e-08,2.7755575615628914e-17,0.0
4,8,128,1,2,192,2,3,1.1114093260078048e-09,4.336808689942018e-19,2.8904708416696567e-08,2.9366545147013756e-08,1.111409325574124e-09,4.336808689942018e-19,0.0
4,8,129,0,1,130,2,3,4.922611435143054e-08,1.3877787807814457e-17,2.027878737154154e-08,3.4690690403627045e-08,4.922611433755275e-08,1.3877787807814457e-17,0.0
4,8,129,2,3,143,1,2,5.355820160979352e-08,3.469446951953614e-18,1.5374384203237224e-08,3.81838174065563e-08,5.355820160979352e-08,3.469446951953614e-18,0.0
4,8,130,0,1,131,1,2,5.5347926436466466e-08,2.7755575615628914e-17,1.0291739614698425e-07,9.594624644782002e-08,5.5347926450344254e-08,2.7755575615628914e-17,0.0
4,8,130,1,2,207,2,3,4.081781333070689e-09,5.204170427930421e-18,5.2715233778838355e-08,5.2429023775224515e-08,4.081781333070689e-09,5.204170427930421e-18,0.0
4,8,131,0,1,132,2,3,4.0403955223200505e-08,2.7755575615628914e-17,1.9067332907019008e-08,2.1336622316181497e-08,4.0403955223200505e-08,2.7755575615628914e-17,0.0
4,8,131,2,3,145,1,2,1.2838854142327438e-07,3.469446951953614e-18,6.419628826442869e-08,6.419225315884569e-08,1.2838854142327438e-07,3.469446951953614e-18,0.0
4,8,132,0,1,133,1,2,1.481060886432406e-07,1.3877787807814457e-17,1.4369527627511314e-07,1.2717783412496964e-07,1.481060886432406e-07,1.3877787807814457e-17,0.0
4,8,132,1,2,220,2,3,1.2325266605939245e-08,6.938893903907228e-18,9.145744227223584e-08,1.0378270888511398e-07,1.2325266612878139e-08,6.938893903907228e-18,0.0
4,8,133,0,1,134,2,3,2.7471166619275067e-08,2.7755575615628914e-17,2.806505265684489e-08,3.386587746345704e-08,2.7471166619275067e-08,2.7755575615628914e-17,0.0
4,8,133,2,3,147,1,2,1.741570703206463e-07,2.0816681711721685e-17,1.6189610313466218e-07,1.21711734690777e-07,1.741570703206463e-07,2.0816681711721685e-17,0.0
4,8,134,0,1,135,1,2,1.5435277635200695e-07,1.3877787807814457e-17,1.0752201039937459e-07,7.664921066602437e-08,1.5435277633812916e-07,1.3877787807814457e-17,0.0
4,8,134,1,2,231,2,3,2.356452840496237e-08,1.3877787807814457e-17,1.2165947040065905e-07,1.4522399880562142e-07,2.356452840496237e-08,1.3877787807814457e-17,0.0
4,8,135,0,1,136,2,3,6.764372184608902e-08,5.551115123125783e-17,8.757603636722067e-08,7.077044514303132e-08,6.764372184608902e-08,5.551115123125783e-17,0.0
4,8,135,2,3,149,1,2,1.3974056647936273e-07,4.163336342344337e-17,2.0368729110320505e-07,7.127668948114785e-08,1.3974056647936273e-07,4.163336342344337e-17,0.0
4,8,136,0,1,137,1,2,4.773492025267334e-08,1.3877787807814457e-17,3.3304397184519274e-08,1.4430523068154066e-08,4.773492025267334e-08,1.3877787807814457e-17,0.0
4,8,136,1,2,240,2,3,2.3564528398023477e-08,2.7755575615628914e-17,7.813119495825305e-08,1.0169572335627652e-07,2.3564528398023477e-08,2.7755575615628914e-17,0.0
4,8,137,0,1,138,2,3,3.034323386996718e-08,5.551115123125783e-17,7.627592729653188e-08,4.832034264379281e-08,3.034323392547833e-08,5.551115123125783e-17,0.0
4,8,137,2,3,151,1,2,1.5206144561574764e-07,4.163336342344337e-17,1.0236134447005885e-07,5.797715958710814e-08,1.5206144562962542e-07,4.163336342344337e-17,0.0
4,8,138,0,1,139,1,2,2.407671876453188e-08,2.7755575615628914e-17,1.126707783322134e-08,1.2809640903554964e-08,2.4076718736776304e-08,2.7755575615628914e-17,0.0
4,8,138,1,2,247,2,3,1.2325266626755926e-08,2.7755575615628914e-17,3.21134725200789e-08,4.112495582964115e-08,1.2325266654511502e-08,2.7755575615628914e-17,0.0
4,8,139,0,1,140,2,3,5.6942645321189644e-09,5.551115123125783e-17,2.9640987109225136e-08,2.927957512555146e-08,5.694264587630116e-09,5.551115123125783e-17,0.0
4,8,139,2,3,153,1,2,4.8352989695521487e-08,1.3877787807814457e-17,1.755882754472804e-08,3.0794162164671235e-08,4.8352989709399274e-08,1.3877787807814457e-17,0.0
4,8,140,0,1,141,1,2,8.920357667807632e-09,1.3877787807814457e-17,3.822685813725801e-09,5.097671861020725e-09,8.920357674746526e-09,1.3877787807814457e-17,0.0
4,8,140,1,2,252,2,3,4.081781385112393e-09,1.3877787807814457e-17,1.9752380356341526e-08,1.9466170342319344e-08,4.081781398990181e-09,1.3877787807814457e-17,0.0
4,8,141,0,1,142,2,3,2.741943533335345e-09,4.163336342344337e-17,5.545912590276814e-09,7.779131130924988e-09,2.741943533335345e-09,4.163336342344337e-17,0.0
4,8,141,2,3,155,1,2,8.920357667807632e-09,1.3877787807814457e-17,5.097671930409664e-09,3.822685744336862e-09,8.920357674746526e-09,1.3877787807814457e-17,0.0
4,8,142,0,1,447,0,1,1.1114093118047563e-09,1.3877787807814457e-17,4.358500581280733e-09,4.820337268229835e-09,1.1114092979269685e-09,1.3877787807814457e-17,0.0
4,8,142,1,2,255,2,3,1.1114093534381198e-09,1.3877787807814457e-17,4.358500532708476e-09,4.820337275168729e-09,1.1114093673159076e-09,1.3877787807814457e-17,0.0
4,8,143,0,1,144,1,2,6.104219103797437e-08,4.163336342344337e-17,1.0120025663307164e-07,6.630525946349497e-08,6.104219106572994e-08,4.163336342344337e-17,0.0
4,8,144,0,1,145,2,3,8.00355516028528e-08,4.163336342344337e-17,4.663746071276176e-08,5.864770420693777e-08,8.00355516028528e-08,4.163336342344337e-17,0.0
4,8,144,2,3,156,1,2,4.400367968615537e-08,1.3877787807814457e-17,1.830223975152201e-08,2.5701439920755575e-08,4.4003679672277585e-08,1.3877787807814457e-17,0.0
4,8,145,0,1,146,1,2,8.933313178083324e-08,2.7755575615628914e-17,1.7677731112275552e-07,8.744417935580007e-08,8.933313176695545e-08,2.7755575615628914e-17,0.0
4,8,146,0,1,147,2,3,4.637568609688891e-08,5.551115123125783e-17,7.470891330574325e-08,7.405706378693644e-08,4.637568606913334e-08,5.551115123125783e-17,0.0
4,8,146,2,3,158,1,2,1.0351920602669207e-07,1.3877787807814457e-17,8.453118352513833e-08,3.477082589908864e-08,1.0351920604056986e-07,1.3877787807814457e-17,0.0
4,8,147,0,1,148,1,2,1.484679333640937e-07,2.7755575615628914e-17,1.8551088040719144e-07,9.725159197393474e-08,1.4846793333633812e-07,2.7755575615628914e-17,0.0
4,8,148,0,1,149,2,3,1.4058500308333777e-08,8.326672684688674e-17,1.0019937166094728e-07,1.0080434129089433e-07,1.405850022506705e-08,8.326672684688674e-17,0.0
4,8,148,2,3,160,1,2,1.3659453772241203e-07,4.163336342344337e-17,1.604603364624424e-07,5.2849029721913077e-08,1.3659453770853425e-07,4.163336342344337e-17,0.0
4,8,149,0,1,150,1,2,1.0677550117688117e-07,4.163336342344337e-17,1.1253041801162489e-07,3.5809027368327584e-08,1.067755011491256e-07,4.163336342344337e-17,0.0
4,8,150,0,1,151,2,3,3.630408076937819e-08,5.551115123125783e-17,1.01727106266436e-07,8.09851952443541e-08,3.630408074162261e-08,5.551115123125783e-17,0.0
4,8,150,2,3,162,1,2,1.6673793447330443e-07,5.551115123125783e-17,1.0162748413644618e-07,9.658916881594148e-08,1.6673793445942664e-07,5.551115123125783e-17,0.0
4,8,151,0,1,152,1,2,6.142020132771098e-08,2.7755575615628914e-17,4.7321249585507985e-08,3.1936590372261264e-08,6.142020132771098e-08,2.7755575615628914e-17,0.0
4,8,152,0,1,153,2,3,2.8467294632683604e-08,5.551115123125783e-17,4.212515242185688e-08,3.3174495428500705e-08,2.8467294577172453e-08,5.551115123125783e-17,0.0
4,8,152,2,3,164,1,2,6.142020131383319e-08,1.3877787807814457e-17,3.1936590372261264e-08,4.7321249710408075e-08,6.142020131383319e-08,1.3877787807814457e-17,0.0
4,8,153,0,1,154,1,2,4.8352989695521487e-08,2.7755575615628914e-17,3.079416219242681e-08,1.7558827530850252e-08,4.835298972327706e-08,2.7755575615628914e-17,0.0
4,8,154,0,1,155,2,3,5.69426455987454e-09,5.551115123125783e-17,2.964098708146956e-08,2.9279575014529158e-08,5.6942645321189644e-09,5.551115123125783e-17,0.0
4,8,154,2,3,166,1,2,2.4076718806165243e-08,6.938893903907228e-18,1.2809640959066115e-08,1.1267077854038021e-08,2.4076718813104137e-08,6.938893903907228e-18,0.0
4,8,155,0,1,446,0,1,4.081781315723454e-09,1.3877787807814457e-17,1.9752380370219313e-08,1.946617037007492e-08,4.081781301845666e-09,1.3877787807814457e-17,0.0
4,8,156,0,1,157,1,2,1.3033300384768243e-07,4.163336342344337e-17,1.0540883595144823e-07,5.09019068978267e-08,1.3033300384768243e-07,4.163336342344337e-17,0.0
4,8,157,0,1,158,2,3,3.741618528896318e-08,2.7755575615628914e-17,6.063234386788352e-08,9.516932991671112e-08,3.741618531671875e-08,2.7755575615628914e-17,0.0
4,8,157,2,3,167,1,2,3.902575026332178e-08,2.0816681711721685e-17,2.4907999919554502e-08,1.4191410116493053e-08,3.90257502425051e-08,2.0816681711721685e-17,0.0
4,8,158,0,1,159,1,2,1.8477201431388313e-07,1.3877787807814457e-17,1.5753669035944995e-07,7.337042086386081e-08,1.8477201430000534e-07,1.3877787807814457e-17,0.0
4,8,159,0,1,160,2,3,3.0143396917425846e-08,8.326672684688674e-17,1.1351744938492558e-07,1.373545908400775e-07,3.014339683415912e-08,8.326672684688674e-17,0.0
4,8,159,2,3,169,1,2,9.905153930400701e-08,4.163336342344337e-17,8.078982699499804e-08,5.751532368425405e-08,9.905153933176258e-08,4.163336342344337e-17,0.0
4,8,160,0,1,161,1,2,1.6605160824134657e-07,2.7755575615628914e-17,1.179549026092408e-07,1.0449708263970958e-07,1.6605160822746878e-07,2.7755575615628914e-17,0.0
4,8,161,0,1,162,2,3,2.6666071989422946e-08,1.1102230246251565e-16,1.4515504243028943e-07,1.279711579205145e-07,2.6666072100445248e-08,1.1102230246251565e-16,0.0
4,8,161,2,3,171,1,2,1.6605160815807984e-07,1.3877787807814457e-17,1.0449708266746516e-07,1.1795490248434071e-07,1.6605160817195763e-07,1.3877787807814457e-17,0.0
4,8,162,0,1,163,1,2,1.6673793443167106e-07,6.938893903907228e-17,9.658916882981927e-08,1.0162748409481281e-07,1.6673793441779328e-07,6.938893903907228e-17,0.0
4,8,163,0,1,164,2,3,3.6304080797133764e-08,5.551115123125783e-17,1.0172710618316927e-07,8.09851950223095e-08,3.630408082488934e-08,5.551115123125783e-17,0.0
4,8,163,2,3,173,1,2,1.0677550132953684e-07,2.7755575615628914e-17,3.580902738220537e-08,1.1253041813652498e-07,1.0677550134341462e-07,2.7755575615628914e-17,0.0
4,8,164,0,1,165,1,2,1.5206144550472533e-07,2.7755575615628914e-17,5.7977159614863716e-08,1.0236134440066991e-07,1.5206144550472533e-07,2.7755575615628914e-17,0.0
4,8,165,0,1,166,2,3,3.03432337311893e-08,2.7755575615628914e-17,7.627592729653188e-08,4.832034233848148e-08,3.0343233703433725e-08,2.7755575615628914e-17,0.0
4,8,165,2,3,175,1,2,4.773492037063454e-08,1.3877787807814457e-17,1.4430523095909642e-08,3.330439728860268e-08,4.7734920384512325e-08,1.3877787807814457e-17,0.0
4,8,166,0,1,443,0,1,1.2325266682267078e-08,2.7755575615628914e-17,3.211347250620111e-08,4.112495585739673e-08,1.2325266654511502e-08,2.7755575615628914e-17,0.0
4,8,167,0,1,168,1,2,8.670905450591793e-08,2.7755575615628914e-17,3.6751565235526584e-08,4.995748928426913e-08,8.670905451979571e-08,2.7755575615628914e-17,0.0
4,8,168,0,1,169,2,3,4.880533524542763e-08,1.1102230246251565e-16,4.388105442898471e-08,7.968276391490114e-08,4.880533521767205e-08,1.1102230246251565e-16,0.0
4,8,168,2,3,176,1,2,8.670905456142908e-08,4.163336342344337e-17,4.9957489312024705e-08,3.6751565291037736e-08,8.670905460306244e-08,4.163336342344337e-17,0.0
4,8,169,0,1,170,1,2,9.905153929012922e-08,2.7755575615628914e-17,5.7515323767520776e-08,8.07898269256091e-08,9.905153927625143e-08,2.7755575615628914e-17,0.0
4,8,170,0,1,171,2,3,3.0143396806403544e-08,1.1102230246251565e-16,1.1351744919063655e-07,1.3735459086783308e-07,3.0143396917425846e-08,1.1102230246251565e-16,0.0
4,8,170,2,3,178,1,2,1.8477201425837197e-07,4.163336342344337e-17,7.337042089161638e-08,1.575366903039388e-07,1.8477201427224976e-07,4.163336342344337e-17,0.0
4,8,171,0,1,172,1,2,1.3659453773628982e-07,2.7755575615628914e-17,5.2849029735790864e-08,1.6046033636529788e-07,1.3659453773628982e-07,2.7755575615628914e-17,0.0
4,8,172,0,1,173,2,3,1.4058500141800323e-08,1.1102230246251565e-16,1.0019937154992498e-07,1.0080434137416106e-07,1.4058500141800323e-08,1.1102230246251565e-16,0.0
4,8,172,2,3,180,1,2,1.4846793344736042e-07,1.3877787807814457e-17,9.72515919045458e-08,1.855108804627026e-07,1.484679334612382e-07,1.3877787807814457e-17,0.0
4,8,173,0,1,174,1,2,1.3974056636834042e-07,5.551115123125783e-17,7.127668948114785e-08,2.0368729107544947e-07,1.397405663822182e-07,5.551115123125783e-17,0.0
4,8,174,0,1,175,2,3,6.76437218738446e-08,2.7755575615628914e-17,8.757603628395394e-08,7.077044508752017e-08,6.76437218738446e-08,2.7755575615628914e-17,0.0
4,8,174,2,3,182,1,2,1.5435277638670142e-07,6.938893903907228e-18,7.664921065214658e-08,1.075220103924357e-07,1.5435277638670142e-07,6.938893903907228e-18,0.0
4,8,175,0,1,438,0,1,2.3564528328634538e-08,2.7755575615628914e-17,7.813119493049747e-08,1.0169572325913201e-07,2.3564528328634538e-08,2.7755575615628914e-17,0.0
4,8,176,0,1,177,1,2,3.902575027026067e-08,2.7755575615628914e-17,1.4191410088737477e-08,2.4907999926493396e-08,3.902575027719957e-08,2.7755575615628914e-17,0.0
4,8,177,0,1,178,2,3,3.741618531671875e-08,2.7755575615628914e-17,6.063234386788352e-08,9.516932980568882e-08,3.741618531671875e-08,2.7755575615628914e-17,0.0
4,8,177,2,3,183,1,2,1.3033300393094915e-07,1.3877787807814457e-17,5.090190687007112e-08,1.0540883590981487e-07,1.3033300393094915e-07,1.3877787807814457e-17,0.0
4,8,178,0,1,179,1,2,1.035192061099588e-07,1.3877787807814457e-17,3.4770825871333066e-08,8.453118351126054e-08,1.0351920609608101e-07,1.3877787807814457e-17,0.0
4,8,179,0,1,180,2,3,4.637568618015564e-08,8.326672684688674e-17,7.47089132502321e-08,7.405706373142529e-08,4.637568618015564e-08,8.326672684688674e-17,0.0
4,8,179,2,3,185,1,2,8.933313179471103e-08,4.163336342344337e-17,8.744417927253334e-08,1.7677731106724437e-07,8.933313179471103e-08,4.163336342344337e-17,0.0
4,8,180,0,1,181,1,2,1.7415707029289074e-07,0.0,1.217117346977159e-07,1.6189610307915103e-07,1.7415707029289074e-07,0.0,0.0
4,8,181,0,1,182,2,3,2.747116659151949e-08,2.7755575615628914e-17,2.8065052629089315e-08,3.386587738019031e-08,2.747116659151949e-08,2.7755575615628914e-17,0.0
4,8,181,2,3,187,1,2,1.4810608869875175e-07,1.3877787807814457e-17,1.2717783408333627e-07,1.4369527627511314e-07,1.4810608869875175e-07,1.3877787807814457e-17,0.0
4,8,182,0,1,431,0,1,2.356452831475675e-08,1.3877787807814457e-17,1.216594704492313e-07,1.4522399876398806e-07,2.356452831475675e-08,1.3877787807814457e-17,0.0
4,8,183,0,1,184,1,2,4.4003679637583115e-08,1.3877787807814457e-17,2.5701439920755575e-08,1.830223971682754e-08,4.4003679637583115e-08,1.3877787807814457e-17,0.0
4,8,184,0,1,185,2,3,8.003555178326405e-08,4.163336342344337e-17,4.663746071276176e-08,5.8647704040404314e-08,8.003555178326405e-08,4.163336342344337e-17,0.0
4,8,184,2,3,188,1,2,6.104219109348552e-08,4.163336342344337e-17,6.630525940798382e-08,1.0120025660531606e-07,6.104219105185216e-08,4.163336342344337e-17,0.0
4,8,185,0,1,186,1,2,1.2838854142327438e-07,2.0816681711721685e-17,6.419225318660127e-08,6.41962882505509e-08,1.2838854143715217e-07,2.0816681711721685e-17,0.0
4,8,186,0,1,187,2,3,4.0403955278711656e-08,4.163336342344337e-17,1.9067332920896796e-08,2.133662235781486e-08,4.0403955278711656e-08,4.163336342344337e-17,0.0
4,8,186,2,3,190,1,2,5.534792646422204e-08,4.163336342344337e-17,9.594624642700333e-08,1.0291739613310646e-07,5.534792642258868e-08,4.163336342344337e-17,0.0
4,8,187,0,1,422,0,1,1.2325266592061457e-08,6.938893903907228e-18,9.145744230693031e-08,1.0378270889205288e-07,1.2325266585122563e-08,6.938893903907228e-18,0.0
4,8,188,0,1,189,1,2,5.3558201651426884e-08,1.0408340855860843e-17,3.818381747247579e-08,1.5374384189359436e-08,5.3558201661835225e-08,1.0408340855860843e-17,0.0
4,8,189,0,1,190,2,3,4.922611440694169e-08,1.3877787807814457e-17,2.0278787399297116e-08,3.469069048689377e-08,4.922611442081948e-08,1.3877787807814457e-17,0.0
4,8,189,2,3,191,1,2,1.131250296909636e-08,2.7755575615628914e-17,4.834118965540979e-08,5.965369265226173e-08,1.1312502996851936e-08,2.7755575615628914e-17,0.0
4,8,190,0,1,411,0,1,4.0817813434790295e-09,5.204170427930421e-18,5.271523374761333e-08,5.242902380644954e-08,4.0817813434790295e-09,5.204170427930421e-18,0.0
4,8,191,0,1,398,0,1,1.1114092979269685e-09,4.336808689942018e-19,2.8904708439247973e-08,2.9366545147013756e-08,1.1114092983606494e-09,4.336808689942018e-19,0.0
4,8,192,0,1,193,1,2,9.728302004241574e-09,1.3877787807814457e-17,6.723200202812807e-08,5.750370003776428e-08,9.728301990363786e-09,1.3877787807814457e-17,0.0
4,8,193,0,1,194,2,3,7.021449351021086e-08,7.806255641895632e-18,2.1656768666583615e-08,5.2204887602061434e-08,7.021449350240461e-08,7.806255641895632e-18,0.0
4,8,193,2,3,207,1,2,7.454658069311337e-08,1.3877787807814457e-17,1.8848566110674092e-08,5.569801457550039e-08,7.454658068617448e-08,1.3877787807814457e-17,0.0
4,8,194,0,1,195,1,2,6.685025126518251e-08,2.7755575615628914e-17,1.3967083752064458e-07,1.3737895030591085e-07,6.685025126518251e-08,2.7755575615628914e-17,0.0
4,8,195,0,1,196,2,3,7.15821380729148e-08,4.0115480381963664e-18,2.0566503457306734e-08,5.101563461560807e-08,7.15821380729148e-08,4.0115480381963664e-18,0.0
4,8,195,2,3,209,1,2,2.178745948655525e-07,1.3877787807814457e-17,1.0003476152986579e-07,1.178398333356867e-07,2.178745948655525e-07,1.3877787807814457e-17,0.0
4,8,196,0,1,197,1,2,2.3079716646862147e-07,6.938893903907228e-18,2.3611938420459166e-07,2.325063640958025e-07,2.3079716646862147e-07,6.938893903907228e-18,0.0
4,8,197,0,1,198,2,3,8.18255105651533e-08,5.204170427930421e-18,6.472504981980265e-08,4.8443915752136024e-08,8.182551056862275e-08,5.204170427930421e-18,0.0
4,8,197,2,3,211,1,2,3.601218025242603e-07,6.938893903907228e-18,3.31465670428549e-07,2.7727574087449414e-07,3.6012180252772974e-07,6.938893903907228e-18,0.0
4,8,198,0,1,199,1,2,3.028672666827159e-07,1.6696713456276768e-17,2.1104510734143433e-07,2.074454572820704e-07,3.02867266675777e-07,1.6696713456276768e-17,0.0
4,8,199,0,1,200,2,3,3.028672666827159e-07,1.6696713456276768e-17,2.074454572944303e-07,2.1104510734143433e-07,3.028672666827159e-07,1.6696713456276768e-17,0.0
4,8,199,2,3,213,1,2,1.6751379499496677e-07,2.7755575615628914e-17,4.584102144926383e-07,2.9089641949073264e-07,1.6751379501578345e-07,2.7755575615628914e-17,0.0
4,8,200,0,1,201,1,2,8.182551055127552e-08,3.469446951953614e-18,4.8443915746931854e-08,6.472504985970129e-08,8.182551054954079e-08,3.469446951953614e-18,0.0
4,8,201,0,1,202,2,3,2.3079716640617143e-07,3.469446951953614e-18,2.3250636411661918e-07,2.3611938419071388e-07,2.3079716640617143e-07,3.469446951953614e-18,0.0
4,8,201,2,3,215,1,2,3.60121802545077e-07,1.3877787807814457e-17,3.314656704493657e-07,2.772757408953108e-07,3.60121802545077e-07,1.3877787807814457e-17,0.0
4,8,202,0,1,203,1,2,7.158213814490583e-08,2.6834003769016235e-18,5.1015634679359156e-08,2.0566503468148756e-08,7.158213814750791e-08,2.6834003769016235e-18,0.0
4,8,203,0,1,204,2,3,6.685025130681588e-08,2.7755575615628914e-17,1.3737895030591085e-07,1.3967083756227794e-07,6.68502512790603e-08,2.7755575615628914e-17,0.0
4,8,203,2,3,217,1,2,2.1787459487943028e-07,1.3877787807814457e-17,1.0003476155762137e-07,1.1783983332180892e-07,2.1787459487943028e-07,1.3877787807814457e-17,0.0
4,8,204,0,1,205,1,2,7.021449352322129e-08,8.673617379884035e-18,5.22048876254802e-08,2.1656768663114168e-08,7.02144935318949e-08,8.673617379884035e-18,0.0
4,8,205,0,1,206,2,3,9.728301948730422e-09,1.3877787807814457e-17,5.750370005164207e-08,6.723200201425028e-08,9.72830196260821e-09,1.3877787807814457e-17,0.0
4,8,205,2,3,219,1,2,7.454658079025789e-08,1.3877787807814457e-17,1.88485662147575e-08,5.569801458243928e-08,7.454658079719678e-08,1.3877787807814457e-17,0.0
4,8,206,0,1,511,0,1,1.1114092979269685e-09,4.336808689942018e-19,2.9366545147013756e-08,2.8904708439247973e-08,1.1114092983606494e-09,4.336808689942018e-19,0.0
4,8,207,0,1,208,1,2,7.254451582505705e-08,2.7755575615628914e-17,1.3795369797897639e-07,1.0773796324525797e-07,7.254451581117927e-08,2.7755575615628914e-17,0.0
4,8,208,0,1,209,2,3,1.695216050659476e-07,1.0408340855860843e-17,8.24759339226877e-08,9.649454656927153e-08,1.695216050590087e-07,1.0408340855860843e-17,0.0
4,8,208,2,3,220,1,2,7.518186250637937e-08,2.0816681711721685e-17,1.980141026841631e-08,5.538045221714638e-08,7.518186248556269e-08,2.0816681711721685e-17,0.0
4,8,209,0,1,210,1,2,9.466746919706281e-08,4.163336342344337e-17,2.952038879039387e-07,2.0053641870687589e-07,9.466746919706281e-08,4.163336342344337e-17,0.0
4,8,210,0,1,211,2,3,1.5853332057530478e-07,2.0816681711721685e-17,1.5030060673132395e-07,1.8647530744975854e-07,1.585333205544881e-07,2.0816681711721685e-17,0.0
4,8,210,2,3,222,1,2,2.1567684039408563e-07,1.3877787807814457e-17,1.6012287684663562e-07,1.471890696130851e-07,2.1567684038020785e-07,1.3877787807814457e-17,0.0
4,8,211,0,1,212,1,2,2.6087927437745684e-07,2.7755575615628914e-17,4.4353923138451545e-07,3.7599971507845664e-07,2.6087927434970126e-07,2.7755575615628914e-17,0.0
4,8,212,0,1,213,2,3,1.4879683770535612e-07,4.163336342344337e-17,3.0225969517919116e-07,2.9967435689892685e-07,1.4879683774698949e-07,4.163336342344337e-17,0.0
4,8,212,2,3,224,1,2,2.7533445600856285e-07,1.3877787807814457e-17,4.951947047996882e-07,3.842003778870007e-07,2.7533445599468506e-07,1.3877787807814457e-17,0.0
4,8,213,0,1,214,1,2,1.4879683764984497e-07,2.7755575615628914e-17,2.996743568434157e-07,3.0225969517225226e-07,1.487968376220894e-07,2.7755575615628914e-17,0.0
4,8,214,0,1,215,2,3,2.6087927446072356e-07,4.163336342344337e-17,3.7599971508539554e-07,4.4353923148165997e-07,2.6087927450235693e-07,4.163336342344337e-17,0.0
4,8,214,2,3,226,1,2,2.753344560237417e-07,2.3852447794681098e-17,4.951947048179028e-07,3.8420037789393957e-07,2.7533445604759413e-07,2.3852447794681098e-17,0.0
4,8,215,0,1,216,1,2,1.5853332059612146e-07,1.3877787807814457e-17,1.864753074280745e-07,1.5030060675214063e-07,1.5853332060306036e-07,1.3877787807814457e-17,0.0
4,8,216,0,1,217,2,3,9.466746919706281e-08,2.7755575615628914e-17,2.005364186929981e-07,2.9520388786230534e-07,9.466746916930724e-08,2.7755575615628914e-17,0.0
4,8,216,2,3,228,1,2,2.156768404287801e-07,1.3877787807814457e-17,1.601228768674523e-07,1.4718906964084066e-07,2.1567684041490232e-07,1.3877787807814457e-17,0.0
4,8,217,0,1,218,1,2,1.6952160518043935e-07,1.0408340855860843e-17,9.649454658661877e-08,8.247593402330167e-08,1.69521605170031e-07,1.0408340855860843e-17,0.0
4,8,218,0,1,219,2,3,7.254451582505705e-08,2.7755575615628914e-17,1.077379632175024e-07,1.3795369797897639e-07,7.254451579730148e-08,2.7755575615628914e-17,0.0
4,8,218,2,3,230,1,2,7.518186249944048e-08,2.0816681711721685e-17,1.980141032392746e-08,5.53804521963297e-08,7.518186252025716e-08,2.0816681711721685e-17,0.0
4,8,219,0,1,510,0,1,4.0817813434790295e-09,5.204170427930421e-18,5.242902380644954e-08,5.271523374761333e-08,4.0817813434790295e-09,5.204170427930421e-18,0.0
4,8,220,0,1,221,1,2,2.1302408169387999e-07,2.7755575615628914e-17,1.9783294392949902e-07,1.5623043692070127e-07,2.1302408169387999e-07,2.7755575615628914e-17,0.0
4,8,221,0,1,222,2,3,2.0806035690157376e-07,1.3877787807814457e-17,2.2910432601053188e-07,2.5073333607961157e-07,2.0806035690157376e-07,1.3877787807814457e-17,0.0
4,8,221,2,3,231,1,2,4.534041847525927e-08,2.7755575615628914e-17,6.156799717271788e-08,1.6227578669703036e-08,4.5340418503014845e-08,2.7755575615628914e-17,0.0
4,8,222,0,1,223,1,2,2.971833552717351e-07,4.163336342344337e-17,4.155650412951406e-07,3.14522958483332e-07,2.9718335524397954e-07,4.163336342344337e-17,0.0
4,8,223,0,1,224,2,3,1.0859652146977261e-07,4.163336342344337e-17,3.935672206190066e-07,4.1396156980066934e-07,1.0859652151140597e-07,4.163336342344337e-17,0.0
4,8,223,2,3,233,1,2,9.848930253991695e-08,3.469446951953614e-17,2.8451562683606824e-07,1.8714393872423796e-07,9.848930256073363e-08,3.469446951953614e-17,0.0
4,8,224,0,1,225,1,2,1.1145257905464945e-07,5.551115123125783e-17,5.080303647486684e-07,4.1146442442130393e-07,1.1145257905464945e-07,5.551115123125783e-17,0.0
4,8,225,0,1,226,2,3,1.1145257901301608e-07,5.551115123125783e-17,4.11464424351915e-07,5.08030364707035e-07,1.1145257901301608e-07,5.551115123125783e-17,0.0
4,8,225,2,3,235,1,2,5.5066777646453624e-08,2.0816681711721685e-17,4.4467449131571635e-07,3.9007546219840816e-07,5.5066777646453624e-08,2.0816681711721685e-17,0.0
4,8,226,0,1,227,1,2,1.0859652163630606e-07,2.0816681711721685e-17,4.1396156980066934e-07,3.9356722066064e-07,1.0859652163630606e-07,2.0816681711721685e-17,0.0
4,8,227,0,1,228,2,3,2.971833552856129e-07,4.163336342344337e-17,3.1452295842782085e-07,4.1556504135065175e-07,2.971833552994907e-07,4.163336342344337e-17,0.0
4,8,227,2,3,237,1,2,9.84893025954281e-08,2.0816681711721685e-17,2.845156268568849e-07,1.8714393873811574e-07,9.84893025954281e-08,2.0816681711721685e-17,0.0
4,8,228,0,1,229,1,2,2.08060357081985e-07,2.0816681711721685e-17,2.5073333611430604e-07,2.2910432606604303e-07,2.0806035706810722e-07,2.0816681711721685e-17,0.0
4,8,229,0,1,230,2,3,2.1302408162449105e-07,2.7755575615628914e-17,1.5623043686519011e-07,1.9783294386011008e-07,2.1302408162449105e-07,2.7755575615628914e-17,0.0
4,8,229,2,3,239,1,2,4.5340418503014845e-08,1.3877787807814457e-17,6.156799720047346e-08,1.622757869745861e-08,4.5340418503014845e-08,1.3877787807814457e-17,0.0
4,8,230,0,1,507,0,1,1.2325266592061457e-08,6.938893903907228e-18,1.0378270889205288e-07,9.145744230693031e-08,1.2325266585122563e-08,6.938893903907228e-18,0.0
4,8,231,0,1,232,1,2,2.3522354485050467e-07,5.551115123125783e-17,1.402746622053419e-07,1.1986942102804043e-07,2.3522354486438246e-07,5.551115123125783e-17,0.0
4,8,232,0,1,233,2,3,7.65785637263372e-08,8.326672684688674e-17,2.9619829371163586e-07,2.2694969487035976e-07,7.657856371245941e-08,8.326672684688674e-17,0.0
4,8,232,2,3,240,1,2,1.4851449033764785e-07,1.3877787807814457e-17,1.3079624659045885e-07,1.035230969385903e-07,1.4851449033070896e-07,1.3877787807814457e-17,0.0
4,8,233,0,1,234,1,2,1.410728756590096e-07,5.551115123125783e-17,2.1321170409760448e-07,2.1391712642926386e-07,1.4107287564513182e-07,5.551115123125783e-17,0.0
4,8,234,0,1,235,2,3,1.3873991835944288e-07,8.326672684688674e-17,3.396696184598813e-07,3.510638937886945e-07,1.3873991840107625e-07,8.326672684688674e-17,0.0
4,8,234,2,3,242,1,2,1.1241134099644959e-07,7.806255641895632e-18,2.787481230837052e-07,2.5802835094696636e-07,1.1241134098886017e-07,7.806255641895632e-18,0.0
4,8,235,0,1,236,1,2,1.3873991831780952e-07,2.7755575615628914e-17,3.510638935944055e-07,3.396696184737591e-07,1.387399183455651e-07,2.7755575615628914e-17,0.0
4,8,236,0,1,237,2,3,1.410728756590096e-07,2.7755575615628914e-17,2.1391712640150828e-07,2.1321170420862678e-07,1.410728756728874e-07,2.7755575615628914e-17,0.0
4,8,236,2,3,244,1,2,1.1241134095785199e-07,2.0816681711721685e-17,2.7874812312880803e-07,2.580283509467495e-07,1.1241134095763515e-07,2.0816681711721685e-17,0.0
4,8,237,0,1,238,1,2,7.657856365694826e-08,8.326672684688674e-17,2.2694969488423755e-07,2.961982936561247e-07,7.657856364307047e-08,8.326672684688674e-17,0.0
4,8,238,0,1,239,2,3,2.3522354483662689e-07,1.3877787807814457e-17,1.1986942100028486e-07,1.4027466224697527e-07,2.352235448227491e-07,1.3877787807814457e-17,0.0
4,8,238,2,3,246,1,2,1.4851449031336172e-07,2.0816681711721685e-17,1.307962466529089e-07,1.0352309695593753e-07,1.485144903272395e-07,2.0816681711721685e-17,0.0
4,8,239,0,1,502,0,1,2.356452831475675e-08,1.3877787807814457e-17,1.4522399876398806e-07,1.216594704492313e-07,2.356452831475675e-08,1.3877787807814457e-17,0.0
4,8,240,0,1,241,1,2,5.435434406730888e-08,2.7755575615628914e-17,3.034532908285925e-08,3.9776305679750656e-08,5.435434406730888e-08,2.7755575615628914e-17,0.0
4,8,241,0,1,242,2,3,1.8596473227994181e-07,1.3877787807814457e-17,1.6956956741531748e-07,1.5556400624616717e-07,1.8596473227994181e-07,1.3877787807814457e-17,0.0
4,8,241,2,3,247,1,2,8.269107778721696e-08,2.42861286636753e-17,1.0532852996736342e-07,9.242410793815214e-08,8.269107778027807e-08,2.42861286636753e-17,0.0
4,8,242,0,1,243,1,2,1.1215763426331016e-07,4.163336342344337e-17,1.124182436584853e-07,7.559169336313065e-08,1.1215763430494352e-07,4.163336342344337e-17,0.0
4,8,243,0,1,244,2,3,1.1215763438821025e-07,4.163336342344337e-17,7.559169340476402e-08,1.1241824371399645e-07,1.1215763442984361e-07,4.163336342344337e-17,0.0
4,8,243,2,3,249,1,2,1.2571772393943359e-08,2.3418766925686896e-17,1.1309223934066748e-07,1.1842657678378526e-07,1.2571772408688509e-08,2.3418766925686896e-17,0.0
4,8,244,0,1,245,1,2,1.8596473223830845e-07,1.3877787807814457e-17,1.5556400624616717e-07,1.6956956737368412e-07,1.8596473222443066e-07,1.3877787807814457e-17,0.0
4,8,245,0,1,246,2,3,5.435434401179773e-08,2.7755575615628914e-17,3.9776305624239505e-08,3.03453290273481e-08,5.435434401179773e-08,2.7755575615628914e-17,0.0
4,8,245,2,3,251,1,2,8.269107781670726e-08,1.3877787807814457e-17,1.0532853002287457e-07,9.242410795549938e-08,8.269107783058505e-08,1.3877787807814457e-17,0.0
4,8,246,0,1,495,0,1,2.3564528328634538e-08,2.7755575615628914e-17,1.0169572325913201e-07,7.813119493049747e-08,2.3564528328634538e-08,2.7755575615628914e-17,0.0
4,8,247,0,1,248,1,2,3.117818282716289e-08,4.163336342344337e-17,2.967901223394076e-08,7.394514306424682e-09,3.117818279940732e-08,4.163336342344337e-17,0.0
4,8,248,0,1,249,2,3,8.94860534561559e-08,2.7755575615628914e-17,3.5838473314009356e-08,5.364758012826876e-08,8.948605344227811e-08,2.7755575615628914e-17,0.0
4,8,248,2,3,252,1,2,1.5921565349116817e-08,1.3010426069826053e-17,4.1432703798242876e-08,3.6753441359294644e-08,1.5921565362127243e-08,1.3010426069826053e-17,0.0
4,8,249,0,1,250,1,2,8.948605347003369e-08,2.7755575615628914e-17,5.364758018377991e-08,3.583847328625378e-08,8.948605347003369e-08,2.7755575615628914e-17,0.0
4,8,250,0,1,251,2,3,3.117818284104068e-08,4.163336342344337e-17,7.394514361935833e-09,2.96790123033297e-08,3.1178182868796256e-08,4.163336342344337e-17,0.0
4,8,250,2,3,254,1,2,1.5921565349116817e-08,1.3010426069826053e-17,4.143270382686581e-08,3.675344138152079e-08,1.592156533610639e-08,1.3010426069826053e-17,0.0
4,8,251,0,1,486,0,1,1.2325266682267078e-08,2.7755575615628914e-17,4.112495585739673e-08,3.211347250620111e-08,1.2325266654511502e-08,2.7755575615628914e-17,0.0
4,8,252,0,1,253,1,2,2.0988379104136534e-08,1.3877787807814457e-17,1.7514197106494045e-08,3.4741819837647014e-09,2.0988379090258746e-08,1.3877787807814457e-17,0.0
4,8,253,0,1,254,2,3,2.0988379173525473e-08,1.3877787807814457e-17,3.4741819976424893e-09,1.7514197175882984e-08,2.0988379173525473e-08,1.3877787807814457e-17,0.0
4,8,253,2,3,255,1,2,1.5842010184143746e-09,2.168404344971009e-19,9.16251034505794e-09,7.57830934941181e-09,1.584201018631215e-09,2.168404344971009e-19,0.0
4,8,254,0,1,475,0,1,4.081781315723454e-09,1.3877787807814457e-17,1.946617037007492e-08,1.9752380370219313e-08,4.081781301845666e-09,1.3877787807814457e-17,0.0
4,8,255,0,1,462,0,1,1.1114093118047563e-09,1.3877787807814457e-17,4.820337268229835e-09,4.358500581280733e-09,1.1114092979269685e-09,1.3877787807814457e-17,0.0
4,8,256,0,1,257,1,2,1.1312502927462997e-08,2.7755575615628914e-17,5.965369265920062e-08,4.834118971092094e-08,1.1312502948279679e-08,2.7755575615628914e-17,0.0
4,8,256,1,2,448,2,3,4.163336342344337e-17,1.3877787807814457e-17,2.4546207871845027e-08,2.4546207830211664e-08,4.163336342344337e-17,1.3877787807814457e-17,0.0
4,8,256,2,3,320,1,2,1.1114093257909644e-09,4.336808689942018e-19,2.8904708409757673e-08,2.9366545150483203e-08,1.1114093262246452e-09,4.336808689942018e-19,0.0
4,8,257,0,1,258,2,3,5.35582015195879e-08,1.0408340855860843e-17,1.5374384119970497e-08,3.8183817399617404e-08,5.35582015195879e-08,1.0408340855860843e-17,0.0
4,8,257,2,3,271,1,2,4.9226114434697266e-08,1.3877787807814457e-17,2.0278787343785964e-08,3.469069048689377e-08,4.9226114448575053e-08,1.3877787807814457e-17,0.0
4,8,258,0,1,259,1,2,6.104219096858543e-08,4.163336342344337e-17,1.0120025657756049e-07,6.630525939410603e-08,6.104219094082985e-08,4.163336342344337e-17,0.0
4,8,258,1,2,463,2,3,5.551115123125783e-17,1.3877787807814457e-17,3.2962853405149595e-08,3.2962853335760656e-08,6.938893903907228e-17,1.3877787807814457e-17,0.0
4,8,259,0,1,260,2,3,4.4003679741666524e-08,1.3877787807814457e-17,1.8302239834788736e-08,2.5701439906877788e-08,4.4003679741666524e-08,1.3877787807814457e-17,0.0
4,8,259,2,3,273,1,2,8.003555174163068e-08,4.163336342344337e-17,4.663746080990627e-08,5.864770413754883e-08,8.003555174163068e-08,4.163336342344337e-17,0.0
4,8,260,0,1,261,1,2,1.3033300395870473e-07,5.551115123125783e-17,1.0540883600695938e-07,5.090190688394891e-08,1.3033300395870473e-07,5.551115123125783e-17,0.0
4,8,260,1,2,476,2,3,5.551115123125783e-17,2.7755575615628914e-17,6.26577530971062e-08,6.265775312486177e-08,5.551115123125783e-17,2.7755575615628914e-17,0.0
4,8,261,0,1,262,2,3,3.902575027719957e-08,1.3877787807814457e-17,2.490799995424897e-08,1.4191410116493053e-08,3.9025750291077355e-08,1.3877787807814457e-17,0.0
4,8,261,2,3,275,1,2,3.7416185177940875e-08,2.7755575615628914e-17,6.063234395115025e-08,9.516932991671112e-08,3.74161851501853e-08,2.7755575615628914e-17,0.0
4,8,262,0,1,263,1,2,8.670905451979571e-08,2.7755575615628914e-17,3.6751565235526584e-08,4.995748929814692e-08,8.67090545336735e-08,2.7755575615628914e-17,0.0
4,8,262,1,2,487,2,3,1.1102230246251565e-16,2.7755575615628914e-17,4.3528275511794945e-08,4.3528275456283794e-08,1.1102230246251565e-16,2.7755575615628914e-17,0.0
4,8,263,0,1,264,2,3,8.670905447816235e-08,6.938893903907228e-17,4.995748927039134e-08,3.675156524940437e-08,8.670905451979571e-08,6.938893903907228e-17,0.0
4,8,263,2,3,277,1,2,4.8805335273183204e-08,8.326672684688674e-17,4.3881054345717985e-08,7.968276388714557e-08,4.880533530093878e-08,8.326672684688674e-17,0.0
4,8,264,0,1,265,1,2,3.9025750235566203e-08,2.7755575615628914e-17,1.4191410060981902e-08,2.490799993343229e-08,3.9025750235566203e-08,2.7755575615628914e-17,0.0
4,8,264,1,2,496,2,3,5.551115123125783e-17,2.7755575615628914e-17,4.352827540077264e-08,4.352827534526149e-08,8.326672684688674e-17,2.7755575615628914e-17,0.0
4,8,265,0,1,266,2,3,1.3033300383380464e-07,2.7755575615628914e-17,5.090190687007112e-08,1.0540883592369266e-07,1.3033300386156021e-07,2.7755575615628914e-17,0.0
4,8,265,2,3,279,1,2,3.74161852612076e-08,2.7755575615628914e-17,6.06323437846168e-08,9.51693298334444e-08,3.741618528896318e-08,2.7755575615628914e-17,0.0
4,8,266,0,1,267,1,2,4.400367967921648e-08,2.0816681711721685e-17,2.5701439941572257e-08,1.830223971682754e-08,4.40036796583998e-08,2.0816681711721685e-17,0.0
4,8,266,1,2,503,2,3,8.326672684688674e-17,2.7755575615628914e-17,6.265775305547283e-08,6.265775302771726e-08,5.551115123125783e-17,2.7755575615628914e-17,0.0
4,8,267,0,1,268,2,3,6.104219092695207e-08,5.551115123125783e-17,6.630525939410603e-08,1.012002565636827e-07,6.104219096858543e-08,5.551115123125783e-17,0.0
4,8,267,2,3,281,1,2,8.003555174163068e-08,4.163336342344337e-17,4.663746071276176e-08,5.864770417918219e-08,8.003555174163068e-08,4.163336342344337e-17,0.0
4,8,268,0,1,269,1,2,5.3558201637549097e-08,6.938893903907228e-18,3.818381743431187e-08,1.537438419629833e-08,5.35582016306102e-08,6.938893903907228e-18,0.0
4,8,268,1,2,508,2,3,6.938893903907228e-17,1.3877787807814457e-17,3.296285341902738e-08,3.296285343290517e-08,6.938893903907228e-17,1.3877787807814457e-17,0.0
4,8,269,0,1,270,2,3,1.131250291358521e-08,2.7755575615628914e-17,4.8341189738676515e-08,5.965369263144504e-08,1.1312502892768528e-08,2.7755575615628914e-17,0.0
4,8,269,2,3,283,1,2,4.9226114365308327e-08,1.3877787807814457e-17,2.027878742705269e-08,3.469069044526041e-08,4.922611435143054e-08,1.3877787807814457e-17,0.0
4,8,270,1,2,511,2,3,5.551115123125783e-17,1.3877787807814457e-17,2.454620785796724e-08,2.4546207871845027e-08,6.938893903907228e-17,1.3877787807814457e-17,0.0
4,8,271,0,1,272,1,2,5.53479263948331e-08,2.7755575615628914e-17,1.0291739614698425e-07,9.594624648251449e-08,5.53479263948331e-08,2.7755575615628914e-17,0.0
4,8,271,2,3,322,1,2,4.081781331335965e-09,5.204170427930421e-18,5.271523376149112e-08,5.24290237891023e-08,4.081781331335965e-09,5.204170427930421e-18,0.0
4,8,272,0,1,273,2,3,1.2838854136776323e-07,1.3877787807814457e-17,6.419628822973422e-08,6.41922531449679e-08,1.2838854137470213e-07,1.3877787807814457e-17,0.0
4,8,272,2,3,284,1,2,4.0403955348100595e-08,0.0,1.9067333004163523e-08,2.1336622343937073e-08,4.0403955348100595e-08,0.0,0.0
4,8,273,0,1,274,1,2,8.933313176695545e-08,4.163336342344337e-17,1.7677731116438888e-07,8.744417936967785e-08,8.933313179471103e-08,4.163336342344337e-17,0.0
4,8,274,0,1,275,2,3,1.0351920592954755e-07,4.163336342344337e-17,8.453118345574939e-08,3.477082589908864e-08,1.0351920592954755e-07,4.163336342344337e-17,0.0
4,8,274,2,3,286,1,2,4.6375686263422367e-08,8.326672684688674e-17,7.470891344452113e-08,7.405706373142529e-08,4.637568629117794e-08,8.326672684688674e-17,0.0
4,8,275,0,1,276,1,2,1.8477201427224976e-07,2.7755575615628914e-17,1.5753669027618322e-07,7.337042093324975e-08,1.8477201427224976e-07,2.7755575615628914e-17,0.0
4,8,276,0,1,277,2,3,9.905153926237364e-08,2.7755575615628914e-17,8.078982698112025e-08,5.7515323656498474e-08,9.905153926237364e-08,2.7755575615628914e-17,0.0
4,8,276,2,3,288,1,2,3.014339669538124e-08,8.326672684688674e-17,1.1351744935717001e-07,1.3735459078456635e-07,3.014339677864797e-08,8.326672684688674e-17,0.0
4,8,277,0,1,278,1,2,9.905153933176258e-08,1.3877787807814457e-17,5.751532367037626e-08,8.078982700887583e-08,9.905153934564037e-08,1.3877787807814457e-17,0.0
4,8,278,0,1,279,2,3,1.847720142444942e-07,2.7755575615628914e-17,7.337042094712753e-08,1.575366903039388e-07,1.847720142306164e-07,2.7755575615628914e-17,0.0
4,8,278,2,3,290,1,2,3.0143396806403544e-08,1.1102230246251565e-16,1.135174492461477e-07,1.3735459086783308e-07,3.014339669538124e-08,1.1102230246251565e-16,0.0
4,8,279,0,1,280,1,2,1.0351920615159216e-07,1.3877787807814457e-17,3.477082591296643e-08,8.453118353901612e-08,1.0351920616546995e-07,1.3877787807814457e-17,0.0
4,8,280,0,1,281,2,3,8.933313169756651e-08,4.163336342344337e-17,8.744417935580007e-08,1.7677731105336658e-07,8.933313169756651e-08,4.163336342344337e-17,0.0
4,8,280,2,3,292,1,2,4.637568618015564e-08,5.551115123125783e-17,7.470891333349883e-08,7.405706378693644e-08,4.637568618015564e-08,5.551115123125783e-17,0.0
4,8,281,0,1,282,1,2,1.2838854146490775e-07,2.0816681711721685e-17,6.419225321435684e-08,6.419628826442869e-08,1.2838854147878553e-07,2.0816681711721685e-17,0.0
4,8,282,0,1,283,2,3,5.5347926436466466e-08,2.7755575615628914e-17,9.59462464686367e-08,1.0291739616086204e-07,5.534792646422204e-08,2.7755575615628914e-17,0.0
4,8,282,2,3,294,1,2,4.040395518156714e-08,2.7755575615628914e-17,1.9067332865385644e-08,2.1336622316181497e-08,4.040395518156714e-08,2.7755575615628914e-17,0.0
4,8,284,0,1,285,1,2,1.4810608861548502e-07,2.0816681711721685e-17,1.4369527624735756e-07,1.2717783409721406e-07,1.481060886293628e-07,2.0816681711721685e-17,0.0
4,8,284,2,3,324,1,2,1.2325266585122563e-08,6.938893903907228e-18,9.145744229305253e-08,1.037827088712362e-07,1.2325266578183669e-08,6.938893903907228e-18,0.0
4,8,285,0,1,286,2,3,1.7415707018186843e-07,2.7755575615628914e-17,1.6189610302363988e-07,1.21711734690777e-07,1.7415707018186843e-07,2.7755575615628914e-17,0.0
4,8,285,2,3,295,1,2,2.747116653600834e-08,2.7755575615628914e-17,2.8065052642967103e-08,3.3865877435701464e-08,2.747116653600834e-08,2.7755575615628914e-17,0.0
4,8,286,0,1,287,1,2,1.4846793344736042e-07,6.938893903907228e-17,1.8551088049045816e-07,9.725159193230137e-08,1.48467933475116e-07,6.938893903907228e-17,0.0
4,8,287,0,1,288,2,3,1.3659453762526752e-07,2.7755575615628914e-17,1.6046033650407576e-07,5.284902970803529e-08,1.365945376530231e-07,2.7755575615628914e-17,0.0
4,8,287,2,3,297,1,2,1.4058500308333777e-08,2.7755575615628914e-17,1.001993715221694e-07,1.0080434134640548e-07,1.4058500336089352e-08,2.7755575615628914e-17,0.0
4,8,288,0,1,289,1,2,1.6605160828297993e-07,2.7755575615628914e-17,1.1795490262311858e-07,1.0449708263970958e-07,1.6605160828297993e-07,2.7755575615628914e-17,0.0
4,8,289,0,1,290,2,3,1.6605160803317975e-07,2.7755575615628914e-17,1.0449708270909852e-07,1.1795490242882956e-07,1.6605160801930197e-07,2.7755575615628914e-17,0.0
4,8,289,2,3,299,1,2,2.6666072100445248e-08,1.1102230246251565e-16,1.4515504237477828e-07,1.279711579205145e-07,2.6666072183711975e-08,1.1102230246251565e-16,0.0
4,8,290,0,1,291,1,2,1.3659453769465646e-07,5.551115123125783e-17,5.2849029735790864e-08,1.604603364624424e-07,1.3659453770853425e-07,5.551115123125783e-17,0.0
4,8,291,0,1,292,2,3,1.4846793343348264e-07,4.163336342344337e-17,9.725159198781252e-08,1.8551088042106922e-07,1.4846793344736042e-07,4.163336342344337e-17,0.0
4,8,291,2,3,301,1,2,1.4058500169555899e-08,8.326672684688674e-17,1.0019937160543613e-07,1.0080434137416106e-07,1.4058500169555899e-08,8.326672684688674e-17,0.0
4,8,292,0,1,293,1,2,1.741570703206463e-07,4.163336342344337e-17,1.2171173473934926e-07,1.6189610306527324e-07,1.741570703345241e-07,4.163336342344337e-17,0.0
4,8,293,0,1,294,2,3,1.4810608861548502e-07,1.3877787807814457e-17,1.27177834166603e-07,1.4369527623347977e-07,1.4810608861548502e-07,1.3877787807814457e-17,0.0
4,8,293,2,3,303,1,2,2.747116659151949e-08,0.0,2.8065052559700376e-08,3.3865877435701464e-08,2.747116659151949e-08,0.0,0.0
4,8,295,0,1,296,1,2,1.5435277631731248e-07,2.7755575615628914e-17,1.0752201035774123e-07,7.664921065214658e-08,1.543527762895569e-07,2.7755575615628914e-17,0.0
4,8,295,2,3,326,1,2,2.356452834945122e-08,1.3877787807814457e-17,1.2165947040065905e-07,1.4522399875011027e-07,2.356452834945122e-08,1.3877787807814457e-17,0.0
4,8,296,0,1,297,2,3,1.3974056646548494e-07,5.551115123125783e-17,2.0368729111708284e-07,7.1276689536659e-08,1.3974056645160715e-07,5.551115123125783e-17,0.0
4,8,296,2,3,304,1,2,6.76437217628223e-08,5.551115123125783e-17,8.757603633946509e-08,7.077044514303132e-08,6.76437217628223e-08,5.551115123125783e-17,0.0
4,8,297,0,1,298,1,2,1.0677550123239232e-07,4.163336342344337e-17,1.1253041815040277e-07,3.580902732669422e-08,1.0677550124627011e-07,4.163336342344337e-17,0.0
4,8,298,0,1,299,2,3,1.667379343761599e-07,2.7755575615628914e-17,1.0162748409481281e-07,9.658916878818591e-08,1.667379343900377e-07,2.7755575615628914e-17,0.0
4,8,298,2,3,306,1,2,3.6304080797133764e-08,5.551115123125783e-17,1.0172710621092484e-07,8.098519518884295e-08,3.630408082488934e-08,5.551115123125783e-17,0.0
4,8,299,0,1,300,1,2,1.6673793430677097e-07,5.551115123125783e-17,9.658916877430812e-08,1.016274841086906e-07,1.6673793432064876e-07,5.551115123125783e-17,0.0
4,8,300,0,1,301,2,3,1.0677550124627011e-07,1.3877787807814457e-17,3.580902732669422e-08,1.1253041809489162e-07,1.0677550123239232e-07,1.3877787807814457e-17,0.0
4,8,300,2,3,308,1,2,3.630408076937819e-08,5.551115123125783e-17,1.017271061554137e-07,8.098519521659853e-08,3.630408071386704e-08,5.551115123125783e-17,0.0
4,8,301,0,1,302,1,2,1.3974056645160715e-07,6.938893903907228e-17,7.127668949502564e-08,2.036872910338161e-07,1.3974056643772936e-07,6.938893903907228e-17,0.0
4,8,302,0,1,303,2,3,1.5435277642833478e-07,1.3877787807814457e-17,7.664921069377995e-08,1.075220103854968e-07,1.5435277644221257e-07,1.3877787807814457e-17,0.0
4,8,302,2,3,310,1,2,6.76437218738446e-08,5.551115123125783e-17,8.757603620068721e-08,7.077044511527575e-08,6.76437218738446e-08,5.551115123125783e-17,0.0
4,8,304,0,1,305,1,2,4.7734920259612235e-08,1.3877787807814457e-17,3.330439722615264e-08,1.4430523047337385e-08,4.773492027349002e-08,1.3877787807814457e-17,0.0
4,8,304,2,3,328,1,2,2.3564528328634538e-08,2.7755575615628914e-17,7.813119497213084e-08,1.0169572330076537e-07,2.3564528328634538e-08,2.7755575615628914e-17,0.0
4,8,305,0,1,306,2,3,1.5206144557411427e-07,1.3877787807814457e-17,1.0236134442842548e-07,5.7977159559352565e-08,1.5206144556023649e-07,1.3877787807814457e-17,0.0
4,8,305,2,3,311,1,2,3.034323392547833e-08,2.7755575615628914e-17,7.627592724102072e-08,4.832034253277051e-08,3.0343233953233906e-08,2.7755575615628914e-17,0.0
4,8,306,0,1,307,1,2,6.142020128607761e-08,2.7755575615628914e-17,4.73212496826525e-08,3.1936590358383476e-08,6.14202012999554e-08,2.7755575615628914e-17,0.0
4,8,307,0,1,308,2,3,6.142020121668867e-08,2.7755575615628914e-17,3.19365903306279e-08,4.732124966877471e-08,6.142020121668867e-08,2.7755575615628914e-17,0.0
4,8,307,2,3,313,1,2,2.8467294688194755e-08,5.551115123125783e-17,4.2125152338590155e-08,3.3174495567278584e-08,2.8467294743705907e-08,5.551115123125783e-17,0.0
4,8,308,0,1,309,1,2,1.5206144551860312e-07,2.7755575615628914e-17,5.7977159614863716e-08,1.0236134437291433e-07,1.5206144550472533e-07,2.7755575615628914e-17,0.0
4,8,309,0,1,310,2,3,4.7734920329001174e-08,1.3877787807814457e-17,1.4430523068154066e-08,3.3304397274724895e-08,4.773492034287896e-08,1.3877787807814457e-17,0.0
4,8,309,2,3,315,1,2,3.034323378670045e-08,2.7755575615628914e-17,7.627592718550957e-08,4.8320342505014935e-08,3.034323378670045e-08,2.7755575615628914e-17,0.0
4,8,311,0,1,312,1,2,2.4076718826981924e-08,1.3877787807814457e-17,1.1267077895671385e-08,1.2809640917432752e-08,2.4076718813104137e-08,1.3877787807814457e-17,0.0
4,8,311,2,3,330,1,2,1.232526659900035e-08,2.7755575615628914e-17,3.2113472492323325e-08,4.1124955801885577e-08,1.2325266571244775e-08,2.7755575615628914e-17,0.0
4,8,312,0,1,313,2,3,4.8352989764910426e-08,2.7755575615628914e-17,1.755882760023919e-08,3.079416219242681e-08,4.8352989792666e-08,2.7755575615628914e-17,0.0
4,8,312,2,3,316,1,2,5.6942646708968425e-09,5.551115123125783e-17,2.964098702595841e-08,2.927957507004031e-08,5.694264615385691e-09,5.551115123125783e-17,0.0
4,8,313,0,1,314,1,2,4.835298982042158e-08,2.7755575615628914e-17,3.0794162289571325e-08,1.7558827558605827e-08,4.835298984817715e-08,2.7755575615628914e-17,0.0
4,8,314,0,1,315,2,3,2.4076718722898516e-08,2.7755575615628914e-17,1.280964089661607e-08,1.126707779852687e-08,2.407671869514294e-08,2.7755575615628914e-17,0.0
4,8,314,2,3,318,1,2,5.694264504363389e-09,8.326672684688674e-17,2.9640986914936107e-08,2.9279575097795885e-08,5.69426455987454e-09,8.326672684688674e-17,0.0
4,8,316,0,1,317,1,2,8.920357640052057e-09,1.3877787807814457e-17,3.822685785970226e-09,5.097671867959619e-09,8.920357653929845e-09,1.3877787807814457e-17,0.0
4,8,316,2,3,332,1,2,4.081781315723454e-09,1.3877787807814457e-17,1.9752380314708162e-08,1.9466170397830496e-08,4.081781301845666e-09,1.3877787807814457e-17,0.0
4,8,317,0,1,318,2,3,8.92035752209086e-09,2.7755575615628914e-17,5.0976718263262555e-09,3.822685716581287e-09,8.920357542907542e-09,2.7755575615628914e-17,0.0
4,8,317,2,3,319,1,2,2.741943505579769e-09,8.326672684688674e-17,5.54591254864345e-09,7.7791311170472e-09,2.741943505579769e-09,8.326672684688674e-17,0.0
4,8,319,2,3,334,1,2,1.1114092979269685e-09,1.3877787807814457e-17,4.358500518830688e-09,4.820337275168729e-09,1.1114092840491807e-09,1.3877787807814457e-17,0.0
4,8,320,0,1,321,1,2,9.728301941791528e-09,1.3877787807814457e-17,6.72320019934336e-08,5.750370003776428e-08,9.728301955669316e-09,1.3877787807814457e-17,0.0
4,8,320,2,3,384,1,2,4.85722573273506e-17,2.0816681711721685e-17,3.37250457144167e-08,3.3725045686661126e-08,6.938893903907228e-17,2.0816681711721685e-17,0.0
4,8,321,0,1,322,2,3,7.454658083189125e-08,1.3877787807814457e-17,1.8848566235574182e-08,5.569801461019486e-08,7.454658084576904e-08,1.3877787807814457e-17,0.0
4,8,321,2,3,335,1,2,7.021449351714976e-08,6.938893903907228e-18,2.165676867352251e-08,5.220488760639824e-08,7.021449352408865e-08,6.938893903907228e-18,0.0
4,8,322,0,1,323,1,2,7.254451581117927e-08,4.163336342344337e-17,1.3795369799285417e-07,1.0773796316199125e-07,7.254451581117927e-08,4.163336342344337e-17,0.0
4,8,323,0,1,324,2,3,7.518186249944048e-08,2.7755575615628914e-17,1.980141028923299e-08,5.538045221020749e-08,7.518186249944048e-08,2.7755575615628914e-17,0.0
4,8,323,2,3,337,1,2,1.6952160515268377e-07,4.336808689942018e-18,8.247593401636277e-08,9.649454656059792e-08,1.6952160515268377e-07,4.336808689942018e-18,0.0
4,8,324,0,1,325,1,2,2.1302408172163556e-07,4.163336342344337e-17,1.9783294390174344e-07,1.5623043692070127e-07,2.1302408170775777e-07,4.163336342344337e-17,0.0
4,8,325,0,1,326,2,3,4.5340418503014845e-08,1.3877787807814457e-17,6.156799718659567e-08,1.622757869745861e-08,4.534041848913706e-08,1.3877787807814457e-17,0.0
4,8,325,2,3,339,1,2,2.0806035699871828e-07,1.3877787807814457e-17,2.2910432606604303e-07,2.5073333609348936e-07,2.0806035701259606e-07,1.3877787807814457e-17,0.0
4,8,326,0,1,327,1,2,2.352235448227491e-07,2.7755575615628914e-17,1.4027466214983075e-07,1.1986942102804043e-07,2.3522354483662689e-07,2.7755575615628914e-17,0.0
4,8,327,0,1,328,2,3,1.4851449032377007e-07,2.0816681711721685e-17,1.3079624655576438e-07,1.0352309694205974e-07,1.4851449032030062e-07,2.0816681711721685e-17,0.0
4,8,327,2,3,341,1,2,7.657856368470384e-08,2.7755575615628914e-17,2.961982936561247e-07,2.2694969480097082e-07,7.657856369858163e-08,2.7755575615628914e-17,0.0
4,8,328,0,1,329,1,2,5.4354344039553304e-08,1.3877787807814457e-17,3.03453290273481e-08,3.977630570750623e-08,5.4354344039553304e-08,1.3877787807814457e-17,0.0
4,8,329,0,1,330,2,3,8.269107779415585e-08,2.42861286636753e-17,1.0532853000552733e-07,9.242410794335632e-08,8.269107780109475e-08,2.42861286636753e-17,0.0
4,8,329,2,3,343,1,2,1.8596473233545296e-07,2.7755575615628914e-17,1.6956956742919527e-07,1.5556400624616717e-07,1.8596473233545296e-07,2.7755575615628914e-17,0.0
4,8,330,0,1,331,1,2,3.117818285491847e-08,4.163336342344337e-17,2.967901228945191e-08,7.394514306424682e-09,3.117818289655183e-08,4.163336342344337e-17,0.0
4,8,331,0,1,332,2,3,1.592156533610639e-08,3.729655473350135e-17,4.1432703782630365e-08,3.675344137376874e-08,1.5921565373402946e-08,3.729655473350135e-17,0.0
4,8,331,2,3,345,1,2,8.948605348391148e-08,1.3877787807814457e-17,3.583847330013157e-08,5.364758018377991e-08,8.948605348391148e-08,1.3877787807814457e-17,0.0
4,8,332,0,1,333,1,2,2.0988379104136534e-08,1.3877787807814457e-17,1.751419713424962e-08,3.4741819698869136e-09,2.0988379104136534e-08,1.3877787807814457e-17,0.0
4,8,333,0,1,334,2,3,1.584201058529855e-09,1.1492543028346347e-17,9.16251037042827e-09,7.578309345942363e-09,1.584201047037312e-09,1.1492543028346347e-17,0.0
4,8,333,2,3,347,1,2,2.0988379159647685e-08,1.3877787807814457e-17,3.4741819837647014e-09,1.7514197175882984e-08,2.0988379159647685e-08,1.3877787807814457e-17,0.0
4,8,335,0,1,336,1,2,6.685025119579358e-08,2.7755575615628914e-17,1.3967083752064458e-07,1.3737895027815528e-07,6.685025119579358e-08,2.7755575615628914e-17,0.0
4,8,335,2,3,386,1,2,2.7755575615628914e-17,1.3877787807814457e-17,7.218140419401609e-08,7.21814041731994e-08,2.7755575615628914e-17,1.3877787807814457e-17,0.0
4,8,336,0,1,337,2,3,2.1787459490024697e-07,1.3877787807814457e-17,1.0003476155068247e-07,1.178398333495645e-07,2.1787459490024697e-07,1.3877787807814457e-17,0.0
4,8,336,2,3,348,1,2,7.158213807248112e-08,5.204170427930421e-18,2.0566503462510904e-08,5.101563461517439e-08,7.158213807768529e-08,5.204170427930421e-18,0.0
4,8,337,0,1,338,1,2,9.466746916930724e-08,2.7755575615628914e-17,2.952038878761831e-07,2.005364186929981e-07,9.466746918318503e-08,2.7755575615628914e-17,0.0
4,8,338,0,1,339,2,3,2.1567684049816904e-07,2.0816681711721685e-17,1.6012287695071903e-07,1.4718906957145172e-07,2.1567684051898572e-07,2.0816681711721685e-17,0.0
4,8,338,2,3,350,1,2,1.5853332060306036e-07,1.3877787807814457e-17,1.503006067798962e-07,1.8647530744975854e-07,1.5853332060999925e-07,1.3877787807814457e-17,0.0
4,8,339,0,1,340,1,2,2.971833552717351e-07,2.7755575615628914e-17,4.155650412812628e-07,3.145229584972098e-07,2.971833552856129e-07,2.7755575615628914e-17,0.0
4,8,340,0,1,341,2,3,9.848930263012257e-08,1.3877787807814457e-17,2.845156268777016e-07,1.871439387207685e-07,9.848930261624478e-08,1.3877787807814457e-17,0.0
4,8,340,2,3,352,1,2,1.0859652167793943e-07,4.163336342344337e-17,3.935672207300289e-07,4.1396156976597487e-07,1.0859652163630606e-07,4.163336342344337e-17,0.0
4,8,341,0,1,342,1,2,1.410728756590096e-07,5.551115123125783e-17,2.1321170415311563e-07,2.1391712642926386e-07,1.410728756728874e-07,5.551115123125783e-17,0.0
4,8,342,0,1,343,2,3,1.1241134089626931e-07,2.0816681711721685e-17,2.787481231565636e-07,2.580283509408948e-07,1.1241134089605247e-07,2.0816681711721685e-17,0.0
4,8,342,2,3,354,1,2,1.3873991841495403e-07,8.326672684688674e-17,3.3966961843212573e-07,3.5106389364991664e-07,1.3873991838719846e-07,8.326672684688674e-17,0.0
4,8,343,0,1,344,1,2,1.1215763431882131e-07,2.7755575615628914e-17,1.124182436584853e-07,7.559169337700844e-08,1.1215763431882131e-07,2.7755575615628914e-17,0.0
4,8,344,0,1,345,2,3,1.2571772413892679e-08,2.862293735361732e-17,1.1309223939184182e-07,1.1842657681587765e-07,1.2571772403484338e-08,2.862293735361732e-17,0.0
4,8,344,2,3,356,1,2,1.1215763442984361e-07,4.163336342344337e-17,7.559169336313065e-08,1.1241824374175202e-07,1.1215763438821025e-07,4.163336342344337e-17,0.0
4,8,345,0,1,346,1,2,8.94860534561559e-08,2.7755575615628914e-17,5.3647580197657696e-08,3.5838473258498205e-08,8.94860534561559e-08,2.7755575615628914e-17,0.0
4,8,346,0,1,347,2,3,1.5921565308350816e-08,2.4936649967166602e-17,4.143270382426373e-08,3.675344136639617e-08,1.5921565332636944e-08,2.4936649967166602e-17,0.0
4,8,346,2,3,358,1,2,3.117818289655183e-08,2.7755575615628914e-17,7.394514306424682e-09,2.9679012275574124e-08,3.117818292430741e-08,2.7755575615628914e-17,0.0
4,8,348,0,1,349,1,2,2.3079716641311032e-07,1.3877787807814457e-17,2.361193841768361e-07,2.3250636410621084e-07,2.3079716641311032e-07,1.3877787807814457e-17,0.0
4,8,348,2,3,388,1,2,2.7755575615628914e-17,2.0816681711721685e-17,1.3258239806718253e-07,1.3258239808106032e-07,3.469446951953614e-17,2.0816681711721685e-17,0.0
4,8,349,0,1,350,2,3,3.60121802545077e-07,1.3877787807814457e-17,3.3146567044589625e-07,2.7727574086755524e-07,3.60121802545077e-07,1.3877787807814457e-17,0.0
4,8,349,2,3,359,1,2,8.182551055127552e-08,3.469446951953614e-18,6.472504985623184e-08,4.8443915752136024e-08,8.182551055301024e-08,3.469446951953614e-18,0.0
4,8,350,0,1,351,1,2,2.608792743913346e-07,3.469446951953614e-17,4.4353923138451545e-07,3.7599971504376217e-07,2.608792744190902e-07,3.469446951953614e-17,0.0
4,8,351,0,1,352,2,3,2.753344559868788e-07,1.0408340855860843e-17,4.951947047710653e-07,3.842003778870007e-07,2.7533445599685347e-07,1.0408340855860843e-17,0.0
4,8,351,2,3,361,1,2,1.4879683764984497e-07,2.0816681711721685e-17,3.022596951618439e-07,2.996743568711713e-07,1.4879683763596718e-07,2.0816681711721685e-17,0.0
4,8,352,0,1,353,1,2,1.1145257906852724e-07,5.551115123125783e-17,5.080303647347906e-07,4.1146442437967057e-07,1.1145257905464945e-07,5.551115123125783e-17,0.0
4,8,353,0,1,354,2,3,5.5066777646453624e-08,8.673617379884035e-18,4.446744913330636e-07,3.900754621949387e-07,5.5066777637780007e-08,8.673617379884035e-18,0.0
4,8,353,2,3,363,1,2,1.1145257905464945e-07,4.163336342344337e-17,4.114644244629373e-07,5.08030364707035e-07,1.1145257905464945e-07,4.163336342344337e-17,0.0
4,8,354,0,1,355,1,2,1.387399183455651e-07,8.326672684688674e-17,3.510638935666499e-07,3.396696184460035e-07,1.3873991831780952e-07,8.326672684688674e-17,0.0
4,8,355,0,1,356,2,3,1.1241134090255768e-07,2.2985086056692694e-17,2.7874812312880803e-07,2.580283509395938e-07,1.124113408795726e-07,2.2985086056692694e-17,0.0
4,8,355,2,3,365,1,2,1.410728755618651e-07,4.163336342344337e-17,2.1391712654028616e-07,2.1321170412536006e-07,1.410728755479873e-07,4.163336342344337e-17,0.0
4,8,356,0,1,357,1,2,1.8596473225218624e-07,5.551115123125783e-17,1.5556400617677824e-07,1.695695673875619e-07,1.8596473223830845e-07,5.551115123125783e-17,0.0
4,8,357,0,1,358,2,3,8.269107788783092e-08,2.7755575615628914e-17,1.0532852995348563e-07,9.242410794682576e-08,8.269107787395313e-08,2.7755575615628914e-17,0.0
4,8,357,2,3,367,1,2,5.435434394240879e-08,5.551115123125783e-17,3.977630561036172e-08,3.0345329055103676e-08,5.435434394240879e-08,5.551115123125783e-17,0.0
4,8,359,0,1,360,1,2,3.028672666618992e-07,1.6479873021779667e-17,2.1104510734143433e-07,2.074454572885756e-07,3.0286726665496033e-07,1.6479873021779667e-17,0.0
4,8,359,2,3,390,1,2,1.3877787807814457e-17,2.7755575615628914e-17,2.2335519370836332e-07,2.233551937222411e-07,1.9081958235744878e-17,2.7755575615628914e-17,0.0
4,8,360,0,1,361,2,3,1.6751379499149732e-07,2.2551405187698492e-17,4.584102144856994e-07,2.9089641949767153e-07,1.6751379500884456e-07,2.2551405187698492e-17,0.0
4,8,360,2,3,368,1,2,3.028672666827159e-07,1.6479873021779667e-17,2.0744545727686622e-07,2.1104510735531212e-07,3.028672666827159e-07,1.6479873021779667e-17,0.0
4,8,361,0,1,362,1,2,1.487968376220894e-07,2.7755575615628914e-17,2.996743568503546e-07,3.022596951583745e-07,1.4879683764290608e-07,2.7755575615628914e-17,0.0
4,8,362,0,1,363,2,3,2.753344560410889e-07,2.7755575615628914e-17,4.951947048209386e-07,3.8420037790781736e-07,2.753344560254764e-07,2.7755575615628914e-17,0.0
4,8,362,2,3,370,1,2,2.6087927436357905e-07,4.163336342344337e-17,3.7599971507151775e-07,4.4353923138451545e-07,2.608792743219457e-07,4.163336342344337e-17,0.0
4,8,363,0,1,364,1,2,1.0859652169181722e-07,3.469446951953614e-17,4.139615698284249e-07,3.9356722067451777e-07,1.0859652169181722e-07,3.469446951953614e-17,0.0
4,8,364,0,1,365,2,3,9.84893025954281e-08,1.0408340855860843e-17,2.845156268985183e-07,1.871439387277074e-07,9.84893025954281e-08,1.0408340855860843e-17,0.0
4,8,364,2,3,372,1,2,2.971833552023462e-07,4.163336342344337e-17,3.145229585804765e-07,4.1556504125350724e-07,2.971833551607128e-07,4.163336342344337e-17,0.0
4,8,365,0,1,366,1,2,7.657856367082605e-08,8.326672684688674e-17,2.2694969489811534e-07,2.961982936700025e-07,7.657856368470384e-08,8.326672684688674e-17,0.0
4,8,366,0,1,367,2,3,1.48514490393159e-07,1.734723475976807e-17,1.3079624660433664e-07,1.0352309694899864e-07,1.485144903862201e-07,1.734723475976807e-17,0.0
4,8,366,2,3,374,1,2,2.3522354478111573e-07,4.163336342344337e-17,1.198694211945739e-07,1.4027466219146412e-07,2.3522354478111573e-07,4.163336342344337e-17,0.0
4,8,368,0,1,369,1,2,8.182551056341858e-08,6.938893903907228e-18,4.844391576427909e-08,6.47250498458235e-08,8.182551056341858e-08,6.938893903907228e-18,0.0
4,8,368,2,3,392,1,2,1.3877787807814457e-17,2.7755575615628914e-17,2.2335519372918e-07,2.2335519371530221e-07,2.0816681711721685e-17,2.7755575615628914e-17,0.0
4,8,369,0,1,370,2,3,3.601218025485464e-07,6.938893903907228e-18,3.3146567045977404e-07,2.772757409091886e-07,3.601218025485464e-07,6.938893903907228e-18,0.0
4,8,369,2,3,375,1,2,2.307971664269881e-07,1.0408340855860843e-17,2.3250636409927194e-07,2.3611938419765277e-07,2.3079716642004922e-07,1.0408340855860843e-17,0.0
4,8,370,0,1,371,1,2,1.5853332061693814e-07,2.0816681711721685e-17,1.864753074350134e-07,1.5030060675907952e-07,1.5853332060306036e-07,2.0816681711721685e-17,0.0
4,8,371,0,1,372,2,3,2.1567684041490232e-07,2.7755575615628914e-17,1.601228768813301e-07,1.4718906966859624e-07,2.156768404287801e-07,2.7755575615628914e-17,0.0
4,8,371,2,3,377,1,2,9.466746915542945e-08,2.7755575615628914e-17,2.005364186791203e-07,2.9520388786230534e-07,9.466746918318503e-08,2.7755575615628914e-17,0.0
4,8,372,0,1,373,1,2,2.0806035705422943e-07,2.0816681711721685e-17,2.507333360449171e-07,2.2910432603828745e-07,2.0806035704035164e-07,2.0816681711721685e-17,0.0
4,8,373,0,1,374,2,3,4.534041836423697e-08,1.3877787807814457e-17,6.156799713108452e-08,1.6227578752969762e-08,4.5340418378114755e-08,1.3877787807814457e-17,0.0
4,8,373,2,3,379,1,2,2.1302408162449105e-07,4.163336342344337e-17,1.5623043692070127e-07,1.9783294390174344e-07,2.1302408163836883e-07,4.163336342344337e-17,0.0
4,8,375,0,1,376,1,2,7.15821380638075e-08,8.673617379884035e-18,5.101563459609243e-08,2.0566503467715075e-08,7.15821380638075e-08,8.673617379884035e-18,0.0
4,8,375,2,3,394,1,2,4.163336342344337e-17,2.0816681711721685e-17,1.32582398101877e-07,1.3258239806024363e-07,4.163336342344337e-17,2.0816681711721685e-17,0.0
4,8,376,0,1,377,2,3,2.178745948724914e-07,1.3877787807814457e-17,1.0003476158537694e-07,1.1783983329405334e-07,2.1787459487943028e-07,1.3877787807814457e-17,0.0
4,8,376,2,3,380,1,2,6.685025120967136e-08,1.3877787807814457e-17,1.3737895030591085e-07,1.3967083756227794e-07,6.685025122354915e-08,1.3877787807814457e-17,0.0
4,8,377,0,1,378,1,2,1.6952160518043935e-07,1.0408340855860843e-17,9.649454656493472e-08,8.247593400942388e-08,1.69521605170031e-07,1.0408340855860843e-17,0.0
4,8,378,0,1,379,2,3,7.518186244392933e-08,2.0816681711721685e-17,1.9801410275355202e-08,5.538045214775744e-08,7.518186242311264e-08,2.0816681711721685e-17,0.0
4,8,378,2,3,382,1,2,7.254451575566812e-08,4.163336342344337e-17,1.077379632175024e-07,1.379536979650986e-07,7.254451579730148e-08,4.163336342344337e-17,0.0
4,8,380,0,1,381,1,2,7.021449352495601e-08,1.1275702593849246e-17,5.2204887597724625e-08,2.1656768668318338e-08,7.021449351368031e-08,1.1275702593849246e-17,0.0
4,8,380,2,3,396,1,2,4.163336342344337e-17,1.3877787807814457e-17,7.218140411768825e-08,7.218140416626051e-08,4.85722573273506e-17,1.3877787807814457e-17,0.0
4,8,381,0,1,382,2,3,7.454658074862452e-08,1.3877787807814457e-17,1.884856619394082e-08,5.56980145616226e-08,7.454658075556342e-08,1.3877787807814457e-17,0.0
4,8,381,2,3,383,1,2,9.728301914035953e-09,2.7755575615628914e-17,5.7503700058580964e-08,6.723200195873913e-08,9.728301900158165e-09,2.7755575615628914e-17,0.0
4,8,383,2,3,398,1,2,6.938893903907228e-17,2.0816681711721685e-17,3.372504567972223e-08,3.3725045700538914e-08,6.938893903907228e-17,2.0816681711721685e-17,0.0
4,8,384,0,1,385,1,2,9.728302004241574e-09,1.3877787807814457e-17,6.723200202812807e-08,5.750370003776428e-08,9.728301990363786e-09,1.3877787807814457e-17,0.0
4,8,384,2,3,448,1,2,1.1114093260078048e-09,4.336808689942018e-19,2.9366545147013756e-08,2.8904708416696567e-08,1.111409325574124e-09,4.336808689942018e-19,0.0
4,8,385,0,1,386,2,3,7.021449351021086e-08,7.806255641895632e-18,2.1656768666583615e-08,5.2204887602061434e-08,7.021449350240461e-08,7.806255641895632e-18,0.0
4,8,385,2,3,399,1,2,7.454658069311337e-08,1.3877787807814457e-17,1.8848566110674092e-08,5.569801457550039e-08,7.454658068617448e-08,1.3877787807814457e-17,0.0
4,8,386,0,1,387,1,2,6.685025126518251e-08,2.7755575615628914e-17,1.3967083752064458e-07,1.3737895030591085e-07,6.685025126518251e-08,2.7755575615628914e-17,0.0
4,8,387,0,1,388,2,3,7.15821380729148e-08,4.0115480381963664e-18,2.0566503457306734e-08,5.101563461560807e-08,7.15821380729148e-08,4.0115480381963664e-18,0.0
4,8,387,2,3,401,1,2,2.178745948655525e-07,1.3877787807814457e-17,1.0003476152986579e-07,1.178398333356867e-07,2.178745948655525e-07,1.3877787807814457e-17,0.0
4,8,388,0,1,389,1,2,2.3079716646862147e-07,6.938893903907228e-18,2.3611938420459166e-07,2.325063640958025e-07,2.3079716646862147e-07,6.938893903907228e-18,0.0
4,8,389,0,1,390,2,3,8.18255105651533e-08,5.204170427930421e-18,6.472504981980265e-08,4.8443915752136024e-08,8.182551056862275e-08,5.204170427930421e-18,0.0
4,8,389,2,3,403,1,2,3.601218025242603e-07,6.938893903907228e-18,3.31465670428549e-07,2.7727574087449414e-07,3.6012180252772974e-07,6.938893903907228e-18,0.0
4,8,390,0,1,391,1,2,3.028672666827159e-07,1.6696713456276768e-17,2.1104510734143433e-07,2.074454572820704e-07,3.02867266675777e-07,1.6696713456276768e-17,0.0
4,8,391,0,1,392,2,3,3.028672666827159e-07,1.6696713456276768e-17,2.074454572944303e-07,2.1104510734143433e-07,3.028672666827159e-07,1.6696713456276768e-17,0.0
4,8,391,2,3,405,1,2,1.6751379499496677e-07,2.7755575615628914e-17,4.584102144926383e-07,2.9089641949073264e-07,1.6751379501578345e-07,2.7755575615628914e-17,0.0
4,8,392,0,1,393,1,2,8.182551055127552e-08,3.469446951953614e-18,4.8443915746931854e-08,6.472504985970129e-08,8.182551054954079e-08,3.469446951953614e-18,0.0
4,8,393,0,1,394,2,3,2.3079716640617143e-07,3.469446951953614e-18,2.3250636411661918e-07,2.3611938419071388e-07,2.3079716640617143e-07,3.469446951953614e-18,0.0
4,8,393,2,3,407,1,2,3.60121802545077e-07,1.3877787807814457e-17,3.314656704493657e-07,2.772757408953108e-07,3.60121802545077e-07,1.3877787807814457e-17,0.0
4,8,394,0,1,395,1,2,7.158213814490583e-08,2.6834003769016235e-18,5.1015634679359156e-08,2.0566503468148756e-08,7.158213814750791e-08,2.6834003769016235e-18,0.0
4,8,395,0,1,396,2,3,6.685025130681588e-08,2.7755575615628914e-17,1.3737895030591085e-07,1.3967083756227794e-07,6.68502512790603e-08,2.7755575615628914e-17,0.0
4,8,395,2,3,409,1,2,2.1787459487943028e-07,1.3877787807814457e-17,1.0003476155762137e-07,1.1783983332180892e-07,2.1787459487943028e-07,1.3877787807814457e-17,0.0
4,8,396,0,1,397,1,2,7.021449352322129e-08,8.673617379884035e-18,5.22048876254802e-08,2.1656768663114168e-08,7.02144935318949e-08,8.673617379884035e-18,0.0
4,8,397,0,1,398,2,3,9.728301948730422e-09,1.3877787807814457e-17,5.750370005164207e-08,6.723200201425028e-08,9.72830196260821e-09,1.3877787807814457e-17,0.0
4,8,397,2,3,411,1,2,7.454658079025789e-08,1.3877787807814457e-17,1.88485662147575e-08,5.569801458243928e-08,7.454658079719678e-08,1.3877787807814457e-17,0.0
4,8,399,0,1,400,1,2,7.254451582505705e-08,2.7755575615628914e-17,1.3795369797897639e-07,1.0773796324525797e-07,7.254451581117927e-08,2.7755575615628914e-17,0.0
4,8,399,2,3,450,1,2,4.081781333070689e-09,5.204170427930421e-18,5.2429023775224515e-08,5.2715233778838355e-08,4.081781333070689e-09,5.204170427930421e-18,0.0
4,8,400,0,1,401,2,3,1.695216050659476e-07,1.0408340855860843e-17,8.24759339226877e-08,9.649454656927153e-08,1.695216050590087e-07,1.0408340855860843e-17,0.0
4,8,400,2,3,412,1,2,7.518186250637937e-08,2.0816681711721685e-17,1.980141026841631e-08,5.538045221714638e-08,7.518186248556269e-08,2.0816681711721685e-17,0.0
4,8,401,0,1,402,1,2,9.466746919706281e-08,4.163336342344337e-17,2.952038879039387e-07,2.0053641870687589e-07,9.466746919706281e-08,4.163336342344337e-17,0.0
4,8,402,0,1,403,2,3,1.5853332057530478e-07,2.0816681711721685e-17,1.5030060673132395e-07,1.8647530744975854e-07,1.585333205544881e-07,2.0816681711721685e-17,0.0
4,8,402,2,3,414,1,2,2.1567684039408563e-07,1.3877787807814457e-17,1.6012287684663562e-07,1.471890696130851e-07,2.1567684038020785e-07,1.3877787807814457e-17,0.0
4,8,403,0,1,404,1,2,2.6087927437745684e-07,2.7755575615628914e-17,4.4353923138451545e-07,3.7599971507845664e-07,2.6087927434970126e-07,2.7755575615628914e-17,0.0
4,8,404,0,1,405,2,3,1.4879683770535612e-07,4.163336342344337e-17,3.0225969517919116e-07,2.9967435689892685e-07,1.4879683774698949e-07,4.163336342344337e-17,0.0
4,8,404,2,3,416,1,2,2.7533445600856285e-07,1.3877787807814457e-17,4.951947047996882e-07,3.842003778870007e-07,2.7533445599468506e-07,1.3877787807814457e-17,0.0
4,8,405,0,1,406,1,2,1.4879683764984497e-07,2.7755575615628914e-17,2.996743568434157e-07,3.0225969517225226e-07,1.487968376220894e-07,2.7755575615628914e-17,0.0
4,8,406,0,1,407,2,3,2.6087927446072356e-07,4.163336342344337e-17,3.7599971508539554e-07,4.4353923148165997e-07,2.6087927450235693e-07,4.163336342344337e-17,0.0
4,8,406,2,3,418,1,2,2.753344560237417e-07,2.3852447794681098e-17,4.951947048179028e-07,3.8420037789393957e-07,2.7533445604759413e-07,2.3852447794681098e-17,0.0
4,8,407,0,1,408,1,2,1.5853332059612146e-07,1.3877787807814457e-17,1.864753074280745e-07,1.5030060675214063e-07,1.5853332060306036e-07,1.3877787807814457e-17,0.0
4,8,408,0,1,409,2,3,9.466746919706281e-08,2.7755575615628914e-17,2.005364186929981e-07,2.9520388786230534e-07,9.466746916930724e-08,2.7755575615628914e-17,0.0
4,8,408,2,3,420,1,2,2.156768404287801e-07,1.3877787807814457e-17,1.601228768674523e-07,1.4718906964084066e-07,2.1567684041490232e-07,1.3877787807814457e-17,0.0
4,8,409,0,1,410,1,2,1.6952160518043935e-07,1.0408340855860843e-17,9.649454658661877e-08,8.247593402330167e-08,1.69521605170031e-07,1.0408340855860843e-17,0.0
4,8,410,0,1,411,2,3,7.254451582505705e-08,2.7755575615628914e-17,1.077379632175024e-07,1.3795369797897639e-07,7.254451579730148e-08,2.7755575615628914e-17,0.0
4,8,410,2,3,422,1,2,7.518186249944048e-08,2.0816681711721685e-17,1.980141032392746e-08,5.53804521963297e-08,7.518186252025716e-08,2.0816681711721685e-17,0.0
4,8,412,0,1,413,1,2,2.1302408169387999e-07,2.7755575615628914e-17,1.9783294392949902e-07,1.5623043692070127e-07,2.1302408169387999e-07,2.7755575615628914e-17,0.0
4,8,412,2,3,452,1,2,1.2325266605939245e-08,6.938893903907228e-18,1.0378270888511398e-07,9.145744227223584e-08,1.2325266612878139e-08,6.938893903907228e-18,0.0
4,8,413,0,1,414,2,3,2.0806035690157376e-07,1.3877787807814457e-17,2.2910432601053188e-07,2.5073333607961157e-07,2.0806035690157376e-07,1.3877787807814457e-17,0.0
4,8,413,2,3,423,1,2,4.534041847525927e-08,2.7755575615628914e-17,6.156799717271788e-08,1.6227578669703036e-08,4.5340418503014845e-08,2.7755575615628914e-17,0.0
4,8,414,0,1,415,1,2,2.971833552717351e-07,4.163336342344337e-17,4.155650412951406e-07,3.14522958483332e-07,2.9718335524397954e-07,4.163336342344337e-17,0.0
4,8,415,0,1,416,2,3,1.0859652146977261e-07,4.163336342344337e-17,3.935672206190066e-07,4.1396156980066934e-07,1.0859652151140597e-07,4.163336342344337e-17,0.0
4,8,415,2,3,425,1,2,9.848930253991695e-08,3.469446951953614e-17,2.8451562683606824e-07,1.8714393872423796e-07,9.848930256073363e-08,3.469446951953614e-17,0.0
4,8,416,0,1,417,1,2,1.1145257905464945e-07,5.551115123125783e-17,5.080303647486684e-07,4.1146442442130393e-07,1.1145257905464945e-07,5.551115123125783e-17,0.0
4,8,417,0,1,418,2,3,1.1145257901301608e-07,5.551115123125783e-17,4.11464424351915e-07,5.08030364707035e-07,1.1145257901301608e-07,5.551115123125783e-17,0.0
4,8,417,2,3,427,1,2,5.5066777646453624e-08,2.0816681711721685e-17,4.4467449131571635e-07,3.9007546219840816e-07,5.5066777646453624e-08,2.0816681711721685e-17,0.0
4,8,418,0,1,419,1,2,1.0859652163630606e-07,2.0816681711721685e-17,4.1396156980066934e-07,3.9356722066064e-07,1.0859652163630606e-07,2.0816681711721685e-17,0.0
4,8,419,0,1,420,2,3,2.971833552856129e-07,4.163336342344337e-17,3.1452295842782085e-07,4.1556504135065175e-07,2.971833552994907e-07,4.163336342344337e-17,0.0
4,8,419,2,3,429,1,2,9.84893025954281e-08,2.0816681711721685e-17,2.845156268568849e-07,1.8714393873811574e-07,9.84893025954281e-08,2.0816681711721685e-17,0.0
4,8,420,0,1,421,1,2,2.08060357081985e-07,2.0816681711721685e-17,2.5073333611430604e-07,2.2910432606604303e-07,2.0806035706810722e-07,2.0816681711721685e-17,0.0
4,8,421,0,1,422,2,3,2.1302408162449105e-07,2.7755575615628914e-17,1.5623043686519011e-07,1.9783294386011008e-07,2.1302408162449105e-07,2.7755575615628914e-17,0.0
4,8,421,2,3,431,1,2,4.5340418503014845e-08,1.3877787807814457e-17,6.156799720047346e-08,1.622757869745861e-08,4.5340418503014845e-08,1.3877787807814457e-17,0.0
4,8,423,0,1,424,1,2,2.3522354485050467e-07,5.551115123125783e-17,1.402746622053419e-07,1.1986942102804043e-07,2.3522354486438246e-07,5.551115123125783e-17,0.0
4,8,423,2,3,454,1,2,2.356452840496237e-08,1.3877787807814457e-17,1.4522399880562142e-07,1.2165947040065905e-07,2.356452840496237e-08,1.3877787807814457e-17,0.0
4,8,424,0,1,425,2,3,7.65785637263372e-08,8.326672684688674e-17,2.9619829371163586e-07,2.2694969487035976e-07,7.657856371245941e-08,8.326672684688674e-17,0.0
4,8,424,2,3,432,1,2,1.4851449033764785e-07,1.3877787807814457e-17,1.3079624659045885e-07,1.035230969385903e-07,1.4851449033070896e-07,1.3877787807814457e-17,0.0
4,8,425,0,1,426,1,2,1.410728756590096e-07,5.551115123125783e-17,2.1321170409760448e-07,2.1391712642926386e-07,1.4107287564513182e-07,5.551115123125783e-17,0.0
4,8,426,0,1,427,2,3,1.3873991835944288e-07,8.326672684688674e-17,3.396696184598813e-07,3.510638937886945e-07,1.3873991840107625e-07,8.326672684688674e-17,0.0
4,8,426,2,3,434,1,2,1.1241134099644959e-07,7.806255641895632e-18,2.787481230837052e-07,2.5802835094696636e-07,1.1241134098886017e-07,7.806255641895632e-18,0.0
4,8,427,0,1,428,1,2,1.3873991831780952e-07,2.7755575615628914e-17,3.510638935944055e-07,3.396696184737591e-07,1.387399183455651e-07,2.7755575615628914e-17,0.0
4,8,428,0,1,429,2,3,1.410728756590096e-07,2.7755575615628914e-17,2.1391712640150828e-07,2.1321170420862678e-07,1.410728756728874e-07,2.7755575615628914e-17,0.0
4,8,428,2,3,436,1,2,1.1241134095785199e-07,2.0816681711721685e-17,2.7874812312880803e-07,2.580283509467495e-07,1.1241134095763515e-07,2.0816681711721685e-17,0.0
4,8,429,0,1,430,1,2,7.657856365694826e-08,8.326672684688674e-17,2.2694969488423755e-07,2.961982936561247e-07,7.657856364307047e-08,8.326672684688674e-17,0.0
4,8,430,0,1,431,2,3,2.3522354483662689e-07,1.3877787807814457e-17,1.1986942100028486e-07,1.4027466224697527e-07,2.352235448227491e-07,1.3877787807814457e-17,0.0
4,8,430,2,3,438,1,2,1.4851449031336172e-07,2.0816681711721685e-17,1.307962466529089e-07,1.0352309695593753e-07,1.485144903272395e-07,2.0816681711721685e-17,0.0
4,8,432,0,1,433,1,2,5.435434406730888e-08,2.7755575615628914e-17,3.034532908285925e-08,3.9776305679750656e-08,5.435434406730888e-08,2.7755575615628914e-17,0.0
4,8,432,2,3,456,1,2,2.3564528398023477e-08,2.7755575615628914e-17,1.0169572335627652e-07,7.813119495825305e-08,2.3564528398023477e-08,2.7755575615628914e-17,0.0
4,8,433,0,1,434,2,3,1.8596473227994181e-07,1.3877787807814457e-17,1.6956956741531748e-07,1.5556400624616717e-07,1.8596473227994181e-07,1.3877787807814457e-17,0.0
4,8,433,2,3,439,1,2,8.269107778721696e-08,2.42861286636753e-17,1.0532852996736342e-07,9.242410793815214e-08,8.269107778027807e-08,2.42861286636753e-17,0.0
4,8,434,0,1,435,1,2,1.1215763426331016e-07,4.163336342344337e-17,1.124182436584853e-07,7.559169336313065e-08,1.1215763430494352e-07,4.163336342344337e-17,0.0
4,8,435,0,1,436,2,3,1.1215763438821025e-07,4.163336342344337e-17,7.559169340476402e-08,1.1241824371399645e-07,1.1215763442984361e-07,4.163336342344337e-17,0.0
4,8,435,2,3,441,1,2,1.2571772393943359e-08,2.3418766925686896e-17,1.1309223934066748e-07,1.1842657678378526e-07,1.2571772408688509e-08,2.3418766925686896e-17,0.0
4,8,436,0,1,437,1,2,1.8596473223830845e-07,1.3877787807814457e-17,1.5556400624616717e-07,1.6956956737368412e-07,1.8596473222443066e-07,1.3877787807814457e-17,0.0
4,8,437,0,1,438,2,3,5.435434401179773e-08,2.7755575615628914e-17,3.9776305624239505e-08,3.03453290273481e-08,5.435434401179773e-08,2.7755575615628914e-17,0.0
4,8,437,2,3,443,1,2,8.269107781670726e-08,1.3877787807814457e-17,1.0532853002287457e-07,9.242410795549938e-08,8.269107783058505e-08,1.3877787807814457e-17,0.0
4,8,439,0,1,440,1,2,3.117818282716289e-08,4.163336342344337e-17,2.967901223394076e-08,7.394514306424682e-09,3.117818279940732e-08,4.163336342344337e-17,0.0
4,8,439,2,3,458,1,2,1.2325266626755926e-08,2.7755575615628914e-17,4.112495582964115e-08,3.21134725200789e-08,1.2325266654511502e-08,2.7755575615628914e-17,0.0
4,8,440,0,1,441,2,3,8.94860534561559e-08,2.7755575615628914e-17,3.5838473314009356e-08,5.364758012826876e-08,8.948605344227811e-08,2.7755575615628914e-17,0.0
4,8,440,2,3,444,1,2,1.5921565349116817e-08,1.3010426069826053e-17,4.1432703798242876e-08,3.6753441359294644e-08,1.5921565362127243e-08,1.3010426069826053e-17,0.0
4,8,441,0,1,442,1,2,8.948605347003369e-08,2.7755575615628914e-17,5.364758018377991e-08,3.583847328625378e-08,8.948605347003369e-08,2.7755575615628914e-17,0.0
4,8,442,0,1,443,2,3,3.117818284104068e-08,4.163336342344337e-17,7.394514361935833e-09,2.96790123033297e-08,3.1178182868796256e-08,4.163336342344337e-17,0.0
4,8,442,2,3,446,1,2,1.5921565349116817e-08,1.3010426069826053e-17,4.143270382686581e-08,3.675344138152079e-08,1.592156533610639e-08,1.3010426069826053e-17,0.0
4,8,444,0,1,445,1,2,2.0988379104136534e-08,1.3877787807814457e-17,1.7514197106494045e-08,3.4741819837647014e-09,2.0988379090258746e-08,1.3877787807814457e-17,0.0
4,8,444,2,3,460,1,2,4.081781385112393e-09,1.3877787807814457e-17,1.9466170342319344e-08,1.9752380356341526e-08,4.081781398990181e-09,1.3877787807814457e-17,0.0
4,8,445,0,1,446,2,3,2.0988379173525473e-08,1.3877787807814457e-17,3.4741819976424893e-09,1.7514197175882984e-08,2.0988379173525473e-08,1.3877787807814457e-17,0.0
4,8,445,2,3,447,1,2,1.5842010184143746e-09,2.168404344971009e-19,9.16251034505794e-09,7.57830934941181e-09,1.584201018631215e-09,2.168404344971009e-19,0.0
4,8,447,2,3,462,1,2,1.1114093534381198e-09,1.3877787807814457e-17,4.820337275168729e-09,4.358500532708476e-09,1.1114093673159076e-09,1.3877787807814457e-17,0.0
4,8,448,0,1,449,1,2,1.1312502934401891e-08,2.7755575615628914e-17,5.965369265920062e-08,4.834118974561541e-08,1.131250291358521e-08,2.7755575615628914e-17,0.0
4,8,449,0,1,450,2,3,4.922611435143054e-08,1.3877787807814457e-17,2.027878737154154e-08,3.4690690403627045e-08,4.922611433755275e-08,1.3877787807814457e-17,0.0
4,8,449,2,3,463,1,2,5.355820160979352e-08,3.469446951953614e-18,1.5374384203237224e-08,3.81838174065563e-08,5.355820160979352e-08,3.469446951953614e-18,0.0
4,8,450,0,1,451,1,2,5.5347926436466466e-08,2.7755575615628914e-17,1.0291739614698425e-07,9.594624644782002e-08,5.5347926450344254e-08,2.7755575615628914e-17,0.0
4,8,451,0,1,452,2,3,4.0403955223200505e-08,2.7755575615628914e-17,1.9067332907019008e-08,2.1336622316181497e-08,4.0403955223200505e-08,2.7755575615628914e-17,0.0
4,8,451,2,3,465,1,2,1.2838854142327438e-07,3.469446951953614e-18,6.419628826442869e-08,6.419225315884569e-08,1.2838854142327438e-07,3.469446951953614e-18,0.0
4,8,452,0,1,453,1,2,1.481060886432406e-07,1.3877787807814457e-17,1.4369527627511314e-07,1.2717783412496964e-07,1.481060886432406e-07,1.3877787807814457e-17,0.0
4,8,453,0,1,454,2,3,2.7471166619275067e-08,2.7755575615628914e-17,2.806505265684489e-08,3.386587746345704e-08,2.7471166619275067e-08,2.7755575615628914e-17,0.0
4,8,453,2,3,467,1,2,1.741570703206463e-07,2.0816681711721685e-17,1.6189610313466218e-07,1.21711734690777e-07,1.741570703206463e-07,2.0816681711721685e-17,0.0
4,8,454,0,1,455,1,2,1.5435277635200695e-07,1.3877787807814457e-17,1.0752201039937459e-07,7.664921066602437e-08,1.5435277633812916e-07,1.3877787807814457e-17,0.0
4,8,455,0,1,456,2,3,6.764372184608902e-08,5.551115123125783e-17,8.757603636722067e-08,7.077044514303132e-08,6.764372184608902e-08,5.551115123125783e-17,0.0
4,8,455,2,3,469,1,2,1.3974056647936273e-07,4.163336342344337e-17,2.0368729110320505e-07,7.127668948114785e-08,1.3974056647936273e-07,4.163336342344337e-17,0.0
4,8,456,0,1,457,1,2,4.773492025267334e-08,1.3877787807814457e-17,3.3304397184519274e-08,1.4430523068154066e-08,4.773492025267334e-08,1.3877787807814457e-17,0.0
4,8,457,0,1,458,2,3,3.034323386996718e-08,5.551115123125783e-17,7.627592729653188e-08,4.832034264379281e-08,3.034323392547833e-08,5.551115123125783e-17,0.0
4,8,457,2,3,471,1,2,1.5206144561574764e-07,4.163336342344337e-17,1.0236134447005885e-07,5.797715958710814e-08,1.5206144562962542e-07,4.163336342344337e-17,0.0
4,8,458,0,1,459,1,2,2.407671876453188e-08,2.7755575615628914e-17,1.126707783322134e-08,1.2809640903554964e-08,2.4076718736776304e-08,2.7755575615628914e-17,0.0
4,8,459,0,1,460,2,3,5.6942645321189644e-09,5.551115123125783e-17,2.9640987109225136e-08,2.927957512555146e-08,5.694264587630116e-09,5.551115123125783e-17,0.0
4,8,459,2,3,473,1,2,4.8352989695521487e-08,1.3877787807814457e-17,1.755882754472804e-08,3.0794162164671235e-08,4.8352989709399274e-08,1.3877787807814457e-17,0.0
4,8,460,0,1,461,1,2,8.920357667807632e-09,1.3877787807814457e-17,3.822685813725801e-09,5.097671861020725e-09,8.920357674746526e-09,1.3877787807814457e-17,0.0
4,8,461,0,1,462,2,3,2.741943533335345e-09,4.163336342344337e-17,5.545912590276814e-09,7.779131130924988e-09,2.741943533335345e-09,4.163336342344337e-17,0.0
4,8,461,2,3,475,1,2,8.920357667807632e-09,1.3877787807814457e-17,5.097671930409664e-09,3.822685744336862e-09,8.920357674746526e-09,1.3877787807814457e-17,0.0
4,8,463,0,1,464,1,2,6.104219103797437e-08,4.163336342344337e-17,1.0120025663307164e-07,6.630525946349497e-08,6.104219106572994e-08,4.163336342344337e-17,0.0
4,8,464,0,1,465,2,3,8.00355516028528e-08,4.163336342344337e-17,4.663746071276176e-08,5.864770420693777e-08,8.00355516028528e-08,4.163336342344337e-17,0.0
4,8,464,2,3,476,1,2,4.400367968615537e-08,1.3877787807814457e-17,1.830223975152201e-08,2.5701439920755575e-08,4.4003679672277585e-08,1.3877787807814457e-17,0.0
4,8,465,0,1,466,1,2,8.933313178083324e-08,2.7755575615628914e-17,1.7677731112275552e-07,8.744417935580007e-08,8.933313176695545e-08,2.7755575615628914e-17,0.0
4,8,466,0,1,467,2,3,4.637568609688891e-08,5.551115123125783e-17,7.470891330574325e-08,7.405706378693644e-08,4.637568606913334e-08,5.551115123125783e-17,0.0
4,8,466,2,3,478,1,2,1.0351920602669207e-07,1.3877787807814457e-17,8.453118352513833e-08,3.477082589908864e-08,1.0351920604056986e-07,1.3877787807814457e-17,0.0
4,8,467,0,1,468,1,2,1.484679333640937e-07,2.7755575615628914e-17,1.8551088040719144e-07,9.725159197393474e-08,1.4846793333633812e-07,2.7755575615628914e-17,0.0
4,8,468,0,1,469,2,3,1.4058500308333777e-08,8.326672684688674e-17,1.0019937166094728e-07,1.0080434129089433e-07,1.405850022506705e-08,8.326672684688674e-17,0.0
4,8,468,2,3,480,1,2,1.3659453772241203e-07,4.163336342344337e-17,1.604603364624424e-07,5.2849029721913077e-08,1.3659453770853425e-07,4.163336342344337e-17,0.0
4,8,469,0,1,470,1,2,1.0677550117688117e-07,4.163336342344337e-17,1.1253041801162489e-07,3.5809027368327584e-08,1.067755011491256e-07,4.163336342344337e-17,0.0
4,8,470,0,1,471,2,3,3.630408076937819e-08,5.551115123125783e-17,1.01727106266436e-07,8.09851952443541e-08,3.630408074162261e-08,5.551115123125783e-17,0.0
4,8,470,2,3,482,1,2,1.6673793447330443e-07,5.551115123125783e-17,1.0162748413644618e-07,9.658916881594148e-08,1.6673793445942664e-07,5.551115123125783e-17,0.0
4,8,471,0,1,472,1,2,6.142020132771098e-08,2.7755575615628914e-17,4.7321249585507985e-08,3.1936590372261264e-08,6.142020132771098e-08,2.7755575615628914e-17,0.0
4,8,472,0,1,473,2,3,2.8467294632683604e-08,5.551115123125783e-17,4.212515242185688e-08,3.3174495428500705e-08,2.8467294577172453e-08,5.551115123125783e-17,0.0
4,8,472,2,3,484,1,2,6.142020131383319e-08,1.3877787807814457e-17,3.1936590372261264e-08,4.7321249710408075e-08,6.142020131383319e-08,1.3877787807814457e-17,0.0
4,8,473,0,1,474,1,2,4.8352989695521487e-08,2.7755575615628914e-17,3.079416219242681e-08,1.7558827530850252e-08,4.835298972327706e-08,2.7755575615628914e-17,0.0
4,8,474,0,1,475,2,3,5.69426455987454e-09,5.551115123125783e-17,2.964098708146956e-08,2.9279575014529158e-08,5.6942645321189644e-09,5.551115123125783e-17,0.0
4,8,474,2,3,486,1,2,2.4076718806165243e-08,6.938893903907228e-18,1.2809640959066115e-08,1.1267077854038021e-08,2.4076718813104137e-08,6.938893903907228e-18,0.0
4,8,476,0,1,477,1,2,1.3033300384768243e-07,4.163336342344337e-17,1.0540883595144823e-07,5.09019068978267e-08,1.3033300384768243e-07,4.163336342344337e-17,0.0
4,8,477,0,1,478,2,3,3.741618528896318e-08,2.7755575615628914e-17,6.063234386788352e-08,9.516932991671112e-08,3.741618531671875e-08,2.7755575615628914e-17,0.0
4,8,477,2,3,487,1,2,3.902575026332178e-08,2.0816681711721685e-17,2.4907999919554502e-08,1.4191410116493053e-08,3.90257502425051e-08,2.0816681711721685e-17,0.0
4,8,478,0,1,479,1,2,1.8477201431388313e-07,1.3877787807814457e-17,1.5753669035944995e-07,7.337042086386081e-08,1.8477201430000534e-07,1.3877787807814457e-17,0.0
4,8,479,0,1,480,2,3,3.0143396917425846e-08,8.326672684688674e-17,1.1351744938492558e-07,1.373545908400775e-07,3.014339683415912e-08,8.326672684688674e-17,0.0
4,8,479,2,3,489,1,2,9.905153930400701e-08,4.163336342344337e-17,8.078982699499804e-08,5.751532368425405e-08,9.905153933176258e-08,4.163336342344337e-17,0.0
4,8,480,0,1,481,1,2,1.6605160824134657e-07,2.7755575615628914e-17,1.179549026092408e-07,1.0449708263970958e-07,1.6605160822746878e-07,2.7755575615628914e-17,0.0
4,8,481,0,1,482,2,3,2.6666071989422946e-08,1.1102230246251565e-16,1.4515504243028943e-07,1.279711579205145e-07,2.6666072100445248e-08,1.1102230246251565e-16,0.0
4,8,481,2,3,491,1,2,1.6605160815807984e-07,1.3877787807814457e-17,1.0449708266746516e-07,1.1795490248434071e-07,1.6605160817195763e-07,1.3877787807814457e-17,0.0
4,8,482,0,1,483,1,2,1.6673793443167106e-07,6.938893903907228e-17,9.658916882981927e-08,1.0162748409481281e-07,1.6673793441779328e-07,6.938893903907228e-17,0.0
4,8,483,0,1,484,2,3,3.6304080797133764e-08,5.551115123125783e-17,1.0172710618316927e-07,8.09851950223095e-08,3.630408082488934e-08,5.551115123125783e-17,0.0
4,8,483,2,3,493,1,2,1.0677550132953684e-07,2.7755575615628914e-17,3.580902738220537e-08,1.1253041813652498e-07,1.0677550134341462e-07,2.7755575615628914e-17,0.0
4,8,484,0,1,485,1,2,1.5206144550472533e-07,2.7755575615628914e-17,5.7977159614863716e-08,1.0236134440066991e-07,1.5206144550472533e-07,2.7755575615628914e-17,0.0
4,8,485,0,1,486,2,3,3.03432337311893e-08,2.7755575615628914e-17,7.627592729653188e-08,4.832034233848148e-08,3.0343233703433725e-08,2.7755575615628914e-17,0.0
4,8,485,2,3,495,1,2,4.773492037063454e-08,1.3877787807814457e-17,1.4430523095909642e-08,3.330439728860268e-08,4.7734920384512325e-08,1.3877787807814457e-17,0.0
4,8,487,0,1,488,1,2,8.670905450591793e-08,2.7755575615628914e-17,3.6751565235526584e-08,4.995748928426913e-08,8.670905451979571e-08,2.7755575615628914e-17,0.0
4,8,488,0,1,489,2,3,4.880533524542763e-08,1.1102230246251565e-16,4.388105442898471e-08,7.968276391490114e-08,4.880533521767205e-08,1.1102230246251565e-16,0.0
4,8,488,2,3,496,1,2,8.670905456142908e-08,4.163336342344337e-17,4.9957489312024705e-08,3.6751565291037736e-08,8.670905460306244e-08,4.163336342344337e-17,0.0
4,8,489,0,1,490,1,2,9.905153929012922e-08,2.7755575615628914e-17,5.7515323767520776e-08,8.07898269256091e-08,9.905153927625143e-08,2.7755575615628914e-17,0.0
4,8,490,0,1,491,2,3,3.0143396806403544e-08,1.1102230246251565e-16,1.1351744919063655e-07,1.3735459086783308e-07,3.0143396917425846e-08,1.1102230246251565e-16,0.0
4,8,490,2,3,498,1,2,1.8477201425837197e-07,4.163336342344337e-17,7.337042089161638e-08,1.575366903039388e-07,1.8477201427224976e-07,4.163336342344337e-17,0.0
4,8,491,0,1,492,1,2,1.3659453773628982e-07,2.7755575615628914e-17,5.2849029735790864e-08,1.6046033636529788e-07,1.3659453773628982e-07,2.7755575615628914e-17,0.0
4,8,492,0,1,493,2,3,1.4058500141800323e-08,1.1102230246251565e-16,1.0019937154992498e-07,1.0080434137416106e-07,1.4058500141800323e-08,1.1102230246251565e-16,0.0
4,8,492,2,3,500,1,2,1.4846793344736042e-07,1.3877787807814457e-17,9.72515919045458e-08,1.855108804627026e-07,1.484679334612382e-07,1.3877787807814457e-17,0.0
4,8,493,0,1,494,1,2,1.3974056636834042e-07,5.551115123125783e-17,7.127668948114785e-08,2.0368729107544947e-07,1.397405663822182e-07,5.551115123125783e-17,0.0
4,8,494,0,1,495,2,3,6.76437218738446e-08,2.7755575615628914e-17,8.757603628395394e-08,7.077044508752017e-08,6.76437218738446e-08,2.7755575615628914e-17,0.0
4,8,494,2,3,502,1,2,1.5435277638670142e-07,6.938893903907228e-18,7.664921065214658e-08,1.075220103924357e-07,1.5435277638670142e-07,6.938893903907228e-18,0.0
4,8,496,0,1,497,1,2,3.902575027026067e-08,2.7755575615628914e-17,1.4191410088737477e-08,2.4907999926493396e-08,3.902575027719957e-08,2.7755575615628914e-17,0.0
4,8,497,0,1,498,2,3,3.741618531671875e-08,2.7755575615628914e-17,6.063234386788352e-08,9.516932980568882e-08,3.741618531671875e-08,2.7755575615628914e-17,0.0
4,8,497,2,3,503,1,2,1.3033300393094915e-07,1.3877787807814457e-17,5.090190687007112e-08,1.0540883590981487e-07,1.3033300393094915e-07,1.3877787807814457e-17,0.0
4,8,498,0,1,499,1,2,1.035192061099588e-07,1.3877787807814457e-17,3.4770825871333066e-08,8.453118351126054e-08,1.0351920609608101e-07,1.3877787807814457e-17,0.0
4,8,499,0,1,500,2,3,4.637568618015564e-08,8.326672684688674e-17,7.47089132502321e-08,7.405706373142529e-08,4.637568618015564e-08,8.326672684688674e-17,0.0
4,8,499,2,3,505,1,2,8.933313179471103e-08,4.163336342344337e-17,8.744417927253334e-08,1.7677731106724437e-07,8.933313179471103e-08,4.163336342344337e-17,0.0
4,8,500,0,1,501,1,2,1.7415707029289074e-07,0.0,1.217117346977159e-07,1.6189610307915103e-07,1.7415707029289074e-07,0.0,0.0
4,8,501,0,1,502,2,3,2.747116659151949e-08,2.7755575615628914e-17,2.8065052629089315e-08,3.386587738019031e-08,2.747116659151949e-08,2.7755575615628914e-17,0.0
4,8,501,2,3,507,1,2,1.4810608869875175e-07,1.3877787807814457e-17,1.2717783408333627e-07,1.4369527627511314e-07,1.4810608869875175e-07,1.3877787807814457e-17,0.0
4,8,503,0,1,504,1,2,4.4003679637583115e-08,1.3877787807814457e-17,2.5701439920755575e-08,1.830223971682754e-08,4.4003679637583115e-08,1.3877787807814457e-17,0.0
4,8,504,0,1,505,2,3,8.003555178326405e-08,4.163336342344337e-17,4.663746071276176e-08,5.8647704040404314e-08,8.003555178326405e-08,4.163336342344337e-17,0.0
4,8,504,2,3,508,1,2,6.104219109348552e-08,4.163336342344337e-17,6.630525940798382e-08,1.0120025660531606e-07,6.104219105185216e-08,4.163336342344337e-17,0.0
4,8,505,0,1,506,1,2,1.2838854142327438e-07,2.0816681711721685e-17,6.419225318660127e-08,6.41962882505509e-08,1.2838854143715217e-07,2.0816681711721685e-17,0.0
4,8,506,0,1,507,2,3,4.0403955278711656e-08,4.163336342344337e-17,1.9067332920896796e-08,2.133662235781486e-08,4.0403955278711656e-08,4.163336342344337e-17,0.0
4,8,506,2,3,510,1,2,5.534792646422204e-08,4.163336342344337e-17,9.594624642700333e-08,1.0291739613310646e-07,5.534792642258868e-08,4.163336342344337e-17,0.0
4,8,508,0,1,509,1,2,5.3558201651426884e-08,1.0408340855860843e-17,3.818381747247579e-08,1.5374384189359436e-08,5.3558201661835225e-08,1.0408340855860843e-17,0.0
4,8,509,0,1,510,2,3,4.922611440694169e-08,1.3877787807814457e-17,2.0278787399297116e-08,3.469069048689377e-08,4.922611442081948e-08,1.3877787807814457e-17,0.0
4,8,509,2,3,511,1,2,1.131250296909636e-08,2.7755575615628914e-17,4.834118965540979e-08,5.965369265226173e-08,1.1312502996851936e-08,2.7755575615628914e-17,0.0
