order,ndivs,element,face,reference_face_id,face_node,R_alpha,R_beta,term_alpha,term_beta,a_projected,a_direct,delta,abs_delta,relative_delta,delta_alpha_trace,delta_beta_trace
4,4,0,0,1,0,0.0009341300860723406,-0.04598791157731486,0.0018682601721446812,-0.09197582315462972,-0.09010756298248504,-0.09011728526309787,9.722280612828316e-06,9.722280612828316e-06,0.00010788474801969531,nan,nan
4,4,0,0,1,1,-0.004450714474675649,-0.05202758260640419,-0.008901428949351298,-0.10405516521280837,-0.11295659416215967,-0.11295449786214284,-2.0963000168239265e-06,2.0963000168239265e-06,1.8558456302378356e-05,nan,nan
4,4,0,0,1,2,-0.012045128854517265,-0.06002801590359162,-0.02409025770903453,-0.12005603180718324,-0.14414628951621777,-0.14414615682913365,-1.3268708412561558e-07,1.3268708412561558e-07,9.20502945798595e-07,nan,nan
4,4,0,0,1,3,-0.01837394827832569,-0.06605607390599144,-0.03674789655665138,-0.13211214781198288,-0.16886004436863428,-0.16886227612901658,2.2317603823041043e-06,2.2317603823041043e-06,1.3216453274613939e-05,nan,nan
4,4,0,0,1,4,-0.021567594027146385,-0.0686594289361374,-0.04313518805429277,-0.1373188578722748,-0.18045404592656755,-0.1804465841229921,-7.4618035754425716e-06,7.4618035754425716e-06,4.1350159466521546e-05,nan,nan
4,4,0,1,2,0,-0.02131706884008803,-0.06936555956842307,0.04263413768017606,0.0,0.04263413768017606,0.04263781021110068,-3.6725309246199433e-06,3.6725309246199433e-06,8.613319742353482e-05,-3.6725309246199433e-06,nan
4,4,0,1,2,1,-0.017566271308848087,-0.07020307835652548,0.035132542617696175,0.0,0.035132542617696175,0.03513189693635638,6.45681339797588e-07,6.45681339797588e-07,1.8378440377166437e-05,6.45681339797588e-07,nan
4,4,0,1,2,2,-0.011549057225795184,-0.07087100499248684,0.02309811445159037,0.0,0.02309811445159037,0.023097659459640322,4.549919500468347e-07,4.549919500468347e-07,1.9698229091401323e-05,4.549919500468347e-07,nan
4,4,0,1,2,3,-0.005270060700294536,-0.07083432023160907,0.010540121400589072,0.0,0.010540121400589072,0.010539338369524427,7.830310646446403e-07,7.830310646446403e-07,7.429051667287986e-05,7.830310646446403e-07,nan
4,4,0,1,2,4,-0.0010485113272579707,-0.07040709172421075,0.0020970226545159415,0.0,0.0020970226545159415,0.0020985878805541607,-1.565226038219205e-06,1.565226038219205e-06,0.0007458472684050218,-1.565226038219205e-06,nan
4,4,0,2,3,0,0.00016691119592169827,-0.06951559803471043,0.0,0.13903119606942085,0.13903119606942085,0.13902977047017123,1.4255992496214898e-06,1.4255992496214898e-06,1.0253808425194455e-05,nan,1.4255992496214898e-06
4,4,0,2,3,1,0.0007824137813773334,-0.06608735353441775,0.0,0.1321747070688355,0.1321747070688355,0.13217548958022654,-7.825113910453485e-07,7.825113910453485e-07,5.920245830225487e-06,nan,-7.825113910453485e-07
4,4,0,2,3,2,0.0015300303371992786,-0.059618085728377845,0.0,0.11923617145675569,0.11923617145675569,0.11923653143067807,-3.5997392237863135e-07,3.5997392237863135e-07,3.0189902210289772e-06,nan,-3.5997392237863135e-07
4,4,0,2,3,3,0.0020443600083606328,-0.05179545454369645,0.0,0.1035909090873929,0.1035909090873929,0.10359210815161525,-1.199064222356938e-06,1.199064222356938e-06,1.1574860708520504e-05,nan,-1.199064222356938e-06
4,4,0,2,3,4,0.002245335701749506,-0.04595845929247687,0.0,0.09191691858495374,0.09191691858495374,0.09191193799477788,4.9805901758542825e-06,4.9805901758542825e-06,5.418578268864614e-05,nan,4.9805901758542825e-06
4,4,1,0,1,0,-0.0718275049331874,0.034037533396249875,-0.1436550098663748,0.06807506679249975,-0.07557994307387506,-0.07558472408113298,4.78100725792574e-06,4.78100725792574e-06,6.325361792408987e-05,nan,nan
4,4,1,0,1,1,-0.07775188963096206,0.02944118966312416,-0.15550377926192413,0.05888237932624832,-0.09662139993567581,-0.09662052361536677,-8.763203090400573e-07,8.763203090400573e-07,9.069629601966581e-06,nan,nan
4,4,1,0,1,2,-0.08500102567702482,0.022143230743962142,-0.17000205135404964,0.044286461487924283,-0.12571558986612535,-0.1257149756110043,-6.142551210452929e-07,6.142551210452929e-07,4.886069593273306e-06,nan,nan
4,4,1,0,1,3,-0.08970672779085875,0.015019202294814566,-0.1794134555817175,0.03003840458962913,-0.14937505099208837,-0.1493772212243568,2.1702322684225006e-06,2.1702322684225006e-06,1.452853554668101e-05,nan,nan
4,4,1,0,1,4,-0.09117642964189711,0.01069727589117949,-0.18235285928379422,0.02139455178235898,-0.16095830750143525,-0.16095417583017893,-4.1316712563188585e-06,4.1316712563188585e-06,2.5669201673744095e-05,nan,nan
4,4,1,1,2,0,-0.09022596505926618,0.0087513492632571,0.18045193011853236,-0.0,0.18045193011853236,0.18044658412299217,5.345995540195769e-06,5.345995540195769e-06,2.962559356768408e-05,5.345995540195769e-06,nan
4,4,1,1,2,1,-0.08442975584436266,0.004440881746584634,0.16885951168872532,-0.0,0.16885951168872532,0.1688622761290166,-2.7644402912918586e-06,2.7644402912918586e-06,1.6370976127194513e-05,-2.7644402912918586e-06,nan
4,4,1,1,2,2,-0.07207351654597181,-0.003140454930220455,0.14414703309194363,0.0,0.14414703309194363,0.14414615682913365,8.762628099789893e-07,8.762628099789893e-07,6.078951409426988e-06,8.762628099789893e-07,nan
4,4,1,1,2,3,-0.0564774927709126,-0.011384596209179242,0.1129549855418252,0.0,0.1129549855418252,0.11295449786214282,4.876796823871654e-07,4.876796823871654e-07,4.31746930025135e-06,4.876796823871654e-07,nan
4,4,1,1,2,4,-0.04505596605876686,-0.0168209495375711,0.09011193211753372,0.0,0.09011193211753372,0.09011728526309785,-5.353145564129802e-06,5.353145564129802e-06,5.9401984297477084e-05,-5.353145564129802e-06,nan
4,4,1,2,3,0,-0.04346546804526033,-0.01584525317901714,-0.0,0.03169050635803428,0.03169050635803428,0.031687358316104294,3.1480419299886875e-06,3.1480419299886875e-06,9.933706626276691e-05,nan,3.1480419299886875e-06
4,4,1,2,3,1,-0.048874168053595624,-0.006159922089102513,-0.0,0.012319844178205025,0.012319844178205025,0.012320330801485752,-4.866232807265725e-07,4.866232807265725e-07,3.949758237562005e-05,nan,-4.866232807265725e-07
4,4,1,2,3,2,-0.05711407085323153,0.009145697737536658,-0.0,-0.018291395475073316,-0.018291395475073316,-0.01829118001287973,-2.1546219358681284e-07,2.1546219358681284e-07,1.1779428960487731e-05,nan,-2.1546219358681284e-07
4,4,1,2,3,3,-0.06481484274000088,0.024055414184194324,-0.0,-0.04811082836838865,-0.04811082836838865,-0.04811231987642911,1.491508040463163e-06,1.491508040463163e-06,3.100054298553734e-05,nan,1.491508040463163e-06
4,4,1,2,3,4,-0.06926248809703292,0.03305368485718035,-0.0,-0.0661073697143607,-0.0661073697143607,-0.06610311170823734,-4.258006123358804e-06,4.258006123358804e-06,6.441046046389325e-05,nan,-4.258006123358804e-06
4,4,2,0,1,0,-0.04557627055441351,-0.03713304021126036,-0.09115254110882702,-0.07426608042252072,-0.16541862153134773,-0.16543780119439272,1.9179663044988082e-05,1.9179663044988082e-05,0.00011593277296070682,nan,nan
4,4,2,0,1,1,-0.053772001491364935,-0.04499955854640408,-0.10754400298272987,-0.08999911709280815,-0.19754312007553804,-0.19754028154404105,-2.8385314969903153e-06,2.8385314969903153e-06,1.4369174162607617e-05,nan,nan
4,4,2,0,1,2,-0.06364126807286392,-0.05540620751993057,-0.12728253614572785,-0.11081241503986114,-0.238094951185589,-0.2380933790691095,-1.5721164794979536e-06,1.5721164794979536e-06,6.602897170518029e-06,nan,nan
4,4,2,0,1,3,-0.0693138188998682,-0.06276111320887805,-0.1386276377997364,-0.1255222264177561,-0.2641498642174925,-0.2641547576146196,4.893397127114785e-06,4.893397127114785e-06,1.852473592110673e-05,nan,nan
4,4,2,0,1,4,-0.07034235531474423,-0.06543350654496839,-0.14068471062948845,-0.13086701308993678,-0.27155172371942526,-0.2715405944459863,-1.1129273438936771e-05,1.1129273438936771e-05,4.098399113988259e-05,nan,nan
4,4,2,1,2,0,-0.06940693522112452,-0.06672583718953712,0.13881387044224905,0.0,0.13881387044224905,0.13881405606922312,-1.8562697406965256e-07,1.8562697406965256e-07,1.3372347104178342e-06,-1.8562697406965256e-07,nan
4,4,2,1,2,1,-0.06490147075929453,-0.07041619292067103,0.12980294151858907,0.0,0.12980294151858907,0.12980293975629473,1.762294338236714e-09,1.762294338236714e-09,1.3576690309320425e-08,1.762294338236714e-09,nan
4,4,2,1,2,2,-0.055139965336050936,-0.07545055788358093,0.11027993067210187,0.0,0.11027993067210187,0.11027971224728715,2.184248147213408e-07,2.184248147213408e-07,1.9806397536718524e-06,2.184248147213408e-07,nan
4,4,2,1,2,3,-0.04276037977223856,-0.07944496513125694,0.08552075954447712,0.0,0.08552075954447712,0.0855166566115233,4.102932953817251e-06,4.102932953817251e-06,4.7975871305065086e-05,4.102932953817251e-06,nan
4,4,2,1,2,4,-0.033709227875515786,-0.0812839642919141,0.06741845575103157,0.0,0.06741845575103157,0.06742763864767869,-9.182896647114136e-06,9.182896647114136e-06,0.00013618891053113089,-9.182896647114136e-06,nan
4,4,2,2,3,0,-0.03174303410522774,-0.08047942532909017,-0.0,0.16095885065818033,0.16095885065818033,0.16095417583017893,4.6748280013997334e-06,4.6748280013997334e-06,2.9043621908853056e-05,nan,4.6748280013997334e-06
4,4,2,2,3,1,-0.033305232083095014,-0.07468680683528506,-0.0,0.14937361367057012,0.14937361367057012,0.1493772212243568,-3.607553786671991e-06,3.607553786671991e-06,2.4150628570427303e-05,nan,-3.607553786671991e-06
4,4,2,2,3,2,-0.03638599170705835,-0.06285789156860441,-0.0,0.12571578313720883,0.12571578313720883,0.1257149756110043,8.075262045159626e-07,8.075262045159626e-07,6.4234273880679854e-06,nan,8.075262045159626e-07
4,4,2,2,3,3,-0.040112266546826654,-0.0483085842009434,-0.0,0.0966171684018868,0.0966171684018868,0.09662052361536677,-3.355213479966368e-06,3.355213479966368e-06,3.472568098805818e-05,nan,-3.355213479966368e-06
4,4,2,2,3,4,-0.04276271854416517,-0.03779550704001937,-0.0,0.07559101408003874,0.07559101408003874,0.07558472408113301,6.2899989057285666e-06,6.2899989057285666e-06,8.32109342926458e-05,nan,6.2899989057285666e-06
4,4,3,0,1,0,-0.12254776517309744,0.12038227932209136,-0.24509553034619488,0.24076455864418272,-0.00433097170201216,-0.004331882947545758,9.112455335979347e-07,9.112455335979347e-07,0.00021035783852705526,nan,nan
4,4,3,0,1,1,-0.12842607387478103,0.11716925756191615,-0.25685214774956205,0.2343385151238323,-0.02251363262572975,-0.02251523056376007,1.5979380303191015e-06,1.5979380303191015e-06,7.097142646591863e-05,nan,nan
4,4,3,0,1,2,-0.13469525284012301,0.10953693783841995,-0.26939050568024603,0.2190738756768399,-0.05031663000340614,-0.05031505128564579,-1.5787177603462932e-06,1.5787177603462932e-06,3.1375665664402076e-05,nan,nan
4,4,3,0,1,3,-0.13718077738843515,0.09965946933625773,-0.2743615547768703,0.19931893867251546,-0.07504261610435484,-0.07505241144468654,9.795340331700264e-06,9.795340331700264e-06,0.0001305133325252235,nan,nan
4,4,3,0,1,4,-0.13650251099005722,0.09248819777958042,-0.27300502198011445,0.18497639555916084,-0.0880286264209536,-0.08801251769613189,-1.6108724821717324e-05,1.6108724821717324e-05,0.0001829941631110461,nan,nan
4,4,3,1,2,0,-0.13577717482764246,0.0899563019743097,0.2715543496552849,-0.0,0.2715543496552849,0.2715405944459863,1.3755209298582649e-05,1.3755209298582649e-05,5.0653614335560136e-05,1.3755209298582649e-05,nan
4,4,3,1,2,1,-0.13207138518966563,0.08532608747457272,0.26414277037933126,-0.0,0.26414277037933126,0.26415475761461965,-1.1987235288390963e-05,1.1987235288390963e-05,4.5379592616989187e-05,-1.1987235288390963e-05,nan
4,4,3,1,2,2,-0.11904907171965112,0.07404847039830123,0.23809814343930225,-0.0,0.23809814343930225,0.2380933790691095,4.7643701927557736e-06,4.7643701927557736e-06,2.0010110637298364e-05,4.7643701927557736e-06,nan
4,4,3,1,2,3,-0.09876517514543297,0.05905627513959884,0.19753035029086594,-0.0,0.19753035029086594,0.197540281544041,-9.931253175055055e-06,9.931253175055055e-06,5.027457234255745e-05,-9.931253175055055e-06,nan
4,4,3,1,2,4,-0.08272301747300627,0.04812220397360872,0.16544603494601254,-0.0,0.16544603494601254,0.16543780119439272,8.23375161981832e-06,8.23375161981832e-06,4.976699273878104e-05,8.23375161981832e-06,nan
4,4,3,2,3,0,-0.08130269327895555,0.049989149463995596,-0.0,-0.09997829892799119,-0.09997829892799119,-0.10000772221157381,2.9423283582616366e-05,2.9423283582616366e-05,0.00029421011629851156,nan,2.9423283582616366e-05
4,4,3,2,3,1,-0.09226070718423691,0.06880070206094568,-0.0,-0.13760140412189137,-0.13760140412189137,-0.13760057813527019,-8.259866211834943e-07,8.259866211834943e-07,6.002748492681158e-06,nan,-8.259866211834943e-07
4,4,3,2,3,2,-0.10702322077768871,0.09472477748370513,-0.0,-0.18944955496741026,-0.18944955496741026,-0.1894451650198967,-4.389947513561143e-06,4.389947513561143e-06,2.317211837376085e-05,nan,-4.389947513561143e-06
4,4,3,2,3,3,-0.11726547876008417,0.11338859378715249,-0.0,-0.22677718757430498,-0.22677718757430498,-0.22678784242029504,1.0654845990054618e-05,1.0654845990054618e-05,4.6981557196123865e-05,nan,1.0654845990054618e-05
4,4,3,2,3,4,-0.12059422644747225,0.12005993256454088,-0.0,-0.24011986512908176,-0.24011986512908176,-0.2400967168402112,-2.314828887056697e-05,2.314828887056697e-05,9.6403056274095e-05,nan,-2.314828887056697e-05
4,4,4,0,1,0,-0.09449568366824707,-0.0015453051637733285,-0.18899136733649413,-0.003090610327546657,-0.19208197766404078,-0.19207765184345896,-4.32582058182418e-06,4.32582058182418e-06,2.2520699934640494e-05,nan,nan
4,4,4,0,1,1,-0.09710602935038348,-0.007465562059594504,-0.19421205870076697,-0.014931124119189008,-0.20914318281995598,-0.20914652590204036,3.3430820843838305e-06,3.3430820843838305e-06,1.5984401700985733e-05,nan,nan
4,4,4,0,1,2,-0.09870439744682527,-0.015204385579782325,-0.19740879489365054,-0.03040877115956465,-0.22781756605321518,-0.22781613936455355,-1.4266886616265406e-06,1.4266886616265406e-06,6.2624172768718145e-06,nan,nan
4,4,4,0,1,3,-0.09743650150248381,-0.02088242151047602,-0.19487300300496763,-0.04176484302095204,-0.23663784602591967,-0.23664170457244219,3.858546522517159e-06,3.858546522517159e-06,1.6305437494581423e-05,nan,nan
4,4,4,0,1,4,-0.09503443875163681,-0.02325235204912138,-0.19006887750327361,-0.04650470409824276,-0.23657358160151637,-0.23656960140086056,-3.980200655812061e-06,3.980200655812061e-06,1.6824366562266008e-05,nan,nan
4,4,4,1,2,0,-0.094458875656768,-0.024220912631132668,0.188917751313536,0.0,0.188917751313536,0.1889126521254644,5.099188071594485e-06,5.099188071594485e-06,2.6991577213576154e-05,5.099188071594485e-06,nan
4,4,4,1,2,1,-0.09393896426290639,-0.02704404674728585,0.18787792852581278,0.0,0.18787792852581278,0.18788242679295417,-4.498267141384016e-06,4.498267141384016e-06,2.3941925906360003e-05,-4.498267141384016e-06,nan
4,4,4,1,2,2,-0.08921902053909588,-0.03265557682139243,0.17843804107819175,0.0,0.17843804107819175,0.1784363226856686,1.7183925231367692e-06,1.7183925231367692e-06,9.63019159341571e-06,1.7183925231367692e-06,nan
4,4,4,1,2,3,-0.08025428053421793,-0.03941549049806226,0.16050856106843586,0.0,0.16050856106843586,0.16051199857408388,-3.4375056480184796e-06,3.4375056480184796e-06,2.1415879676010065e-05,-3.4375056480184796e-06,nan
4,4,4,1,2,4,-0.0723981348693074,-0.04416115447038676,0.1447962697386148,0.0,0.1447962697386148,0.1447934198238623,2.849914752522942e-06,2.849914752522942e-06,1.9682238759793934e-05,2.849914752522942e-06,nan
4,4,4,2,3,0,-0.0714312547824061,-0.04401034563681763,-0.0,0.08802069127363527,0.08802069127363527,0.08801251769613189,8.17357750337866e-06,8.17357750337866e-06,9.285972860595884e-05,nan,8.17357750337866e-06
4,4,4,2,3,1,-0.07627926447912542,-0.037525612911023284,-0.0,0.07505122582204657,0.07505122582204657,0.07505241144468652,-1.1856226399542535e-06,1.1856226399542535e-06,1.5797262434772733e-05,nan,-1.1856226399542535e-06
4,4,4,2,3,2,-0.08352000612029706,-0.02515744291288506,-0.0,0.05031488582577012,0.05031488582577012,0.05031505128564576,-1.6545987563398867e-07,1.6545987563398867e-07,3.2884767362086e-06,nan,-1.6545987563398867e-07
4,4,4,2,3,3,-0.08984347345543567,-0.011258759725058517,-0.0,0.022517519450117034,0.022517519450117034,0.022515230563760036,2.28888635699781e-06,2.28888635699781e-06,0.0001016491342249474,nan,2.28888635699781e-06
4,4,4,2,3,4,-0.09304225031268776,-0.0021602179675775175,-0.0,0.004320435935155035,0.004320435935155035,0.004331882947545814,-1.1447012390778874e-05,1.1447012390778874e-05,0.0026425027013400877,nan,-1.1447012390778874e-05
4,4,5,0,1,0,-0.11170151380224816,0.11815499504337212,-0.22340302760449632,0.23630999008674425,0.01290696248224793,0.012904185551413394,2.7769308345356597e-06,2.7769308345356597e-06,0.00021514983392529534,nan,nan
4,4,5,0,1,1,-0.11459580838354103,0.11858864011725032,-0.22919161676708205,0.23717728023450063,0.00798566346741858,0.007986825466696233,-1.1619992776532029e-06,1.1619992776532029e-06,0.00014548950424653093,nan,nan
4,4,5,0,1,2,-0.11753164165703858,0.11753164165703858,-0.23506328331407716,0.23506328331407716,0.0,0.0,0.0,0.0,0.0,nan,nan
4,4,5,0,1,3,-0.11858864011725037,0.11459580838354108,-0.23717728023450074,0.22919161676708216,-0.00798566346741858,-0.007986825466696258,1.161999277677489e-06,1.161999277677489e-06,0.00014548950424957125,nan,nan
4,4,5,0,1,4,-0.11815499504337208,0.11170151380224812,-0.23630999008674416,0.22340302760449623,-0.01290696248224793,-0.012904185551413464,-2.7769308344662708e-06,2.7769308344662708e-06,0.00021514983391991924,nan,nan
4,4,5,1,2,0,-0.11828557945257025,0.11100077189459862,0.2365711589051405,-0.0,0.2365711589051405,0.2365696014008606,1.5575042798809946e-06,1.5575042798809946e-06,6.583660861658616e-06,1.5575042798809946e-06,nan
4,4,5,1,2,1,-0.11831986489564351,0.11054847775351424,0.23663972979128703,-0.0,0.23663972979128703,0.23664170457244224,-1.974781155211769e-06,1.974781155211769e-06,8.345025906484867e-06,-1.974781155211769e-06,nan
4,4,5,1,2,2,-0.11390869433413407,0.10713422156263631,0.22781738866826814,-0.0,0.22781738866826814,0.22781613936455355,1.2493037145899777e-06,1.2493037145899777e-06,5.483794375367575e-06,1.2493037145899777e-06,nan
4,4,5,1,2,3,-0.10457262538739234,0.10078596280366554,0.20914525077478469,-0.0,0.20914525077478469,0.20914652590204036,-1.2751272556732474e-06,1.2751272556732474e-06,6.096812988758365e-06,-1.2751272556732474e-06,nan
4,4,5,1,2,4,-0.09603808858712384,0.0952033259502737,0.1920761771742477,-0.0,0.1920761771742477,0.19207765184345893,-1.4746692112432846e-06,1.4746692112432846e-06,7.677463760568684e-06,-1.4746692112432846e-06,nan
4,4,5,2,3,0,-0.09520332595027368,0.09603808858712376,-0.0,-0.19207617717424752,-0.19207617717424752,-0.19207765184345896,1.4746692114375737e-06,1.4746692114375737e-06,7.677463761580195e-06,nan,1.4746692114375737e-06
4,4,5,2,3,1,-0.10078596280366556,0.1045726253873924,-0.0,-0.2091452507747848,-0.2091452507747848,-0.20914652590204033,1.2751272555344695e-06,1.2751272555344695e-06,6.096812988094822e-06,nan,1.2751272555344695e-06
4,4,5,2,3,2,-0.10713422156263631,0.11390869433413404,-0.0,-0.2278173886682681,-0.2278173886682681,-0.22781613936455355,-1.2493037145344665e-06,1.2493037145344665e-06,5.483794375123912e-06,nan,-1.2493037145344665e-06
4,4,5,2,3,3,-0.11054847775351417,0.11831986489564347,-0.0,-0.23663972979128695,-0.23663972979128695,-0.23664170457244219,1.9747811552395245e-06,1.9747811552395245e-06,8.345025906602158e-06,nan,1.9747811552395245e-06
4,4,5,2,3,4,-0.1110007718945986,0.11828557945257026,-0.0,-0.23657115890514052,-0.23657115890514052,-0.23656960140086056,-1.5575042799642613e-06,1.5575042799642613e-06,6.583660862010589e-06,nan,-1.5575042799642613e-06
4,4,6,0,1,0,-0.07369986300938641,0.006424279955724469,-0.14739972601877283,0.012848559911448938,-0.1345511661073239,-0.13454974820587856,-1.4179014453385985e-06,1.4179014453385985e-06,1.0538009341424943e-05,nan,nan
4,4,6,0,1,1,-0.07363487791837507,0.00427308047982945,-0.14726975583675014,0.0085461609596589,-0.13872359487709124,-0.13872400508797164,4.1021088040271714e-07,4.1021088040271714e-07,2.9570288151829416e-06,nan,nan
4,4,6,0,1,2,-0.07299314124079828,0.001826046313159308,-0.14598628248159656,0.003652092626318616,-0.14233418985527796,-0.1423341908903184,1.0350404422432291e-09,1.0350404422432291e-09,7.2719030878590725e-09,nan,nan
4,4,6,0,1,3,-0.07174191445191518,0.0003845899103718953,-0.14348382890383035,0.0007691798207437906,-0.14271464908308656,-0.14271482794975096,1.7886666439648202e-07,1.7886666439648202e-07,1.2533152088405271e-06,nan,nan
4,4,6,0,1,4,-0.07057975224053134,1.546669965462625e-05,-0.14115950448106268,3.09333993092525e-05,-0.14112857108175342,-0.14112835835072537,-2.127310280430894e-07,2.127310280430894e-07,1.507356210103324e-06,nan,nan
4,4,6,1,2,0,-0.07056428554087671,-1.5466699654648854e-05,0.14112857108175342,0.0,0.14112857108175342,0.1411283583507254,2.1273102801533383e-07,2.1273102801533383e-07,1.5073562099066554e-06,2.1273102801533383e-07,nan
4,4,6,1,2,1,-0.07135732454154328,-0.0003845899103718598,0.14271464908308656,0.0,0.14271464908308656,0.14271482794975096,-1.7886666439648202e-07,1.7886666439648202e-07,1.2533152088405271e-06,-1.7886666439648202e-07,nan
4,4,6,1,2,2,-0.07116709492763897,-0.0018260463131592709,0.14233418985527793,0.0,0.14233418985527793,0.1423341908903184,-1.0350404699988047e-09,1.0350404699988047e-09,7.271903282861942e-09,-1.0350404699988047e-09,nan
4,4,6,1,2,3,-0.06936179743854569,-0.004273080479829417,0.13872359487709138,0.0,0.13872359487709138,0.1387240050879716,-4.102108802361837e-07,4.102108802361837e-07,2.957028813982476e-06,-4.102108802361837e-07,nan
4,4,6,1,2,4,-0.06727558305366199,-0.006424279955724462,0.13455116610732398,0.0,0.13455116610732398,0.13454974820587856,1.4179014454218652e-06,1.4179014454218652e-06,1.0538009342043786e-05,1.4179014454218652e-06,nan
4,4,6,2,3,0,-0.06724399820909062,-0.006453192237060885,-0.0,0.01290638447412177,0.01290638447412177,0.012904185551413467,2.198922708302256e-06,2.198922708302256e-06,0.00017037480269639066,nan,2.198922708302256e-06
4,4,6,2,3,1,-0.06943496242778129,-0.003993192162609349,-0.0,0.007986384325218698,0.007986384325218698,0.007986825466696233,-4.4114147753487876e-07,4.4114147753487876e-07,5.523364437777778e-05,nan,-4.4114147753487876e-07
4,4,6,2,3,2,-0.07197331887431785,-5.9319799591460364e-18,-0.0,1.1863959918292073e-17,1.1863959918292073e-17,0.0,1.1863959918292073e-17,1.1863959918292073e-17,1.0,nan,1.1863959918292073e-17
4,4,6,2,3,3,-0.07342815459039057,0.0039931921626093405,-0.0,-0.007986384325218681,-0.007986384325218681,-0.007986825466696231,4.4114147755049127e-07,4.4114147755049127e-07,5.523364437973257e-05,nan,4.4114147755049127e-07
4,4,6,2,3,4,-0.07369719044615157,0.006453192237060879,-0.0,-0.012906384474121757,-0.012906384474121757,-0.01290418555141344,-2.1989227083178686e-06,2.1989227083178686e-06,0.0001703748026976005,nan,-2.1989227083178686e-06
4,4,7,0,1,0,-0.001798058890802428,-0.0019441175374128937,-0.003596117781604856,-0.0038882350748257874,-0.007484352856430643,-0.007503041357590543,1.868850115990025e-05,1.868850115990025e-05,0.0024907901035349884,nan,nan
4,4,7,0,1,1,-0.009268858982839204,-0.010230730292858913,-0.018537717965678407,-0.020461460585717826,-0.03899917855139623,-0.03899752328056007,-1.655270836162237e-06,1.655270836162237e-06,4.244373593615027e-05,nan,nan
4,4,7,0,1,2,-0.02027941034151324,-0.023295767208160536,-0.04055882068302648,-0.04659153441632107,-0.08715035509934754,-0.08714822521217222,-2.129887175322809e-06,2.129887175322809e-06,2.4439225438551935e-05,nan,nan
4,4,7,0,1,3,-0.029613786041110736,-0.03537956990894467,-0.05922757208222147,-0.07075913981788934,-0.1299867119001108,-0.1299945898527609,7.877952650114928e-06,7.877952650114928e-06,6.060215782085958e-05,nan,nan
4,4,7,0,1,4,-0.03421762282279113,-0.04201386784600008,-0.06843524564558226,-0.08402773569200016,-0.1524629813375824,-0.1524421523517553,-2.08289858271149e-05,2.08289858271149e-05,0.00013661667668032486,nan,nan
4,4,7,1,2,0,-0.033049926233900025,-0.04458148085475016,0.06609985246780005,0.0,0.06609985246780005,0.06610311170823732,-3.25924043727277e-06,3.25924043727277e-06,4.93054011081694e-05,-3.25924043727277e-06,nan
4,4,7,1,2,1,-0.02405659220048661,-0.04915274112336471,0.04811318440097322,0.0,0.04811318440097322,0.04811231987642912,8.645245441057936e-07,8.645245441057936e-07,1.7968557992355752e-05,8.645245441057936e-07,nan
4,4,7,1,2,2,-0.009145589632264908,-0.05532307210841124,0.018291179264529816,0.0,0.018291179264529816,0.018291180012879722,-7.483499063487553e-10,7.483499063487553e-10,4.0913156276511696e-08,-7.483499063487553e-10,nan
4,4,7,1,2,3,0.006158142068530175,-0.060167381560600225,-0.01231628413706035,0.0,-0.01231628413706035,-0.012320330801485738,4.046664425388577e-06,4.046664425388577e-06,0.0003284542022930569,4.046664425388577e-06,nan
4,4,7,1,2,4,0.015847337650831402,-0.06240991702029673,-0.031694675301662804,0.0,-0.031694675301662804,-0.031687358316104294,-7.31698555851007e-06,7.31698555851007e-06,0.00023085851137040036,-7.31698555851007e-06,nan
4,4,7,2,3,0,0.017720087971123653,-0.06074805489544783,0.0,0.12149610979089566,0.12149610979089566,0.12148501347778573,1.1096313109928979e-05,1.1096313109928979e-05,9.133060415701049e-05,nan,1.1096313109928979e-05
4,4,7,2,3,1,0.015551733328274486,-0.05117959788367255,0.0,0.1023591957673451,0.1023591957673451,0.10236577018143084,-6.574414085733227e-06,6.574414085733227e-06,6.422473131478305e-05,nan,-6.574414085733227e-06
4,4,7,2,3,2,0.010960092309472104,-0.03407904265082591,0.0,0.06815808530165182,0.06815808530165182,0.06815661043838148,1.4748632703454057e-06,1.4748632703454057e-06,2.1638860068002262e-05,nan,1.4748632703454057e-06
4,4,7,2,3,3,0.005209861855927364,-0.015352282004103492,0.0,0.030704564008206984,0.030704564008206984,0.030709058817789136,-4.494809582152037e-06,4.494809582152037e-06,0.00014636754609842633,nan,-4.494809582152037e-06
4,4,7,2,3,4,0.0010422981223101736,-0.0029923554936473343,0.0,0.005984710987294669,0.005984710987294669,0.0059793637546392,5.347232655468839e-06,5.347232655468839e-06,0.0008934821859937474,nan,5.347232655468839e-06
4,4,8,0,1,0,-0.03546467141515715,0.07750990873173876,-0.0709293428303143,0.1550198174634775,0.08409047463316321,0.08405339677718243,3.7077855980782726e-05,3.7077855980782726e-05,0.0004409281329726272,nan,nan
4,4,8,0,1,1,-0.04511872512679253,0.07186976473754667,-0.09023745025358507,0.14373952947509333,0.053502079221508264,0.05351235857101492,-1.0279349506654711e-05,1.0279349506654711e-05,0.00019209300021813172,nan,nan
4,4,8,0,1,2,-0.059658898312653336,0.05965889831265336,-0.11931779662530667,0.11931779662530673,5.551115123125783e-17,0.0,5.551115123125783e-17,5.551115123125783e-17,1.0,nan,nan
4,4,8,0,1,3,-0.07186976473754669,0.04511872512679257,-0.14373952947509339,0.09023745025358514,-0.05350207922150825,-0.0535123585710149,1.0279349506647772e-05,1.0279349506647772e-05,0.0001920930002180021,nan,nan
4,4,8,0,1,4,-0.07750990873173873,0.03546467141515715,-0.15501981746347746,0.0709293428303143,-0.08409047463316316,-0.08405339677718245,-3.707785598071334e-05,3.707785598071334e-05,0.00044092813297180234,nan,nan
4,4,8,1,2,0,-0.07622040186835988,0.031912920320585327,0.15244080373671975,-0.0,0.15244080373671975,0.15244215235175537,-1.348615035617895e-06,1.348615035617895e-06,8.846733103754722e-06,-1.348615035617895e-06,nan
4,4,8,1,2,1,-0.06499764274825816,0.026131373633061086,0.12999528549651632,-0.0,0.12999528549651632,0.12999458985276094,6.956437553773398e-07,6.956437553773398e-07,5.35129987768658e-06,6.956437553773398e-07,nan
4,4,8,1,2,2,-0.0435742377717303,0.016469170589928275,0.0871484755434606,-0.0,0.0871484755434606,0.08714822521217222,2.503312883789244e-07,2.503312883789244e-07,2.8724689309577785e-06,2.503312883789244e-07,nan
4,4,8,1,2,3,-0.019503151966986022,0.006902947763198382,0.039006303933972045,-0.0,0.039006303933972045,0.038997523280560074,8.780653411970263e-06,8.780653411970263e-06,0.0002251085728818019,8.780653411970263e-06,nan
4,4,8,1,2,4,-0.0037415451231803897,0.0012737387575874318,0.007483090246360779,-0.0,0.007483090246360779,0.007503041357590532,-1.9951111229752662e-05,1.9951111229752662e-05,0.0026590698729880924,-1.9951111229752662e-05,nan
4,4,8,2,3,0,-0.0012737387575874272,0.003741545123180382,-0.0,-0.007483090246360764,-0.007483090246360764,-0.0075030413575905425,1.9951111229778683e-05,1.9951111229778683e-05,0.002659069872991557,nan,1.9951111229778683e-05
4,4,8,2,3,1,-0.006902947763198387,0.019503151966986043,-0.0,-0.039006303933972086,-0.039006303933972086,-0.03899752328056006,-8.780653412025774e-06,8.780653412025774e-06,0.0002251085728832248,nan,-8.780653412025774e-06
4,4,8,2,3,2,-0.016469170589928247,0.04357423777173028,-0.0,-0.08714847554346056,-0.08714847554346056,-0.08714822521217226,-2.5033128829565765e-07,2.5033128829565765e-07,2.872468930002322e-06,nan,-2.5033128829565765e-07
4,4,8,2,3,3,-0.026131373633061065,0.06499764274825814,-0.0,-0.1299952854965163,-0.1299952854965163,-0.12999458985276088,-6.956437554050954e-07,6.956437554050954e-07,5.351299877900093e-06,nan,-6.956437554050954e-07
4,4,8,2,3,4,-0.03191292032058531,0.0762204018683599,-0.0,-0.1524408037367198,-0.1524408037367198,-0.15244215235175537,1.3486150355623838e-06,1.3486150355623838e-06,8.846733103390576e-06,nan,1.3486150355623838e-06
4,4,9,0,1,0,-0.09349203597480867,0.0435003061951219,-0.18698407194961733,0.0870006123902438,-0.09998345955937353,-0.10000772221157381,2.4262652200277013e-05,2.4262652200277013e-05,0.00024260778731613903,nan,nan
4,4,9,0,1,1,-0.1040844690592895,0.03528370042270889,-0.208168938118579,0.07056740084541778,-0.1376015372731612,-0.13760057813527019,-9.591378910267512e-07,9.591378910267512e-07,6.970400985584253e-06,nan,nan
4,4,9,0,1,2,-0.11625248465065252,0.021526986520536435,-0.23250496930130504,0.04305397304107287,-0.18945099626023218,-0.18944516501989658,-5.831240335596455e-06,5.831240335596455e-06,3.077967627885468e-05,nan,nan
4,4,9,0,1,3,-0.12191571889481569,0.008530225535322624,-0.24383143778963137,0.017060451070645247,-0.22677098671898613,-0.22678784242029504,1.68557013089099e-05,1.68557013089099e-05,7.432365478248184e-05,nan,nan
4,4,9,0,1,4,-0.12152461157579257,0.0014632712942804459,-0.24304922315158514,0.0029265425885608917,-0.24012268056302424,-0.24009671684021122,-2.5963722813021617e-05,2.5963722813021617e-05,0.00010812690726316875,nan,nan
4,4,9,1,2,0,-0.1200613402815122,-0.001463271294280414,0.2401226805630244,0.0,0.2401226805630244,0.24009671684021117,2.596372281324366e-05,2.596372281324366e-05,0.00010812690726409339,2.596372281324366e-05,nan
4,4,9,1,2,1,-0.11338549335949305,-0.008530225535322632,0.2267709867189861,0.0,0.2267709867189861,0.22678784242029507,-1.685570130896541e-05,1.685570130896541e-05,7.43236547827266e-05,-1.685570130896541e-05,nan
4,4,9,1,2,2,-0.09472549813011609,-0.021526986520536445,0.18945099626023218,0.0,0.18945099626023218,0.1894451650198967,5.8312403354854325e-06,5.8312403354854325e-06,3.077967627826866e-05,5.8312403354854325e-06,nan
4,4,9,1,2,3,-0.06880076863658065,-0.0352837004227089,0.1376015372731613,0.0,0.1376015372731613,0.1376005781352702,9.591378910822623e-07,9.591378910822623e-07,6.970400985987668e-06,9.591378910822623e-07,nan
4,4,9,1,2,4,-0.0499917297796868,-0.0435003061951219,0.0999834595593736,0.0,0.0999834595593736,0.10000772221157381,-2.4262652200207624e-05,2.4262652200207624e-05,0.0002426077873154452,-2.4262652200207624e-05,nan
4,4,9,2,3,0,-0.047187152328426706,-0.04203703490084145,-0.0,0.0840740698016829,0.0840740698016829,0.08405339677718242,2.0673024500483805e-05,2.0673024500483805e-05,0.00024589061228091035,nan,2.0673024500483805e-05
4,4,9,2,3,1,-0.0552720820114673,-0.026753474887386254,-0.0,0.05350694977477251,0.05350694977477251,0.053512358571014926,-5.408796242417635e-06,5.408796242417635e-06,0.00010107564657685113,nan,-5.408796242417635e-06
4,4,9,2,3,2,-0.06888768799013842,-2.4539764515762814e-17,-0.0,4.907952903152563e-17,4.907952903152563e-17,0.0,4.907952903152563e-17,4.907952903152563e-17,1.0,nan,4.907952903152563e-17
4,4,9,2,3,3,-0.08202555689885356,0.026753474887386275,-0.0,-0.05350694977477255,-0.05350694977477255,-0.0535123585710149,5.408796242348246e-06,5.408796242348246e-06,0.0001010756465755545,nan,5.408796242348246e-06
4,4,9,2,3,4,-0.08922418722926827,0.042037034900841486,-0.0,-0.08407406980168297,-0.08407406980168297,-0.08405339677718245,-2.067302450052544e-05,2.067302450052544e-05,0.0002458906122814054,nan,-2.067302450052544e-05
4,4,10,0,1,0,-0.0924881977795804,0.1365025109900572,-0.1849763955591608,0.2730050219801144,0.0880286264209536,0.08801251769613193,1.610872482167569e-05,1.610872482167569e-05,0.00018299416311057313,nan,nan
4,4,10,0,1,1,-0.09965946933625765,0.137180777388435,-0.1993189386725153,0.27436155477687,0.07504261610435473,0.07505241144468655,-9.795340331825164e-06,9.795340331825164e-06,0.00013051333252688766,nan,nan
4,4,10,0,1,2,-0.10953693783841995,0.134695252840123,-0.2190738756768399,0.269390505680246,0.05031663000340608,0.05031505128564577,1.5787177603115987e-06,1.5787177603115987e-06,3.1375665663712584e-05,nan,nan
4,4,10,0,1,3,-0.1171692575619162,0.12842607387478105,-0.2343385151238324,0.2568521477495621,0.022513632625729696,0.02251523056376005,-1.597938030353796e-06,1.597938030353796e-06,7.097142646745964e-05,nan,nan
4,4,10,0,1,4,-0.12038227932209138,0.1225477651730974,-0.24076455864418275,0.2450955303461948,0.004330971702012049,0.004331882947545799,-9.112455337505904e-07,9.112455337505904e-07,0.00021035783856229327,nan,nan
4,4,10,1,2,0,-0.1200599325645409,0.1205942264474722,0.2401198651290818,-0.0,0.2401198651290818,0.24009671684021117,2.314828887062248e-05,2.314828887062248e-05,9.640305627432616e-05,2.314828887062248e-05,nan
4,4,10,1,2,1,-0.1133885937871525,0.11726547876008421,0.226777187574305,-0.0,0.226777187574305,0.22678784242029504,-1.0654845990026862e-05,1.0654845990026862e-05,4.698155719600148e-05,-1.0654845990026862e-05,nan
4,4,10,1,2,2,-0.09472477748370522,0.10702322077768885,0.18944955496741045,-0.0,0.18944955496741045,0.18944516501989658,4.3899475138664545e-06,4.3899475138664545e-06,2.3172118375372395e-05,4.3899475138664545e-06,nan
4,4,10,1,2,3,-0.06880070206094564,0.09226070718423689,0.13760140412189129,-0.0,0.13760140412189129,0.1376005781352702,8.25986621072472e-07,8.25986621072472e-07,6.002748491874322e-06,8.25986621072472e-07,nan
4,4,10,1,2,4,-0.049989149463995616,0.08130269327895562,0.09997829892799123,-0.0,0.09997829892799123,0.1000077222115738,-2.9423283582560855e-05,2.9423283582560855e-05,0.0002942101162979565,-2.9423283582560855e-05,nan
4,4,10,2,3,0,-0.04812220397360869,0.08272301747300621,-0.0,-0.16544603494601243,-0.16544603494601243,-0.16543780119439272,-8.233751619707297e-06,8.233751619707297e-06,4.976699273811002e-05,nan,-8.233751619707297e-06
4,4,10,2,3,1,-0.059056275139598866,0.09876517514543305,-0.0,-0.1975303502908661,-0.1975303502908661,-0.19754028154404105,9.931253174944032e-06,9.931253174944032e-06,5.027457234199541e-05,nan,9.931253174944032e-06
4,4,10,2,3,2,-0.07404847039830115,0.1190490717196511,-0.0,-0.2380981434393022,-0.2380981434393022,-0.23809337906910955,-4.764370192644751e-06,4.764370192644751e-06,2.001011063683208e-05,nan,-4.764370192644751e-06
4,4,10,2,3,3,-0.08532608747457267,0.1320713851896656,-0.0,-0.2641427703793312,-0.2641427703793312,-0.26415475761461965,1.1987235288446474e-05,1.1987235288446474e-05,4.537959261719934e-05,nan,1.1987235288446474e-05
4,4,10,2,3,4,-0.08995630197430972,0.13577717482764248,-0.0,-0.27155434965528497,-0.27155434965528497,-0.2715405944459863,-1.375520929863816e-05,1.375520929863816e-05,5.065361433576454e-05,nan,-1.375520929863816e-05
4,4,11,0,1,0,-0.11655928933969412,0.04416115447038678,-0.23311857867938823,0.08832230894077356,-0.14479626973861467,-0.1447934198238623,-2.849914752384164e-06,2.849914752384164e-06,1.9682238758835516e-05,nan,nan
4,4,11,0,1,1,-0.1196697710322802,0.03941549049806229,-0.2393395420645604,0.07883098099612458,-0.1605085610684358,-0.16051199857408385,3.437505648046235e-06,3.437505648046235e-06,2.141587967618299e-05,nan,nan
4,4,11,0,1,2,-0.1218745973604882,0.032655576821392404,-0.2437491947209764,0.06531115364278481,-0.17843804107819158,-0.1784363226856686,-1.7183925229702357e-06,1.7183925229702357e-06,9.630191592482433e-06,nan,nan
4,4,11,0,1,3,-0.1209830110101921,0.0270440467472858,-0.2419660220203842,0.0540880934945716,-0.1878779285258126,-0.18788242679295414,4.498267141550549e-06,4.498267141550549e-06,2.3941925907246375e-05,nan,nan
4,4,11,0,1,4,-0.11867978828790064,0.024220912631132675,-0.23735957657580128,0.04844182526226535,-0.18891775131353594,-0.1889126521254644,-5.099188071538974e-06,5.099188071538974e-06,2.6991577213282325e-05,nan,nan
4,4,11,1,2,0,-0.11828679080075831,0.023252352049121416,0.23657358160151662,-0.0,0.23657358160151662,0.23656960140086056,3.980200656061861e-06,3.980200656061861e-06,1.68243665633219e-05,3.980200656061861e-06,nan
4,4,11,1,2,1,-0.11831892301295974,0.020882421510476003,0.23663784602591947,-0.0,0.23663784602591947,0.23664170457244219,-3.858546522711448e-06,3.858546522711448e-06,1.6305437495402448e-05,-3.858546522711448e-06,nan
4,4,11,1,2,2,-0.11390878302660762,0.015204385579782336,0.22781756605321524,-0.0,0.22781756605321524,0.22781613936455355,1.4266886616820518e-06,1.4266886616820518e-06,6.262417277115478e-06,1.4266886616820518e-06,nan
4,4,11,1,2,3,-0.10457159140997802,0.007465562059594533,0.20914318281995603,-0.0,0.20914318281995603,0.20914652590204036,-3.3430820843283193e-06,3.3430820843283193e-06,1.5984401700720316e-05,-3.3430820843283193e-06,nan
4,4,11,1,2,4,-0.09604098883202036,0.0015453051637733459,0.19208197766404073,-0.0,0.19208197766404073,0.19207765184345896,4.325820581768669e-06,4.325820581768669e-06,2.2520699934351504e-05,4.325820581768669e-06,nan
4,4,11,2,3,0,-0.09520246828026527,0.0021602179675775145,-0.0,-0.004320435935155029,-0.004320435935155029,-0.004331882947545786,1.144701239075719e-05,1.144701239075719e-05,0.0026425027013350986,nan,1.144701239075719e-05
4,4,11,2,3,1,-0.10110223318049424,0.011258759725058525,-0.0,-0.02251751945011705,-0.02251751945011705,-0.02251523056376004,-2.288886357011688e-06,2.288886357011688e-06,0.00010164913422556364,nan,-2.288886357011688e-06
4,4,11,2,3,2,-0.10867744903318206,0.02515744291288505,-0.0,-0.0503148858257701,-0.0503148858257701,-0.05031505128564577,1.6545987566868314e-07,1.6545987566868314e-07,3.2884767368981436e-06,nan,1.6545987566868314e-07
4,4,11,2,3,3,-0.1138048773901487,0.037525612911023284,-0.0,-0.07505122582204657,-0.07505122582204657,-0.07505241144468658,1.1856226400097647e-06,1.1856226400097647e-06,1.5797262435512352e-05,nan,1.1856226400097647e-06
4,4,11,2,3,4,-0.11544160041922384,0.04401034563681766,-0.0,-0.08802069127363532,-0.08802069127363532,-0.08801251769613191,-8.173577503406415e-06,8.173577503406415e-06,9.285972860627411e-05,nan,-8.173577503406415e-06
4,4,12,0,1,0,-0.04656257936946532,0.062409917020296704,-0.09312515873893064,0.12481983404059341,0.03169467530166277,0.03168735831610431,7.316985558461497e-06,7.316985558461497e-06,0.00023085851136886809,nan,nan
4,4,12,0,1,1,-0.05400923949207005,0.06016738156060017,-0.1080184789841401,0.12033476312120034,0.012316284137060235,0.012320330801485743,-4.046664425508273e-06,4.046664425508273e-06,0.00032845420230277213,nan,nan
4,4,12,0,1,2,-0.06446866174067614,0.05532307210841126,-0.12893732348135228,0.11064614421682252,-0.018291179264529764,-0.01829118001287972,7.483499549210126e-10,7.483499549210126e-10,4.091315893201328e-08,nan,nan
4,4,12,0,1,3,-0.0732093333238513,0.049152741123364714,-0.1464186666477026,0.09830548224672943,-0.04811318440097316,-0.04811231987642912,-8.645245440433436e-07,8.645245440433436e-07,1.7968557991057796e-05,nan,nan
4,4,12,0,1,4,-0.07763140708865017,0.04458148085475015,-0.15526281417730034,0.0891629617095003,-0.06609985246780004,-0.06610311170823731,3.25924043727277e-06,3.25924043727277e-06,4.9305401108169414e-05,nan,nan
4,4,12,1,2,0,-0.07623149066879123,0.042013867846000134,0.15246298133758246,-0.0,0.15246298133758246,0.15244215235175537,2.0828985827087143e-05,2.0828985827087143e-05,0.00013661667668014277,2.0828985827087143e-05,nan
4,4,12,1,2,1,-0.06499335595005541,0.035379569908944676,0.12998671190011082,-0.0,0.12998671190011082,0.12999458985276094,-7.877952650114928e-06,7.877952650114928e-06,6.0602157820859564e-05,-7.877952650114928e-06,nan
4,4,12,1,2,2,-0.043575177549673806,0.023295767208160536,0.08715035509934761,-0.0,0.08715035509934761,0.08714822521217226,2.1298871753505644e-06,2.1298871753505644e-06,2.4439225438870396e-05,2.1298871753505644e-06,nan
4,4,12,1,2,3,-0.01949958927569813,0.01023073029285892,0.03899917855139626,-0.0,0.03899917855139626,0.038997523280560074,1.6552708361830537e-06,1.6552708361830537e-06,4.2443735936684016e-05,1.6552708361830537e-06,nan
4,4,12,1,2,4,-0.003742176428215334,0.001944117537412905,0.007484352856430668,-0.0,0.007484352856430668,0.0075030413575905295,-1.8688501159861218e-05,1.8688501159861218e-05,0.0024907901035297907,-1.8688501159861218e-05,nan
4,4,12,2,3,0,-0.0019500573713371486,0.00299235549364732,-0.0,-0.00598471098729464,-0.00598471098729464,-0.0059793637546391755,-5.3472326554645025e-06,5.3472326554645025e-06,0.0008934821859930271,nan,-5.3472326554645025e-06
4,4,12,2,3,1,-0.010142420148176137,0.015352282004103506,-0.0,-0.03070456400820701,-0.03070456400820701,-0.030709058817789132,4.494809582120812e-06,4.494809582120812e-06,0.00014636754609740956,nan,4.494809582120812e-06
4,4,12,2,3,2,-0.023118950341353816,0.0340790426508259,-0.0,-0.0681580853016518,-0.0681580853016518,-0.06815661043838148,-1.47486327031765e-06,1.47486327031765e-06,2.163886006759505e-05,nan,-1.47486327031765e-06
4,4,12,2,3,3,-0.03562786455539805,0.05117959788367254,-0.0,-0.10235919576734508,-0.10235919576734508,-0.10236577018143084,6.574414085760982e-06,6.574414085760982e-06,6.42247313150542e-05,nan,6.574414085760982e-06
4,4,12,2,3,4,-0.04302796692432421,0.060748054895447864,-0.0,-0.12149610979089573,-0.12149610979089573,-0.12148501347778572,-1.1096313110012246e-05,1.1096313110012246e-05,9.133060415769579e-05,nan,-1.1096313110012246e-05
4,4,13,0,1,0,-0.010697275891179489,0.0911764296418971,-0.021394551782358977,0.1823528592837942,0.16095830750143522,0.16095417583017893,4.131671256291103e-06,4.131671256291103e-06,2.566920167357166e-05,nan,nan
4,4,13,0,1,1,-0.015019202294814566,0.08970672779085871,-0.03003840458962913,0.17941345558171742,0.14937505099208828,0.1493772212243568,-2.1702322685057673e-06,2.1702322685057673e-06,1.4528535547238437e-05,nan,nan
4,4,13,0,1,2,-0.022143230743962152,0.08500102567702483,-0.044286461487924304,0.17000205135404967,0.12571558986612535,0.1257149756110043,6.142551210452929e-07,6.142551210452929e-07,4.886069593273306e-06,nan,nan
4,4,13,0,1,3,-0.029441189663124177,0.07775188963096208,-0.05888237932624835,0.15550377926192416,0.09662139993567581,0.09662052361536676,8.763203090539351e-07,8.763203090539351e-07,9.069629602110213e-06,nan,nan
4,4,13,0,1,4,-0.034037533396249875,0.0718275049331874,-0.06807506679249975,0.1436550098663748,0.07557994307387506,0.07558472408113301,-4.781007257953496e-06,4.781007257953496e-06,6.325361792445706e-05,nan,nan
4,4,13,1,2,0,-0.03305368485718032,0.06926248809703295,0.06610736971436064,-0.0,0.06610736971436064,0.06610311170823731,4.2580061233310484e-06,4.2580061233310484e-06,6.441046046347345e-05,4.2580061233310484e-06,nan
4,4,13,1,2,1,-0.024055414184194327,0.06481484274000089,0.048110828368388654,-0.0,0.048110828368388654,0.04811231987642912,-1.491508040463163e-06,1.491508040463163e-06,3.100054298553733e-05,-1.491508040463163e-06,nan
4,4,13,1,2,2,-0.009145697737536665,0.057114070853231544,0.01829139547507333,-0.0,0.01829139547507333,0.018291180012879726,2.1546219360416008e-07,2.1546219360416008e-07,1.1779428961436103e-05,2.1546219360416008e-07,nan
4,4,13,1,2,3,0.00615992208910252,0.0488741680535956,-0.01231984417820504,-0.0,-0.01231984417820504,-0.012320330801485741,4.866232807022863e-07,4.866232807022863e-07,3.9497582373648856e-05,4.866232807022863e-07,nan
4,4,13,1,2,4,0.015845253179017138,0.04346546804526034,-0.031690506358034276,-0.0,-0.031690506358034276,-0.031687358316104294,-3.1480419299817486e-06,3.1480419299817486e-06,9.933706626254797e-05,-3.1480419299817486e-06,nan
4,4,13,2,3,0,0.016820949537571097,0.045055966058766835,0.0,-0.09011193211753367,-0.09011193211753367,-0.09011728526309785,5.353145564185313e-06,5.353145564185313e-06,5.9401984298093074e-05,nan,5.353145564185313e-06
4,4,13,2,3,1,0.01138459620917924,0.05647749277091264,0.0,-0.11295498554182529,-0.11295498554182529,-0.11295449786214284,-4.876796824426766e-07,4.876796824426766e-07,4.317469300742792e-06,nan,-4.876796824426766e-07
4,4,13,2,3,2,0.003140454930220445,0.0720735165459718,0.0,-0.1441470330919436,-0.1441470330919436,-0.1441461568291336,-8.762628100067449e-07,8.762628100067449e-07,6.078951409619539e-06,nan,-8.762628100067449e-07
4,4,13,2,3,3,-0.004440881746584628,0.08442975584436262,-0.0,-0.16885951168872523,-0.16885951168872523,-0.16886227612901658,2.76444029134737e-06,2.76444029134737e-06,1.637097612752325e-05,nan,2.76444029134737e-06
4,4,13,2,3,4,-0.008751349263257083,0.0902259650592662,-0.0,-0.1804519301185324,-0.1804519301185324,-0.1804465841229921,-5.345995540279036e-06,5.345995540279036e-06,2.962559356814551e-05,nan,-5.345995540279036e-06
4,4,14,0,1,0,-0.11499319216742988,0.0812839642919141,-0.22998638433485977,0.1625679285838282,-0.06741845575103156,-0.06742763864767867,9.182896647114136e-06,9.182896647114136e-06,0.0001361889105311309,nan,nan
4,4,14,0,1,1,-0.1222053449034954,0.07944496513125689,-0.2444106898069908,0.15888993026251377,-0.08552075954447702,-0.08551665661152333,-4.102932953692351e-06,4.102932953692351e-06,4.797587130360468e-05,nan,nan
4,4,14,0,1,2,-0.1305905232196318,0.0754505578835809,-0.2611810464392636,0.1509011157671618,-0.11027993067210179,-0.11027971224728715,-2.1842481463807406e-07,2.1842481463807406e-07,1.980639752916805e-06,nan,nan
4,4,14,0,1,3,-0.13531766367996553,0.07041619292067103,-0.27063532735993107,0.14083238584134206,-0.129802941518589,-0.12980293975629473,-1.7622942827255628e-09,1.7622942827255628e-09,1.3576689881663318e-08,nan,nan
4,4,14,0,1,4,-0.13613277241066155,0.06672583718953712,-0.2722655448213231,0.13345167437907424,-0.13881387044224885,-0.1388140560692231,1.8562697423618602e-07,1.8562697423618602e-07,1.3372347116175216e-06,nan,nan
4,4,14,1,2,0,-0.13577586185971266,0.06543350654496838,0.2715517237194253,-0.0,0.2715517237194253,0.2715405944459863,1.1129273438992282e-05,1.1129273438992282e-05,4.0983991140087006e-05,1.1129273438992282e-05,nan
4,4,14,1,2,1,-0.13207493210874618,0.06276111320887802,0.26414986421749237,-0.0,0.26414986421749237,0.26415475761461965,-4.893397127281318e-06,4.893397127281318e-06,1.8524735921737162e-05,-4.893397127281318e-06,nan
4,4,14,1,2,2,-0.11904747559279459,0.05540620751993061,0.23809495118558918,-0.0,0.23809495118558918,0.23809337906910955,1.5721164796367315e-06,1.5721164796367315e-06,6.602897171100891e-06,1.5721164796367315e-06,nan
4,4,14,1,2,3,-0.09877156003776907,0.04499955854640411,0.19754312007553815,-0.0,0.19754312007553815,0.197540281544041,2.8385314971568487e-06,2.8385314971568487e-06,1.4369174163450633e-05,2.8385314971568487e-06,nan
4,4,14,1,2,4,-0.08270931076567385,0.03713304021126038,0.1654186215313477,-0.0,0.1654186215313477,0.1654378011943927,-1.9179663044988082e-05,1.9179663044988082e-05,0.00011593277296070683,-1.9179663044988082e-05,nan
4,4,14,2,3,0,-0.08055822558418445,0.03779550704001931,-0.0,-0.07559101408003863,-0.07559101408003863,-0.075584724081133,-6.289998905631422e-06,6.289998905631422e-06,8.321093429136079e-05,nan,-6.289998905631422e-06
4,4,14,2,3,1,-0.08842085074777006,0.04830858420094341,-0.0,-0.09661716840188682,-0.09661716840188682,-0.09662052361536676,3.3552134799386124e-06,3.3552134799386124e-06,3.472568098777092e-05,nan,3.3552134799386124e-06
4,4,14,2,3,2,-0.09924388327566279,0.06285789156860443,-0.0,-0.12571578313720885,-0.12571578313720885,-0.1257149756110043,-8.075262045437182e-07,8.075262045437182e-07,6.4234273882887646e-06,nan,-8.075262045437182e-07
4,4,14,2,3,3,-0.10799203891838006,0.07468680683528504,-0.0,-0.1493736136705701,-0.1493736136705701,-0.14937722122435676,3.607553786671991e-06,3.607553786671991e-06,2.415062857042731e-05,nan,3.607553786671991e-06
4,4,14,2,3,4,-0.11222245943431804,0.08047942532909017,-0.0,-0.16095885065818033,-0.16095885065818033,-0.16095417583017893,-4.6748280013997334e-06,4.6748280013997334e-06,2.9043621908853056e-05,nan,-4.6748280013997334e-06
4,4,15,0,1,0,-0.07145560305146868,0.07040709172421074,-0.14291120610293737,0.14081418344842148,-0.00209702265451589,-0.002098587880554159,1.5652260382690783e-06,1.5652260382690783e-06,0.0007458472684287877,nan,nan
4,4,15,0,1,1,-0.07610438093190357,0.07083432023160906,-0.15220876186380713,0.14166864046321812,-0.01054012140058902,-0.010539338369524427,-7.830310645925986e-07,7.830310645925986e-07,7.429051666794275e-05,nan,nan
4,4,15,0,1,2,-0.082420062218282,0.0708710049924868,-0.164840124436564,0.1417420099849736,-0.023098114451590407,-0.023097659459640322,-4.549919500849986e-07,4.549919500849986e-07,1.9698229093053542e-05,nan,nan
4,4,15,0,1,3,-0.08776934966537359,0.07020307835652548,-0.17553869933074717,0.14040615671305096,-0.035132542617696216,-0.03513189693635636,-6.456813398530992e-07,6.456813398530992e-07,1.8378440378746465e-05,nan,nan
4,4,15,0,1,4,-0.09068262840851109,0.06936555956842307,-0.18136525681702217,0.13873111913684613,-0.04263413768017604,-0.04263781021110068,3.672530924633821e-06,3.672530924633821e-06,8.61331974238603e-05,nan,nan
4,4,15,1,2,0,-0.09022702296328385,0.06865942893613741,0.1804540459265677,-0.0,0.1804540459265677,0.18044658412299214,7.461803575553594e-06,7.461803575553594e-06,4.1350159467136757e-05,7.461803575553594e-06,nan
4,4,15,1,2,1,-0.0844300221843171,0.06605607390599143,0.1688600443686342,-0.0,0.1688600443686342,0.1688622761290166,-2.2317603824151266e-06,2.2317603824151266e-06,1.321645327527141e-05,-2.2317603824151266e-06,nan
4,4,15,1,2,2,-0.07207314475810893,0.060028015903591664,0.14414628951621786,-0.0,0.14414628951621786,0.1441461568291336,1.3268708426439346e-07,1.3268708426439346e-07,9.205029467613517e-07,1.3268708426439346e-07,nan
4,4,15,1,2,3,-0.05647829708107983,0.05202758260640417,0.11295659416215965,-0.0,0.11295659416215965,0.11295449786214282,2.0963000168378043e-06,2.0963000168378043e-06,1.855845630250122e-05,2.0963000168378043e-06,nan
4,4,15,1,2,4,-0.04505378149124254,0.04598791157731489,0.09010756298248508,-0.0,0.09010756298248508,0.09011728526309784,-9.722280612758927e-06,9.722280612758927e-06,0.00010788474801892536,-9.722280612758927e-06,nan
4,4,15,2,3,0,-0.04371312359072734,0.04595845929247684,-0.0,-0.09191691858495368,-0.09191691858495368,-0.09191193799477788,-4.980590175798771e-06,4.980590175798771e-06,5.4185782688042244e-05,nan,-4.980590175798771e-06
4,4,15,2,3,1,-0.04975109453533583,0.05179545454369645,-0.0,-0.1035909090873929,-0.1035909090873929,-0.10359210815161526,1.1990642223708159e-06,1.1990642223708159e-06,1.157486070865447e-05,nan,1.1990642223708159e-06
4,4,15,2,3,2,-0.05808805539117853,0.05961808572837782,-0.0,-0.11923617145675564,-0.11923617145675564,-0.11923653143067807,3.599739224341425e-07,3.599739224341425e-07,3.018990221494532e-06,nan,3.599739224341425e-07
4,4,15,2,3,3,-0.06530493975304043,0.06608735353441778,-0.0,-0.13217470706883555,-0.13217470706883555,-0.13217548958022654,7.825113909898374e-07,7.825113909898374e-07,5.920245829805506e-06,nan,7.825113909898374e-07
4,4,15,2,3,4,-0.06934868683878881,0.06951559803471048,-0.0,-0.13903119606942096,-0.13903119606942096,-0.13902977047017123,-1.425599249732512e-06,1.425599249732512e-06,1.025380842599299e-05,nan,-1.425599249732512e-06
4,4,16,0,1,0,-0.07276306036007923,0.021256086631775757,-0.14552612072015847,0.042512173263551514,-0.10301394745660696,-0.10302147081451134,7.5233579043820775e-06,7.5233579043820775e-06,7.302708692567372e-05,nan,nan
4,4,16,0,1,1,-0.07787886906506622,0.01740737982137706,-0.15575773813013244,0.03481475964275412,-0.12094297848737831,-0.12094132332883911,-1.6551585391988421e-06,1.6551585391988421e-06,1.368544548761527e-05,nan,nan
4,4,16,0,1,2,-0.08401844772883514,0.011945302970726253,-0.16803689545767028,0.023890605941452505,-0.14414628951621777,-0.14414615682913362,-1.3268708415337116e-07,1.3268708415337116e-07,9.205029459911464e-07,nan,nan
4,4,16,0,1,3,-0.08780891070610695,0.00737208068439918,-0.1756178214122139,0.01474416136879836,-0.16087366004341555,-0.16087545066232037,1.7906189048177978e-06,1.7906189048177978e-06,1.1130467062848077e-05,nan,nan
4,4,16,0,1,4,-0.08881159223623698,0.005037761510014105,-0.17762318447247397,0.01007552302002821,-0.16754766145244576,-0.16754239857157863,-5.262880867135111e-06,5.262880867135111e-06,3.141124633738233e-05,nan,nan
4,4,16,1,2,0,-0.08859265189375004,0.0043343034409633885,0.17718530378750008,-0.0,0.17718530378750008,0.17718755841697925,-2.2546294791703225e-06,2.2546294791703225e-06,1.2724536075295168e-05,-2.2546294791703225e-06,nan
4,4,16,1,2,1,-0.08692806874739377,0.0034317995618496143,0.17385613749478754,-0.0,0.17385613749478754,0.17385590202432802,2.3547045951977097e-07,2.3547045951977097e-07,1.354398314105136e-06,2.3547045951977097e-07,nan
4,4,16,1,2,2,-0.08271615215343418,0.0021221362483114657,0.16543230430686837,-0.0,0.16543230430686837,0.16543185034995872,4.539569096462248e-07,4.539569096462248e-07,2.744064477299175e-06,4.539569096462248e-07,nan
4,4,16,1,2,3,-0.07662738524183779,0.0009075942203060795,0.15325477048367558,-0.0,0.15325477048367558,0.1532541663192754,6.041644001752999e-07,6.041644001752999e-07,3.942222472217623e-06,6.041644001752999e-07,nan
4,4,16,1,2,4,-0.07161279686813471,0.00017266051632066815,0.14322559373626942,-0.0,0.14322559373626942,0.14322694623127952,-1.3524950100984867e-06,1.3524950100984867e-06,9.44302064441498e-06,-1.3524950100984867e-06,nan
4,4,16,2,3,0,-0.07041284104460965,0.0010486875061662905,-0.0,-0.002097375012332581,-0.002097375012332581,-0.002098587880554159,1.2128682215779667e-06,1.2128682215779667e-06,0.0005779449280235494,nan,1.2128682215779667e-06
4,4,16,2,3,1,-0.07095950067053784,0.0052699710071255085,-0.0,-0.010539942014251017,-0.010539942014251017,-0.010539338369524427,-6.036447265898859e-07,6.036447265898859e-07,5.727211077382589e-05,nan,-6.036447265898859e-07
4,4,16,2,3,2,-0.07146311090359898,0.01154900919926113,-0.0,-0.02309801839852226,-0.02309801839852226,-0.023097659459640322,-3.589388819363881e-07,3.589388819363881e-07,1.5539812798804937e-05,nan,-3.589388819363881e-07
4,4,16,2,3,3,-0.07159051791001443,0.017566342894849204,-0.0,-0.03513268578969841,-0.03513268578969841,-0.03513189693635636,-7.888533420444266e-07,7.888533420444266e-07,2.245354501976999e-05,nan,-7.888533420444266e-07
4,4,16,2,3,4,-0.07145452730763698,0.021317123761185143,-0.0,-0.042634247522370286,-0.042634247522370286,-0.04263781021110068,3.562688730390784e-06,3.562688730390784e-06,8.355702867365464e-05,nan,3.562688730390784e-06
4,4,17,0,1,0,-0.07099274229633733,0.12924085934652366,-0.14198548459267465,0.2584817186930473,0.11649623410037266,0.11649292776232598,3.3063380466824555e-06,3.3063380466824555e-06,2.8381501532776834e-05,nan,nan
4,4,17,0,1,1,-0.07396522704723524,0.13022715246678965,-0.14793045409447048,0.2604543049335793,0.11252385083910882,0.11252600228667359,-2.151447564768816e-06,2.151447564768816e-06,1.9119559222300843e-05,nan,nan
4,4,17,0,1,2,-0.07822655290552709,0.12927745230659854,-0.15645310581105418,0.2585549046131971,0.1021017988021429,0.10210116375354923,6.350485936695849e-07,6.350485936695849e-07,6.2197591141387074e-06,nan,nan
4,4,17,0,1,3,-0.08193534064872944,0.12556768004832877,-0.16387068129745888,0.25113536009665755,0.08726467879919866,0.08726448334808543,1.954511132384873e-07,1.954511132384873e-07,2.239750560341054e-06,nan,nan
4,4,17,0,1,4,-0.08389162208392549,0.12169804778577807,-0.16778324416785098,0.24339609557155614,0.07561285140370516,0.07561542557068163,-2.5741669764656194e-06,2.5741669764656194e-06,3.404288155542302e-05,nan,nan
4,4,17,1,2,0,-0.08377248381814228,0.12045286306550536,0.16754496763628457,-0.0,0.16754496763628457,0.1675423985715787,2.5690647058596028e-06,2.5690647058596028e-06,1.5333583229050864e-05,2.5690647058596028e-06,nan
4,4,17,1,2,1,-0.0804369241106533,0.11903669013012569,0.1608738482213066,-0.0,0.1608738482213066,0.1608754506623204,-1.6024410137982503e-06,1.6024410137982503e-06,9.960755399292055e-06,-1.6024410137982503e-06,nan
4,4,17,1,2,2,-0.07207351654597179,0.11439118672681818,0.14414703309194357,-0.0,0.14414703309194357,0.14414615682913362,8.762628099512337e-07,8.762628099512337e-07,6.078951409234439e-06,8.762628099512337e-07,nan
4,4,17,1,2,3,-0.060470324504621926,0.10720404390807119,0.12094064900924385,-0.0,0.12094064900924385,0.12094132332883908,-6.74319595231343e-07,6.74319595231343e-07,5.5755929956039105e-06,-6.74319595231343e-07,nan
4,4,17,1,2,4,-0.05150944729989082,0.10133404550580109,0.10301889459978164,-0.0,0.10301889459978164,0.1030214708145113,-2.5762147296548576e-06,2.5762147296548576e-06,2.5006580757260744e-05,-2.5762147296548576e-06,nan
4,4,17,2,3,0,-0.05075027560323196,0.10244032627355308,-0.0,-0.20488065254710616,-0.20488065254710616,-0.2048822430847563,1.5905376501423873e-06,1.5905376501423873e-06,7.763179601096074e-06,nan,1.5905376501423873e-06
4,4,17,2,3,1,-0.05664555519572487,0.11215994280654101,-0.0,-0.22431988561308203,-0.22431988561308203,-0.22432137377095646,1.4881578744296853e-06,1.4881578744296853e-06,6.634044047666943e-06,nan,1.4881578744296853e-06
4,4,17,2,3,2,-0.06388854362472925,0.12305439207167078,-0.0,-0.24610878414334156,-0.24610878414334156,-0.2461073193774333,-1.4647659082600573e-06,1.4647659082600573e-06,5.951701046992826e-06,nan,-1.4647659082600573e-06
4,4,17,2,3,3,-0.06860150532372766,0.1286280395715866,-0.0,-0.2572560791431732,-0.2572560791431732,-0.2572588457784695,2.766635296302944e-06,2.766635296302944e-06,1.0754286360614966e-05,nan,2.766635296302944e-06
4,4,17,2,3,4,-0.07009725073388305,0.1290917734443042,-0.0,-0.2581835468886084,-0.2581835468886084,-0.2581807635516964,-2.783336912004497e-06,2.783336912004497e-06,1.078045811031231e-05,nan,-2.783336912004497e-06
4,4,18,0,1,0,-0.13861852086710116,0.058069428069004864,-0.2772370417342023,0.11613885613800973,-0.1610981855961926,-0.16110591824684692,7.732650654318496e-06,7.732650654318496e-06,4.799730971068678e-05,nan,nan
4,4,18,0,1,1,-0.14361547494680052,0.05610267463409003,-0.28723094989360104,0.11220534926818006,-0.175025600625421,-0.175025050980281,-5.496451399855662e-07,5.496451399855662e-07,3.1403699688589146e-06,nan,nan
4,4,18,0,1,2,-0.147161274193161,0.053271241513251515,-0.294322548386322,0.10654248302650303,-0.18778006535981895,-0.1877783277834638,-1.7375763551596979e-06,1.7375763551596979e-06,9.253252478266009e-06,nan,nan
4,4,18,0,1,3,-0.14559308337899363,0.051043764181270664,-0.29118616675798725,0.10208752836254133,-0.18909863839544594,-0.1891023461699331,3.707774487160531e-06,3.707774487160531e-06,1.960723683369117e-05,nan,nan
4,4,18,0,1,4,-0.1417736100971503,0.05000809387425535,-0.2835472201943006,0.1000161877485107,-0.18353103244578992,-0.18352807674985439,-2.955695935530356e-06,2.955695935530356e-06,1.6104611280947207e-05,nan,nan
4,4,18,1,2,0,-0.14180507009043197,0.04983345215015704,0.28361014018086395,-0.0,0.28361014018086395,0.28360747589308544,2.6642877785088004e-06,2.6642877785088004e-06,9.394190831151982e-06,2.6642877785088004e-06,nan
4,4,18,1,2,1,-0.1451557512935125,0.04925357811160921,0.290311502587025,-0.0,0.290311502587025,0.2903149383303786,-3.435743353596976e-06,3.435743353596976e-06,1.1834538633651355e-05,-3.435743353596976e-06,nan
4,4,18,1,2,2,-0.14435898587514678,0.04642403947690733,0.28871797175029357,-0.0,0.28871797175029357,0.2887160349329558,1.936817337788721e-06,1.936817337788721e-06,6.70833660283481e-06,1.936817337788721e-06,nan
4,4,18,1,2,3,-0.13669934403514492,0.041538045878935205,0.27339868807028983,-0.0,0.27339868807028983,0.27339908340447744,-3.953341876083982e-07,3.953341876083982e-07,1.4459967556786765e-06,-3.953341876083982e-07,nan
4,4,18,1,2,4,-0.12816810353228378,0.03739582399598659,0.25633620706456756,-0.0,0.25633620706456756,0.2563402907731431,-4.083708575519651e-06,4.083708575519651e-06,1.593081042079985e-05,-4.083708575519651e-06,nan
4,4,18,2,3,0,-0.12677747285686455,0.03780736547166808,-0.0,-0.07561473094333616,-0.07561473094333616,-0.07561542557068167,6.946273455044061e-07,6.946273455044061e-07,9.186318006702241e-06,nan,6.946273455044061e-07
4,4,18,2,3,1,-0.1307417335855788,0.043632116177674714,-0.0,-0.08726423235534943,-0.08726423235534943,-0.08726448334808545,2.5099273602557925e-07,2.5099273602557925e-07,2.876230127031239e-06,nan,2.5099273602557925e-07
4,4,18,2,3,2,-0.13509038915388358,0.05105089145800312,-0.0,-0.10210178291600625,-0.10210178291600625,-0.10210116375354926,-6.19162456985678e-07,6.19162456985678e-07,6.0641689038381466e-06,nan,-6.19162456985678e-07
4,4,18,2,3,3,-0.13721829589721016,0.05626300720903462,-0.0,-0.11252601441806924,-0.11252601441806924,-0.11252600228667359,-1.2131395651926447e-08,1.2131395651926447e-08,1.0780969818103152e-07,nan,-1.2131395651926447e-08
4,4,18,2,3,4,-0.13725840221241223,0.05824548179200103,-0.0,-0.11649096358400206,-0.11649096358400206,-0.11649292776232598,1.964178323918264e-06,1.964178323918264e-06,1.6860923333695138e-05,nan,1.964178323918264e-06
4,4,19,0,1,0,-0.08794695167369991,0.16850448329570014,-0.17589390334739982,0.3370089665914003,0.16111506324400046,0.16110591824684697,9.144997153487378e-06,9.144997153487378e-06,5.6760658931298995e-05,nan,nan
4,4,19,0,1,1,-0.08871717386894684,0.17622553270151492,-0.17743434773789368,0.35245106540302984,0.17501671766513616,0.175025050980281,-8.333315144853914e-06,8.333315144853914e-06,4.761212808212681e-05,nan,nan
4,4,19,0,1,2,-0.0896946515187731,0.18358540823672115,-0.1793893030375462,0.3671708164734423,0.1877815134358961,0.18777832778346376,3.1856524323470303e-06,3.1856524323470303e-06,1.696467545744077e-05,nan,nan
4,4,19,0,1,3,-0.09043547967334217,0.1849855568108304,-0.18087095934668435,0.3699711136216608,0.18910015427497645,0.1891023461699331,-2.1918949566490653e-06,2.1918949566490653e-06,1.1591051095047557e-05,nan,nan
4,4,19,0,1,4,-0.09068163813672452,0.18244449975389018,-0.18136327627344903,0.36488899950778036,0.18352572323433133,0.1835280767498543,-2.3535155229681415e-06,2.3535155229681415e-06,1.2823735553966186e-05,nan,nan
4,4,19,1,2,0,-0.09176286161716564,0.18244449975389018,0.18352572323433128,-0.0,0.18352572323433128,0.1835280767498544,-2.353515523134675e-06,2.353515523134675e-06,1.2823735554873579e-05,-2.353515523134675e-06,nan
4,4,19,1,2,1,-0.09455007713748821,0.18498555681083037,0.18910015427497642,-0.0,0.18910015427497642,0.18910234616993313,-2.1918949567045765e-06,2.1918949567045765e-06,1.1591051095341106e-05,-2.1918949567045765e-06,nan
4,4,19,1,2,2,-0.09389075671794807,0.18358540823672123,0.18778151343589614,-0.0,0.18778151343589614,0.18777832778346376,3.185652432374786e-06,3.185652432374786e-06,1.6964675457588572e-05,3.185652432374786e-06,nan
4,4,19,1,2,3,-0.08750835883256812,0.176225532701515,0.17501671766513624,-0.0,0.17501671766513624,0.17502505098028098,-8.333315144742892e-06,8.333315144742892e-06,4.76121280814925e-05,-8.333315144742892e-06,nan
4,4,19,1,2,4,-0.08055753162200016,0.1685044832957001,0.16111506324400032,-0.0,0.16111506324400032,0.16110591824684695,9.144997153376355e-06,9.144997153376355e-06,5.676065893060996e-05,9.144997153376355e-06,nan
4,4,19,2,3,0,-0.08076839939602422,0.1700490820285364,-0.0,-0.3400981640570728,-0.3400981640570728,-0.34010443905178495,6.2749947121187866e-06,6.2749947121187866e-06,1.8450199384675905e-05,nan,6.2749947121187866e-06
4,4,19,2,3,1,-0.08838382221130528,0.18218929584809826,-0.0,-0.3643785916961965,-0.3643785916961965,-0.36438842055556525,9.828859368732346e-06,9.828859368732346e-06,2.6973577683250097e-05,nan,9.828859368732346e-06
4,4,19,2,3,2,-0.09472477748370516,0.18944955496741028,-0.0,-0.37889910993482057,-0.37889910993482057,-0.3788903300397933,-8.77989502728882e-06,8.77989502728882e-06,2.3172118374200366e-05,nan,-8.77989502728882e-06
4,4,19,2,3,3,-0.09380547363679294,0.18218929584809812,-0.0,-0.36437859169619624,-0.36437859169619624,-0.3643884205555652,9.82885936895439e-06,9.82885936895439e-06,2.6973577683859462e-05,nan,9.82885936895439e-06
4,4,19,2,3,4,-0.08928068263251221,0.1700490820285365,-0.0,-0.340098164057073,-0.340098164057073,-0.34010443905178495,6.274994711952253e-06,6.274994711952253e-06,1.8450199384186253e-05,nan,6.274994711952253e-06
4,4,20,0,1,0,-0.1372584022124122,0.07901292042041116,-0.2745168044248244,0.15802584084082233,-0.11649096358400207,-0.11649292776232595,1.964178323876631e-06,1.964178323876631e-06,1.6860923333337754e-05,nan,nan
4,4,20,0,1,1,-0.13721829589721016,0.08095528868817548,-0.2744365917944203,0.16191057737635095,-0.11252601441806936,-0.11252600228667359,-1.2131395776826537e-08,1.2131395776826537e-08,1.0780969929099776e-07,nan,nan
4,4,20,0,1,2,-0.13509038915388374,0.08403949769588048,-0.2701807783077675,0.16807899539176097,-0.10210178291600652,-0.10210116375354926,-6.191624572632337e-07,6.191624572632337e-07,6.064168906556552e-06,nan,nan
4,4,20,0,1,3,-0.1307417335855788,0.08710961740790409,-0.2614834671711576,0.17421923481580817,-0.08726423235534944,-0.08726448334808541,2.509927359700681e-07,2.509927359700681e-07,2.876230126395115e-06,nan,nan
4,4,20,0,1,4,-0.12677747285686453,0.08897010738519649,-0.25355494571372905,0.17794021477039298,-0.07561473094333607,-0.07561542557068165,6.946273455876728e-07,6.946273455876728e-07,9.18631800780343e-06,nan,nan
4,4,20,1,2,0,-0.12816810353228375,0.09077227953629718,0.2563362070645675,-0.0,0.2563362070645675,0.2563402907731431,-4.083708575575162e-06,4.083708575575162e-06,1.5930810421016402e-05,-4.083708575575162e-06,nan
4,4,20,1,2,1,-0.13669934403514494,0.09516129815620969,0.2733986880702899,-0.0,0.2733986880702899,0.2733990834044775,-3.953341876083982e-07,3.953341876083982e-07,1.445996755678676e-06,-3.953341876083982e-07,nan
4,4,20,1,2,2,-0.14435898587514673,0.09793494639823941,0.28871797175029346,-0.0,0.28871797175029346,0.2887160349329558,1.9368173376776987e-06,1.9368173376776987e-06,6.708336602450277e-06,1.9368173376776987e-06,nan
4,4,20,1,2,3,-0.14515575129351246,0.09590217318190326,0.2903115025870249,-0.0,0.2903115025870249,0.2903149383303786,-3.4357433536524873e-06,3.4357433536524873e-06,1.1834538633842566e-05,-3.4357433536524873e-06,nan
4,4,20,1,2,4,-0.14180507009043192,0.09197161794027488,0.28361014018086383,-0.0,0.28361014018086383,0.2836074758930854,2.6642877784532892e-06,2.6642877784532892e-06,9.394190830956255e-06,2.6642877784532892e-06,nan
4,4,20,2,3,0,-0.14177361009715037,0.091765516222895,-0.0,-0.18353103244579,-0.18353103244579,-0.18352807674985439,-2.9556959356136225e-06,2.9556959356136225e-06,1.610461128140089e-05,nan,-2.9556959356136225e-06
4,4,20,2,3,1,-0.1455930833789936,0.09454931919772294,-0.0,-0.18909863839544588,-0.18909863839544588,-0.1891023461699331,3.7077744872160423e-06,3.7077744872160423e-06,1.9607236833984723e-05,nan,3.7077744872160423e-06
4,4,20,2,3,2,-0.1471612741931609,0.09389003267990946,-0.0,-0.18778006535981892,-0.18778006535981892,-0.1877783277834638,-1.7375763551319423e-06,1.7375763551319423e-06,9.253252478118202e-06,nan,-1.7375763551319423e-06
4,4,20,2,3,3,-0.1436154749468006,0.08751280031271051,-0.0,-0.17502560062542102,-0.17502560062542102,-0.17502505098028098,-5.496451400410773e-07,5.496451400410773e-07,3.1403699691760743e-06,nan,-5.496451400410773e-07
4,4,20,2,3,4,-0.1386185208671013,0.08054909279809642,-0.0,-0.16109818559619285,-0.16109818559619285,-0.16110591824684695,7.732650654096451e-06,7.732650654096451e-06,4.799730970930852e-05,nan,7.732650654096451e-06
4,4,21,0,1,0,-0.04982459820591029,0.10133404550580108,-0.09964919641182057,0.20266809101160216,0.10301889459978159,0.10302147081451127,-2.5762147296826132e-06,2.5762147296826132e-06,2.5006580757530168e-05,nan,nan
4,4,21,0,1,1,-0.046733719403449184,0.1072040439080711,-0.09346743880689837,0.2144080878161422,0.12094064900924384,0.12094132332883908,-6.743195952452208e-07,6.743195952452208e-07,5.575592995718658e-06,nan,nan
4,4,21,0,1,2,-0.04231767018084633,0.11439118672681813,-0.08463534036169267,0.22878237345363625,0.1441470330919436,0.14414615682913362,8.762628099789893e-07,8.762628099789893e-07,6.0789514094269884e-06,nan,nan
4,4,21,0,1,3,-0.038599766019472403,0.11903669013012569,-0.07719953203894481,0.23807338026025138,0.16087384822130657,0.1608754506623203,-1.6024410137427392e-06,1.6024410137427392e-06,9.960755398947002e-06,nan,nan
4,4,21,0,1,4,-0.03668037924736307,0.12045286306550525,-0.07336075849472613,0.2409057261310105,0.16754496763628435,0.16754239857157863,2.569064705720825e-06,2.569064705720825e-06,1.533358322822258e-05,nan,nan
4,4,21,1,2,0,-0.0378064257018526,0.12169804778577806,0.0756128514037052,-0.0,0.0756128514037052,0.07561542557068165,-2.5741669764517416e-06,2.5741669764517416e-06,3.404288155523947e-05,-2.5741669764517416e-06,nan
4,4,21,1,2,1,-0.04363233939959934,0.12556768004832877,0.08726467879919868,-0.0,0.08726467879919868,0.08726448334808544,1.954511132384873e-07,1.954511132384873e-07,2.2397505603410535e-06,1.954511132384873e-07,nan
4,4,21,1,2,2,-0.05105089940107146,0.1292774523065985,0.10210179880214292,-0.0,0.10210179880214292,0.10210116375354925,6.350485936695849e-07,6.350485936695849e-07,6.219759114138707e-06,6.350485936695849e-07,nan
4,4,21,1,2,3,-0.05626192541955446,0.1302271524667897,0.11252385083910892,-0.0,0.11252385083910892,0.11252600228667359,-2.1514475646716713e-06,2.1514475646716713e-06,1.9119559221437537e-05,-2.1514475646716713e-06,nan
4,4,21,1,2,4,-0.05824811705018627,0.12924085934652355,0.11649623410037253,-0.0,0.11649623410037253,0.11649292776232595,3.306338046585311e-06,3.306338046585311e-06,2.8381501531942978e-05,3.306338046585311e-06,nan
4,4,21,2,3,0,-0.058994522710421084,0.12909177344430411,-0.0,-0.25818354688860823,-0.25818354688860823,-0.2581807635516962,-2.783336912004497e-06,2.783336912004497e-06,1.0780458110312317e-05,nan,-2.783336912004497e-06
4,4,21,2,3,1,-0.06002653424785901,0.12862803957158672,-0.0,-0.25725607914317344,-0.25725607914317344,-0.25725884577846947,2.766635296025388e-06,2.766635296025388e-06,1.0754286359536072e-05,nan,2.766635296025388e-06
4,4,21,2,3,2,-0.05916584844694145,0.12305439207167072,-0.0,-0.24610878414334145,-0.24610878414334145,-0.2461073193774333,-1.464765908149035e-06,1.464765908149035e-06,5.951701046541717e-06,nan,-1.464765908149035e-06
4,4,21,2,3,3,-0.05551438761081611,0.11215994280654097,-0.0,-0.22431988561308194,-0.22431988561308194,-0.22432137377095646,1.488157874512952e-06,1.488157874512952e-06,6.634044048038138e-06,nan,1.488157874512952e-06
4,4,21,2,3,4,-0.05169005067032118,0.10244032627355311,-0.0,-0.20488065254710622,-0.20488065254710622,-0.2048822430847563,1.5905376500868762e-06,1.5905376500868762e-06,7.763179600825133e-06,nan,1.5905376500868762e-06
4,4,22,0,1,0,-0.07145452730763693,0.05013740354645181,-0.14290905461527387,0.10027480709290362,-0.042634247522370244,-0.04263781021110068,3.5626887304324173e-06,3.5626887304324173e-06,8.355702867463108e-05,nan,nan
4,4,22,0,1,1,-0.0715905179100144,0.054024175015165224,-0.1431810358200288,0.10804835003033045,-0.03513268578969836,-0.03513189693635638,-7.888533419819765e-07,7.888533419819765e-07,2.245354501799247e-05,nan,nan
4,4,22,0,1,2,-0.07146311090359897,0.05991410170433787,-0.14292622180719794,0.11982820340867574,-0.0230980183985222,-0.023097659459640322,-3.589388818774075e-07,3.589388818774075e-07,1.5539812796251485e-05,nan,nan
4,4,22,0,1,3,-0.07095950067053784,0.06568952966341231,-0.14191900134107568,0.13137905932682462,-0.01053994201425107,-0.010539338369524427,-6.036447266419276e-07,6.036447266419276e-07,5.727211077876318e-05,nan,nan
4,4,22,0,1,4,-0.07041284104460964,0.06936415353844338,-0.14082568208921928,0.13872830707688677,-0.0020973750123325086,-0.0020985878805541607,1.212868221652126e-06,1.212868221652126e-06,0.0005779449280588868,nan,nan
4,4,22,1,2,0,-0.0716127968681347,0.07144013635181405,0.1432255937362694,-0.0,0.1432255937362694,0.14322694623127954,-1.3524950101539979e-06,1.3524950101539979e-06,9.443020644802553e-06,-1.3524950101539979e-06,nan
4,4,22,1,2,1,-0.0766273852418378,0.07571979102153173,0.1532547704836756,-0.0,0.1532547704836756,0.1532541663192754,6.041644002030555e-07,6.041644002030555e-07,3.942222472398729e-06,6.041644002030555e-07,nan
4,4,22,1,2,2,-0.08271615215343417,0.0805940159051227,0.16543230430686834,-0.0,0.16543230430686834,0.16543185034995872,4.5395690961846924e-07,4.5395690961846924e-07,2.7440644771313997e-06,4.5395690961846924e-07,nan
4,4,22,1,2,3,-0.08692806874739371,0.08349626918554412,0.17385613749478743,-0.0,0.17385613749478743,0.17385590202432796,2.3547045946425982e-07,2.3547045946425982e-07,1.3543983137858433e-06,2.3547045946425982e-07,nan
4,4,22,1,2,4,-0.08859265189375005,0.08425834845278665,0.1771853037875001,-0.0,0.1771853037875001,0.17718755841697925,-2.254629479142567e-06,2.254629479142567e-06,1.2724536075138522e-05,-2.254629479142567e-06,nan
4,4,22,2,3,0,-0.08881159223623702,0.08377383072622295,-0.0,-0.1675476614524459,-0.1675476614524459,-0.16754239857157865,-5.2628808672461336e-06,5.2628808672461336e-06,3.1411246338044934e-05,nan,-5.2628808672461336e-06
4,4,22,2,3,1,-0.08780891070610694,0.08043683002170778,-0.0,-0.16087366004341555,-0.16087366004341555,-0.16087545066232042,1.790618904873309e-06,1.790618904873309e-06,1.1130467063193131e-05,nan,1.790618904873309e-06
4,4,22,2,3,2,-0.0840184477288351,0.07207314475810886,-0.0,-0.14414628951621772,-0.14414628951621772,-0.1441461568291336,-1.3268708412561558e-07,1.3268708412561558e-07,9.205029457985953e-07,nan,-1.3268708412561558e-07
4,4,22,2,3,3,-0.0778788690650662,0.06047148924368914,-0.0,-0.12094297848737828,-0.12094297848737828,-0.12094132332883906,-1.6551585392265977e-06,1.6551585392265977e-06,1.3685445487844766e-05,nan,-1.6551585392265977e-06
4,4,22,2,3,4,-0.07276306036007922,0.05150697372830345,-0.0,-0.1030139474566069,-0.1030139474566069,-0.10302147081451131,7.523357904409833e-06,7.523357904409833e-06,7.302708692594316e-05,nan,7.523357904409833e-06
4,4,23,0,1,0,-0.11723965931002614,0.06948713724499321,-0.23447931862005228,0.13897427448998642,-0.09550504413006586,-0.09551555905372246,1.0514923656598785e-05,1.0514923656598785e-05,0.00011008597720382598,nan,nan
4,4,23,0,1,1,-0.12307373637298781,0.0660485341862665,-0.24614747274597562,0.132097068372533,-0.11405040437344263,-0.11404993472524665,-4.696481959859389e-07,4.696481959859389e-07,4.117900314041319e-06,nan,nan
4,4,23,0,1,2,-0.12895685937469537,0.06022423891213653,-0.25791371874939073,0.12044847782427306,-0.13746524092511767,-0.137463276497818,-1.9644272996610646e-06,1.9644272996610646e-06,1.4290356503511748e-05,nan,nan
4,4,23,0,1,3,-0.13071601922160492,0.054463903546491,-0.26143203844320984,0.108927807092982,-0.15250423135022784,-0.15250982041652095,5.589066293110179e-06,5.589066293110179e-06,3.664725509377579e-05,nan,nan
4,4,23,0,1,4,-0.1294200911030563,0.051028382466687595,-0.2588401822061126,0.10205676493337519,-0.15678341727273742,-0.1567740352993011,-9.38197343633429e-06,9.38197343633429e-06,5.9840342808790736e-05,nan,nan
4,4,23,1,2,0,-0.12909091506592038,0.04991420281349686,0.25818183013184076,-0.0,0.25818183013184076,0.2581807635516962,1.0665801445375322e-06,1.0665801445375322e-06,4.131120086928202e-06,1.0665801445375322e-06,nan
4,4,23,1,2,1,-0.12862818361046463,0.047953288227018824,0.25725636722092926,-0.0,0.25725636722092926,0.25725884577846947,-2.478557540208648e-06,2.478557540208648e-06,9.634489079310343e-06,-2.478557540208648e-06,nan
4,4,23,1,2,2,-0.12305437265887256,0.04338132533841404,0.24610874531774513,-0.0,0.24610874531774513,0.2461073193774333,1.4259403118277447e-06,1.4259403118277447e-06,5.793944095675053e-06,1.4259403118277447e-06,nan
4,4,23,1,2,3,-0.11216078094442958,0.03726911994188356,0.22432156188885916,-0.0,0.22432156188885916,0.2243213737709565,1.8811790264416928e-07,1.8811790264416928e-07,8.386082062738709e-07,1.8811790264416928e-07,nan
4,4,23,1,2,4,-0.10243945314992682,0.03262452173134014,0.20487890629985364,-0.0,0.20487890629985364,0.20488224308475633,-3.33678490269107e-06,3.33678490269107e-06,1.6286354798012916e-05,-3.33678490269107e-06,nan
4,4,23,2,3,0,-0.100959700316777,0.03371082076132015,-0.0,-0.0674216415226403,-0.0674216415226403,-0.06742763864767867,5.997125038376128e-06,5.997125038376128e-06,8.894164408918672e-05,nan,5.997125038376128e-06
4,4,23,2,3,1,-0.10543127768191773,0.042759366379233846,-0.0,-0.08551873275846769,-0.08551873275846769,-0.08551665661152333,-2.0761469443630887e-06,2.0761469443630887e-06,2.4277101371775386e-05,nan,-2.0761469443630887e-06
4,4,23,2,3,2,-0.11091450505101606,0.05513997788826983,-0.0,-0.11027995577653966,-0.11027995577653966,-0.11027971224728715,-2.4352925251380775e-07,2.4352925251380775e-07,2.208282101665612e-06,nan,-2.4352925251380775e-07
4,4,23,2,3,3,-0.11445990917635286,0.06490199853011447,-0.0,-0.12980399706022894,-0.12980399706022894,-0.12980293975629473,-1.0573039342098856e-06,1.0573039342098856e-06,8.145388109422375e-06,nan,-1.0573039342098856e-06
4,4,23,2,3,4,-0.11551699121738407,0.06940577937566009,-0.0,-0.13881155875132017,-0.13881155875132017,-0.1388140560692231,2.497317902916407e-06,2.497317902916407e-06,1.7990382052312176e-05,nan,2.497317902916407e-06
4,4,24,0,1,0,-0.06677821523011712,0.15881260201069422,-0.13355643046023424,0.31762520402138844,0.1840687735611542,0.1840611189887562,7.654572397985948e-06,7.654572397985948e-06,4.158539359987003e-05,nan,nan
4,4,24,0,1,1,-0.06857873025008376,0.16413047192178346,-0.13715746050016753,0.3282609438435669,0.19110348334339938,0.1911129367062851,-9.453362885714078e-06,9.453362885714078e-06,4.946479839950671e-05,nan,nan
4,4,24,0,1,2,-0.07195734160663693,0.16668211909034208,-0.14391468321327386,0.33336423818068417,0.1894495549674103,0.1894451650198967,4.389947513616654e-06,4.389947513616654e-06,2.3172118374053856e-05,nan,nan
4,4,24,0,1,3,-0.07574664971047833,0.16238420388687677,-0.15149329942095666,0.32476840777375354,0.17327510835279689,0.17327548384928018,-3.7549648329582297e-07,3.7549648329582297e-07,2.1670491113586512e-06,nan,nan
4,4,24,0,1,4,-0.07804420261467003,0.15605889786262922,-0.15608840522934006,0.31211779572525844,0.15602939049591838,0.1560433200630288,-1.3929567110410046e-05,1.3929567110410046e-05,8.926730798078146e-05,nan,nan
4,4,24,1,2,0,-0.07838588771936592,0.15446068549368272,0.15677177543873183,-0.0,0.15677177543873183,0.15677403529930117,-2.2598605693424645e-06,2.2598605693424645e-06,1.441476303794891e-05,-2.2598605693424645e-06,nan
4,4,24,1,2,1,-0.07625445906112299,0.1545574475078422,0.15250891812224598,-0.0,0.15250891812224598,0.15250982041652095,-9.022942749625784e-07,9.022942749625784e-07,5.916302782983512e-06,-9.022942749625784e-07,nan
4,4,24,1,2,2,-0.06873255277343336,0.15116442343005138,0.13746510554686672,-0.0,0.13746510554686672,0.13746327649781795,1.8290490487737898e-06,1.8290490487737898e-06,1.3305551554319378e-05,1.8290490487737898e-06,nan
4,4,24,1,2,3,-0.057024460019163434,0.14408372515163348,0.11404892003832687,-0.0,0.11404892003832687,0.11404993472524662,-1.014686919750818e-06,1.014686919750818e-06,8.896865414217568e-06,-1.014686919750818e-06,nan
4,4,24,1,2,4,-0.04775585833365717,0.13777624974764469,0.09551171666731434,-0.0,0.09551171666731434,0.09551555905372246,-3.842386408117737e-06,3.842386408117737e-06,4.0227858646114374e-05,-3.842386408117737e-06,nan
4,4,24,2,3,0,-0.047094611610920135,0.13951871995082274,-0.0,-0.2790374399016455,-0.2790374399016455,-0.27904363580357683,6.195901931349557e-06,6.195901931349557e-06,2.2204061072766943e-05,nan,6.195901931349557e-06
4,4,24,2,3,1,-0.05364824547829132,0.1515745371566517,-0.0,-0.3031490743133034,-0.3031490743133034,-0.30315228089517965,3.2065818762472276e-06,3.2065818762472276e-06,1.0577462477862605e-05,nan,3.2065818762472276e-06
4,4,24,2,3,2,-0.06146977191127816,0.16262330949138148,-0.0,-0.32524661898276297,-0.32524661898276297,-0.32524160428128185,-5.01470148112082e-06,5.01470148112082e-06,1.541815099202179e-05,nan,-5.01470148112082e-06
4,4,24,2,3,3,-0.06584027363889526,0.1637628178936912,-0.0,-0.3275256357873824,-0.3275256357873824,-0.3275348713968019,9.23560941945567e-06,9.23560941945567e-06,2.8197331722480676e-05,nan,9.23560941945567e-06
4,4,24,2,3,4,-0.06651373381998286,0.15894341934136616,-0.0,-0.3178868386827323,-0.3178868386827323,-0.31787995354614806,-6.885136584255935e-06,6.885136584255935e-06,2.1659080359497557e-05,nan,-6.885136584255935e-06
4,4,25,0,1,0,-0.1827162232040769,0.09068745852354863,-0.3654324464081538,0.18137491704709727,-0.18405752936105654,-0.1840611189887562,3.5896276996683074e-06,3.5896276996683074e-06,1.9502368123099306e-05,nan,nan
4,4,25,0,1,1,-0.18611002595814313,0.09055578243417614,-0.37222005191628627,0.18111156486835228,-0.19110848704793398,-0.19111293670628515,4.449658351168839e-06,4.449658351168839e-06,2.3282873613141976e-05,nan,nan
4,4,25,0,1,2,-0.185140172640791,0.09041467451067492,-0.370280345281582,0.18082934902134984,-0.18945099626023215,-0.18944516501989658,-5.831240335568699e-06,5.831240335568699e-06,3.0779676278708175e-05,nan,nan
4,4,25,0,1,3,-0.177187800906283,0.09055578243417618,-0.354375601812566,0.18111156486835236,-0.17326403694421363,-0.17327548384928015,1.1446905066520019e-05,1.1446905066520019e-05,6.606188487966859e-05,nan,nan
4,4,25,0,1,4,-0.1687117639042192,0.09068745852354859,-0.3374235278084384,0.18137491704709718,-0.1560486107613412,-0.1560433200630288,-5.290698312399034e-06,5.290698312399034e-06,3.390416798064651e-05,nan,nan
4,4,25,1,2,0,-0.17005307006119896,0.0920287646805283,0.3401061401223979,-0.0,0.3401061401223979,0.34010443905178495,1.7010706129805264e-06,1.7010706129805264e-06,5.001587481979427e-06,1.7010706129805264e-06,nan
4,4,25,1,2,1,-0.1821862619960738,0.09555424352396698,0.3643725239921476,-0.0,0.3643725239921476,0.36438842055556525,-1.5896563417661103e-05,1.5896563417661103e-05,4.362532539707049e-05,-1.5896563417661103e-05,nan
4,4,25,1,2,2,-0.1894509962602322,0.09472549813011609,0.3789019925204644,-0.0,0.3789019925204644,0.3788903300397933,1.1662480671137399e-05,1.1662480671137399e-05,3.077967627870817e-05,1.1662480671137399e-05,nan
4,4,25,1,2,3,-0.18218626199607377,0.08663201847210676,0.36437252399214753,-0.0,0.36437252399214753,0.3643884205555652,-1.5896563417661103e-05,1.5896563417661103e-05,4.36253253970705e-05,-1.5896563417661103e-05,nan
4,4,25,1,2,4,-0.17005307006119896,0.07802430538067069,0.3401061401223979,-0.0,0.3401061401223979,0.340104439051785,1.7010706129250153e-06,1.7010706129250153e-06,5.00158748181621e-06,1.7010706129250153e-06,nan
4,4,25,2,3,0,-0.16871176390421913,0.07802430538067062,-0.0,-0.15604861076134124,-0.15604861076134124,-0.1560433200630288,-5.290698312454545e-06,5.290698312454545e-06,3.390416798100222e-05,nan,-5.290698312454545e-06
4,4,25,2,3,1,-0.17718780090628297,0.08663201847210683,-0.0,-0.17326403694421366,-0.17326403694421366,-0.17327548384928013,1.1446905066464508e-05,1.1446905066464508e-05,6.606188487934824e-05,nan,1.1446905066464508e-05
4,4,25,2,3,2,-0.18514017264079094,0.09472549813011603,-0.0,-0.18945099626023207,-0.18945099626023207,-0.1894451650198967,-5.83124033537441e-06,5.83124033537441e-06,3.0779676277682656e-05,nan,-5.83124033537441e-06
4,4,25,2,3,3,-0.18611002595814313,0.09555424352396692,-0.0,-0.19110848704793384,-0.19110848704793384,-0.1911129367062851,4.449658351252106e-06,4.449658351252106e-06,2.3282873613577677e-05,nan,4.449658351252106e-06
4,4,25,2,3,4,-0.182716223204077,0.09202876468052829,-0.0,-0.18405752936105657,-0.18405752936105657,-0.1840611189887562,3.589627699640552e-06,3.589627699640552e-06,1.950236812294851e-05,nan,3.589627699640552e-06
4,4,26,0,1,0,-0.0900203914139875,0.13777624974764466,-0.180040782827975,0.2755524994952893,0.09551171666731431,0.09551555905372248,-3.842386408173248e-06,3.842386408173248e-06,4.022785864669554e-05,nan,nan
4,4,26,0,1,1,-0.08705926513247002,0.14408372515163345,-0.17411853026494004,0.2881674503032669,0.11404892003832687,0.11404993472524662,-1.014686919750818e-06,1.014686919750818e-06,8.896865414217568e-06,nan,nan
4,4,26,0,1,2,-0.08243187065661792,0.1511644234300512,-0.16486374131323583,0.3023288468601024,0.13746510554686658,0.13746327649781795,1.829049048635012e-06,1.829049048635012e-06,1.330555155330984e-05,nan,nan
4,4,26,0,1,3,-0.07830298844671914,0.15455744750784212,-0.15660597689343828,0.30911489501568423,0.15250891812224596,0.15250982041652092,-9.022942749625784e-07,9.022942749625784e-07,5.9163027829835125e-06,nan,nan
4,4,26,0,1,4,-0.0760747977743168,0.1544606854936827,-0.1521495955486336,0.3089213709873654,0.15677177543873178,0.1567740352993011,-2.259860569314709e-06,2.259860569314709e-06,1.4414763037771878e-05,nan,nan
4,4,26,1,2,0,-0.07801469524795923,0.1560588978626293,0.15602939049591846,-0.0,0.15602939049591846,0.1560433200630288,-1.392956711032678e-05,1.392956711032678e-05,8.926730798024786e-05,-1.392956711032678e-05,nan
4,4,26,1,2,1,-0.0866375541763984,0.1623842038868768,0.1732751083527968,-0.0,0.1732751083527968,0.17327548384928013,-3.7549648332357854e-07,3.7549648332357854e-07,2.167049111518834e-06,-3.7549648332357854e-07,nan
4,4,26,1,2,2,-0.09472477748370518,0.16668211909034217,0.18944955496741037,-0.0,0.18944955496741037,0.18944516501989658,4.389947513783188e-06,4.389947513783188e-06,2.3172118374932887e-05,4.389947513783188e-06,nan
4,4,26,1,2,3,-0.09555174167169977,0.1641304719217835,0.19110348334339955,-0.0,0.19110348334339955,0.19111293670628512,-9.4533628855753e-06,9.4533628855753e-06,4.9464798398780546e-05,-9.4533628855753e-06,nan
4,4,26,1,2,4,-0.0920343867805772,0.15881260201069433,0.1840687735611544,-0.0,0.1840687735611544,0.18406111898875624,7.654572398152482e-06,7.654572398152482e-06,4.1585393600774724e-05,7.654572398152482e-06,nan
4,4,26,2,3,0,-0.09242968552138321,0.15894341934136608,-0.0,-0.31788683868273215,-0.31788683868273215,-0.3178799535461481,-6.885136584033891e-06,6.885136584033891e-06,2.1659080358799066e-05,nan,-6.885136584033891e-06
4,4,26,2,3,1,-0.09792254425479592,0.1637628178936912,-0.0,-0.3275256357873824,-0.3275256357873824,-0.327534871396802,9.235609419566693e-06,9.235609419566693e-06,2.819733172281963e-05,nan,9.235609419566693e-06
4,4,26,2,3,2,-0.10115353758010323,0.1626233094913814,-0.0,-0.3252466189827628,-0.3252466189827628,-0.3252416042812818,-5.014701481009798e-06,5.014701481009798e-06,1.541815099168045e-05,nan,-5.014701481009798e-06
4,4,26,2,3,3,-0.09792629167836032,0.15157453715665167,-0.0,-0.30314907431330335,-0.30314907431330335,-0.30315228089517976,3.206581876413761e-06,3.206581876413761e-06,1.0577462478411941e-05,nan,3.206581876413761e-06
4,4,26,2,3,4,-0.09242410833990268,0.13951871995082285,-0.0,-0.2790374399016457,-0.2790374399016457,-0.2790436358035769,6.195901931183023e-06,6.195901931183023e-06,2.220406107217014e-05,nan,6.195901931183023e-06
4,4,27,0,1,0,-0.11551699121738392,0.046111211841723905,-0.23103398243476783,0.09222242368344781,-0.13881155875132,-0.13881405606922312,2.4973179031106962e-06,2.4973179031106962e-06,1.7990382053711806e-05,nan,nan
4,4,27,0,1,1,-0.11445990917635282,0.04955791064623839,-0.22891981835270564,0.09911582129247679,-0.12980399706022885,-0.12980293975629473,-1.0573039341266188e-06,1.0573039341266188e-06,8.145388108780898e-06,nan,nan
4,4,27,0,1,2,-0.11091450505101613,0.05577452716274622,-0.22182901010203226,0.11154905432549243,-0.11027995577653983,-0.11027971224728715,-2.435292526803412e-07,2.435292526803412e-07,2.2082821031757056e-06,nan,nan
4,4,27,0,1,3,-0.10543127768191769,0.06267191130268386,-0.21086255536383539,0.12534382260536772,-0.08551873275846766,-0.0855166566115233,-2.0761469443630887e-06,2.0761469443630887e-06,2.4277101371775393e-05,nan,nan
4,4,27,0,1,4,-0.10095970031677698,0.06724887955545684,-0.20191940063355396,0.1344977591109137,-0.06742164152264027,-0.06742763864767869,5.997125038417761e-06,5.997125038417761e-06,8.894164408980416e-05,nan,nan
4,4,27,1,2,0,-0.10243945314992688,0.0698149314185867,0.20487890629985375,-0.0,0.20487890629985375,0.2048822430847563,-3.336784902552292e-06,3.336784902552292e-06,1.6286354797335564e-05,-3.336784902552292e-06,nan
4,4,27,1,2,1,-0.11216078094442963,0.07489166100254606,0.22432156188885927,-0.0,0.22432156188885927,0.22432137377095646,1.8811790281070273e-07,1.8811790281070273e-07,8.386082070162576e-07,1.8811790281070273e-07,nan
4,4,27,1,2,2,-0.12305437265887252,0.0796730473204585,0.24610874531774504,-0.0,0.24610874531774504,0.2461073193774333,1.425940311744478e-06,1.425940311744478e-06,5.793944095336722e-06,1.425940311744478e-06,nan
4,4,27,1,2,3,-0.1286281836104646,0.08067489538344584,0.2572563672209292,-0.0,0.2572563672209292,0.25725884577846947,-2.478557540264159e-06,2.478557540264159e-06,9.634489079526123e-06,-2.478557540264159e-06,nan
4,4,27,1,2,4,-0.12909091506592033,0.07917671225242348,0.25818183013184065,-0.0,0.25818183013184065,0.2581807635516963,1.0665801443709988e-06,1.0665801443709988e-06,4.1311200862831796e-06,1.0665801443709988e-06,nan
4,4,27,2,3,0,-0.1294200911030563,0.07839170863636871,-0.0,-0.15678341727273742,-0.15678341727273742,-0.15677403529930115,-9.381973436278779e-06,9.381973436278779e-06,5.984034280843667e-05,nan,-9.381973436278779e-06
4,4,27,2,3,1,-0.13071601922160495,0.0762521156751139,-0.0,-0.1525042313502278,-0.1525042313502278,-0.152509820416521,5.589066293193445e-06,5.589066293193445e-06,3.6647255094321755e-05,nan,5.589066293193445e-06
4,4,27,2,3,2,-0.12895685937469528,0.0687326204625588,-0.0,-0.1374652409251176,-0.1374652409251176,-0.137463276497818,-1.9644272996055534e-06,1.9644272996055534e-06,1.4290356503107934e-05,nan,-1.9644272996055534e-06
4,4,27,2,3,3,-0.12307373637298788,0.057025202186721406,-0.0,-0.11405040437344281,-0.11405040437344281,-0.11404993472524666,-4.6964819615247233e-07,4.6964819615247233e-07,4.117900315501487e-06,nan,-4.6964819615247233e-07
4,4,27,2,3,4,-0.11723965931002622,0.04775252206503296,-0.0,-0.09550504413006591,-0.09550504413006591,-0.09551555905372246,1.0514923656543274e-05,1.0514923656543274e-05,0.00011008597720324481,nan,1.0514923656543274e-05
4,4,28,0,1,0,-0.15878503880378322,0.09415295112552446,-0.31757007760756645,0.18830590225104893,-0.12926417535651752,-0.12926681751407462,2.6421575571033973e-06,2.6421575571033973e-06,2.0439565295368382e-05,nan,nan
4,4,28,0,1,1,-0.1620012784104501,0.09347261364369519,-0.3240025568209002,0.18694522728739038,-0.1370573295335098,-0.13705689042287103,-4.3911063876689305e-07,4.3911063876689305e-07,3.2038464506893284e-06,nan,nan
4,4,28,0,1,2,-0.163712545016339,0.09170906381546966,-0.327425090032678,0.18341812763093931,-0.1440069624017387,-0.14400615562388402,-8.067778546616555e-07,8.067778546616555e-07,5.6023531168650965e-06,nan,nan
4,4,28,0,1,3,-0.16163018407162133,0.0892650076701914,-0.32326036814324266,0.1785300153403828,-0.14473035280285987,-0.14473284349179588,2.49068893601323e-06,2.49068893601323e-06,1.7208871710963197e-05,nan,nan
4,4,28,0,1,4,-0.15818963267283462,0.08734419939891527,-0.31637926534566924,0.17468839879783055,-0.1416908665478387,-0.14168783578937028,-3.030758468414163e-06,3.030758468414163e-06,2.1389935302505165e-05,nan,nan
4,4,28,1,2,0,-0.15894080143446518,0.08759013840041366,0.31788160286893036,-0.0,0.31788160286893036,0.317879953546148,1.649322782348861e-06,1.649322782348861e-06,5.1884813951592955e-06,1.649322782348861e-06,nan
4,4,28,1,2,1,-0.1637649159878245,0.08915157140030967,0.327529831975649,-0.0,0.327529831975649,0.327534871396802,-5.039421152985835e-06,5.039421152985835e-06,1.5385907251630243e-05,-5.039421152985835e-06,nan
4,4,28,1,2,2,-0.16262265314246838,0.08693703528102446,0.32524530628493675,-0.0,0.32524530628493675,0.32524160428128185,3.702003654904029e-06,3.702003654904029e-06,1.1382189330230718e-05,3.702003654904029e-06,nan
4,4,28,1,2,3,-0.15157452138444438,0.07954454919272708,0.30314904276888877,-0.0,0.30314904276888877,0.30315228089517976,-3.238126290994181e-06,3.238126290994181e-06,1.0681517161712599e-05,-3.238126290994181e-06,nan
4,4,28,1,2,4,-0.13951803828792794,0.07228647285215715,0.2790360765758559,-0.0,0.2790360765758559,0.2790436358035768,-7.559227720888018e-06,7.559227720888018e-06,2.70897693083711e-05,-7.559227720888018e-06,nan
4,4,28,2,3,0,-0.1380828297819987,0.07239929071477177,-0.0,-0.14479858142954355,-0.14479858142954355,-0.1447934198238623,-5.161605681258674e-06,5.161605681258674e-06,3.564679729801235e-05,nan,-5.161605681258674e-06
4,4,28,2,3,1,-0.1454600838281417,0.08025375276339805,-0.0,-0.1605075055267961,-0.1605075055267961,-0.16051199857408385,4.4930472877513505e-06,4.4930472877513505e-06,2.7991971489144454e-05,nan,4.4930472877513505e-06
4,4,28,2,3,2,-0.15370947356098555,0.08921900798687679,-0.0,-0.17843801597375358,-0.17843801597375358,-0.1784363226856686,-1.693288084969602e-06,1.693288084969602e-06,9.489502983594411e-06,nan,-1.693288084969602e-06
4,4,28,2,3,3,-0.1578332094588936,0.09393997765591103,-0.0,-0.18787995531182206,-0.18787995531182206,-0.18788242679295414,2.471481132082509e-06,2.471481132082509e-06,1.3154402858581733e-05,nan,2.471481132082509e-06
4,4,28,2,3,4,-0.15802115909175413,0.09445728277096367,-0.0,-0.18891456554192734,-0.18891456554192734,-0.1889126521254644,-1.9134164629397432e-06,1.9134164629397432e-06,1.0128475046118575e-05,nan,-1.9134164629397432e-06
4,4,29,0,1,0,-0.07000799711545695,0.13464189768715742,-0.1400159942309139,0.26928379537431485,0.12926780114340095,0.12926681751407465,9.836293262954765e-07,9.836293262954765e-07,7.609236929808257e-06,nan,nan
4,4,29,0,1,1,-0.07005329243751267,0.13858089584445432,-0.14010658487502534,0.27716179168890864,0.1370552068138833,0.13705689042287103,-1.6836089877236837e-06,1.6836089877236837e-06,1.228401565604713e-05,nan,nan
4,4,29,0,1,2,-0.07011160385965703,0.14211509653025642,-0.14022320771931407,0.28423019306051284,0.14400698534119877,0.144006155623884,8.297173147708836e-07,8.297173147708836e-07,5.761646303511021e-06,nan,nan
4,4,29,0,1,3,-0.07020061821893077,0.142566732370963,-0.14040123643786154,0.285133464741926,0.1447322283040645,0.14473284349179585,-6.151877313675946e-07,6.151877313675946e-07,4.2505053899702205e-06,nan,nan
4,4,29,0,1,4,-0.07024633663610245,0.14108999303022032,-0.1404926732722049,0.28217998606044065,0.14168731278823574,0.14168783578937033,-5.230011345946917e-07,5.230011345946917e-07,3.691221138928061e-06,nan,nan
4,4,29,1,2,0,-0.07084365639411788,0.14108999303022043,0.14168731278823576,-0.0,0.14168731278823576,0.14168783578937028,-5.230011345114249e-07,5.230011345114249e-07,3.6912211383403854e-06,-5.230011345114249e-07,nan
4,4,29,1,2,1,-0.07236611415203224,0.142566732370963,0.1447322283040645,-0.0,0.1447322283040645,0.14473284349179585,-6.151877313675946e-07,6.151877313675946e-07,4.2505053899702205e-06,-6.151877313675946e-07,nan
4,4,29,1,2,2,-0.07200349267059937,0.1421150965302564,0.14400698534119874,-0.0,0.14400698534119874,0.14400615562388402,8.297173147153725e-07,8.297173147153725e-07,5.761646303125546e-06,8.297173147153725e-07,nan
4,4,29,1,2,3,-0.0685276034069416,0.1385808958444543,0.1370552068138832,-0.0,0.1370552068138832,0.137056890422871,-1.6836089878069505e-06,1.6836089878069505e-06,1.2284015656654666e-05,-1.6836089878069505e-06,nan
4,4,29,1,2,4,-0.0646339005717005,0.13464189768715742,0.129267801143401,-0.0,0.129267801143401,0.12926681751407465,9.836293263509877e-07,9.836293263509877e-07,7.6092369302376815e-06,9.836293263509877e-07,nan
4,4,29,2,3,0,-0.06465366625843799,0.13528193111803297,-0.0,-0.27056386223606593,-0.27056386223606593,-0.27056386938609,7.1500240728106235e-09,7.1500240728106235e-09,2.6426381648939466e-08,nan,7.1500240728106235e-09
4,4,29,2,3,1,-0.06860427788859878,0.14090724861527526,-0.0,-0.2818144972305505,-0.2818144972305505,-0.28181677399115945,2.276760608932449e-06,2.276760608932449e-06,8.078868325289504e-06,nan,2.276760608932449e-06
4,4,29,2,3,2,-0.07207351654597183,0.1441470330919436,-0.0,-0.2882940661838872,-0.2882940661838872,-0.2882923136582672,-1.7525256200134898e-06,1.7525256200134898e-06,6.078951409619539e-06,nan,-1.7525256200134898e-06
4,4,29,2,3,3,-0.07230297072667649,0.14090724861527526,-0.0,-0.2818144972305505,-0.2818144972305505,-0.2818167739911594,2.2767606088769377e-06,2.2767606088769377e-06,8.078868325092528e-06,nan,2.2767606088769377e-06
4,4,29,2,3,4,-0.07062826485959504,0.13528193111803302,-0.0,-0.27056386223606604,-0.27056386223606604,-0.27056386938609,7.150023961788321e-09,7.150023961788321e-09,2.6426381238602703e-08,nan,7.150023961788321e-09
4,4,30,0,1,0,-0.15802115909175404,0.06356387632079041,-0.3160423181835081,0.12712775264158083,-0.18891456554192726,-0.1889126521254644,-1.9134164628564765e-06,1.9134164628564765e-06,1.0128475045677817e-05,nan,nan
4,4,30,0,1,1,-0.15783320945889345,0.06389323180298241,-0.3156664189177869,0.12778646360596482,-0.18787995531182208,-0.18788242679295417,2.471481132082509e-06,2.471481132082509e-06,1.3154402858581731e-05,nan,nan
4,4,30,0,1,2,-0.15370947356098566,0.06449046557410884,-0.3074189471219713,0.12898093114821768,-0.17843801597375364,-0.1784363226856686,-1.693288085025113e-06,1.693288085025113e-06,9.489502983905504e-06,nan,nan
4,4,30,0,1,3,-0.14546008382814168,0.06520633106474368,-0.29092016765628337,0.13041266212948735,-0.16050750552679602,-0.16051199857408388,4.493047287862373e-06,4.493047287862373e-06,2.7991971489836124e-05,nan,nan
4,4,30,0,1,4,-0.1380828297819987,0.06568353906722693,-0.2761656595639974,0.13136707813445386,-0.14479858142954355,-0.1447934198238623,-5.161605681258674e-06,5.161605681258674e-06,3.564679729801235e-05,nan,nan
4,4,30,1,2,0,-0.139518038287928,0.0672315654357708,0.279036076575856,-0.0,0.279036076575856,0.2790436358035769,-7.559227720888018e-06,7.559227720888018e-06,2.708976930837109e-05,-7.559227720888018e-06,nan
4,4,30,1,2,1,-0.1515745213844443,0.07202997219171721,0.3031490427688886,-0.0,0.3031490427688886,0.30315228089517976,-3.2381262911607145e-06,3.2381262911607145e-06,1.0681517162261939e-05,-3.2381262911607145e-06,nan
4,4,30,1,2,2,-0.16262265314246832,0.07568561786144387,0.32524530628493664,-0.0,0.32524530628493664,0.3252416042812818,3.702003654848518e-06,3.702003654848518e-06,1.1382189330060048e-05,3.702003654848518e-06,nan
4,4,30,1,2,3,-0.1637649159878245,0.07461334458751483,0.327529831975649,-0.0,0.327529831975649,0.32753487139680193,-5.0394211529303234e-06,5.0394211529303234e-06,1.5385907251460762e-05,-5.0394211529303234e-06,nan
4,4,30,1,2,4,-0.1589408014344651,0.07135066303405148,0.3178816028689302,-0.0,0.3178816028689302,0.31787995354614795,1.6493227822378387e-06,1.6493227822378387e-06,5.188481394810042e-06,1.6493227822378387e-06,nan
4,4,30,2,3,0,-0.15818963267283462,0.07084543327391936,-0.0,-0.14169086654783872,-0.14169086654783872,-0.14168783578937033,-3.0307584683864075e-06,3.0307584683864075e-06,2.1389935302309273e-05,nan,-3.0307584683864075e-06
4,4,30,2,3,1,-0.16163018407162136,0.07236517640143,-0.0,-0.14473035280286,-0.14473035280286,-0.14473284349179588,2.490688935874452e-06,2.490688935874452e-06,1.7208871710004342e-05,nan,2.490688935874452e-06
4,4,30,2,3,2,-0.16371254501633892,0.0720034812008693,-0.0,-0.1440069624017386,-0.1440069624017386,-0.144006155623884,-8.067778546061444e-07,8.067778546061444e-07,5.6023531164796245e-06,nan,-8.067778546061444e-07
4,4,30,2,3,3,-0.16200127841045012,0.06852866476675488,-0.0,-0.13705732953350977,-0.13705732953350977,-0.137056890422871,-4.3911063876689305e-07,4.3911063876689305e-07,3.2038464506893293e-06,nan,-4.3911063876689305e-07
4,4,30,2,3,4,-0.15878503880378328,0.0646320876782588,-0.0,-0.1292641753565176,-0.1292641753565176,-0.12926681751407465,2.642157557047886e-06,2.642157557047886e-06,2.0439565294938947e-05,nan,2.642157557047886e-06
4,4,31,0,1,0,-0.1408042898902574,0.07024018052828902,-0.2816085797805148,0.14048036105657805,-0.14112821872393674,-0.1411283583507254,1.3962678865886424e-07,1.3962678865886424e-07,9.89360255377381e-07,nan,nan
4,4,31,0,1,1,-0.141409320684944,0.07005190645023171,-0.282818641369888,0.14010381290046342,-0.14271482846942457,-0.14271482794975096,-5.196736097001775e-10,5.196736097001775e-10,3.6413427761748887e-09,nan,nan
4,4,31,0,1,2,-0.14050811760946058,0.06934097465528752,-0.28101623521892116,0.13868194931057504,-0.14233428590834613,-0.1423341908903184,-9.501802772371448e-08,9.501802772371448e-08,6.675694975200832e-07,nan,nan
4,4,31,0,1,3,-0.13752044420070939,0.06815871834816485,-0.27504088840141877,0.1363174366963297,-0.13872345170508907,-0.1387240050879716,5.533828825454723e-07,5.533828825454723e-07,3.989092458760439e-06,nan,nan
4,4,31,0,1,4,-0.1343957519992384,0.06712022386667353,-0.2687915039984768,0.13424044773334706,-0.13455105626512973,-0.13454974820587856,-1.3080592511649503e-06,1.3080592511649503e-06,9.721657246506115e-06,nan,nan
4,4,31,1,2,0,-0.13528080445452634,0.06772529885006505,0.2705616089090527,-0.0,0.2705616089090527,0.27056386938609,-2.260477037330233e-06,2.260477037330233e-06,8.354689199482769e-06,-2.260477037330233e-06,nan
4,4,31,1,2,1,-0.14090831926539693,0.07050678838066705,0.28181663853079386,-0.0,0.28181663853079386,0.28181677399115945,-1.3546036559120012e-07,1.3546036559120012e-07,4.80668214573521e-07,-1.3546036559120012e-07,nan
4,4,31,1,2,2,-0.14414628951621783,0.0720731447581089,0.28829257903243566,-0.0,0.28829257903243566,0.2882923136582672,2.6537416847327577e-07,2.6537416847327577e-07,9.205029465688003e-07,2.6537416847327577e-07,nan
4,4,31,1,2,3,-0.14090831926539696,0.07040153088472982,0.2818166385307939,-0.0,0.2818166385307939,0.2818167739911594,-1.3546036548017781e-07,1.3546036548017781e-07,4.806682141795691e-07,-1.3546036548017781e-07,nan
4,4,31,1,2,4,-0.13528080445452634,0.06755550560446122,0.2705616089090527,-0.0,0.2705616089090527,0.27056386938609,-2.260477037330233e-06,2.260477037330233e-06,8.354689199482769e-06,-2.260477037330233e-06,nan
4,4,31,2,3,0,-0.1343957519992384,0.06727552813256486,-0.0,-0.13455105626512973,-0.13455105626512973,-0.13454974820587856,-1.3080592511649503e-06,1.3080592511649503e-06,9.721657246506115e-06,nan,-1.3080592511649503e-06
4,4,31,2,3,1,-0.13752044420070939,0.06936172585254455,-0.0,-0.1387234517050891,-0.1387234517050891,-0.13872400508797164,5.533828825454723e-07,5.533828825454723e-07,3.989092458760438e-06,nan,5.533828825454723e-07
4,4,31,2,3,2,-0.14050811760946044,0.07116714295417298,-0.0,-0.14233428590834596,-0.14233428590834596,-0.1423341908903184,-9.501802755718103e-08,9.501802755718103e-08,6.675694963500676e-07,nan,-9.501802755718103e-08
4,4,31,2,3,3,-0.14140932068494397,0.07135741423471227,-0.0,-0.14271482846942454,-0.14271482846942454,-0.14271482794975096,-5.196735819446019e-10,5.196735819446019e-10,3.6413425816921163e-09,nan,-5.196735819446019e-10
4,4,31,2,3,4,-0.14080428989025753,0.07056410936196844,-0.0,-0.14112821872393688,-0.14112821872393688,-0.14112835835072537,1.396267884923308e-07,1.396267884923308e-07,9.893602541973672e-07,nan,1.396267884923308e-07
4,4,32,0,1,0,-0.005037761510014104,0.088811592236237,-0.010075523020028208,0.177623184472474,0.1675476614524458,0.1675423985715787,5.2628808670796e-06,5.2628808670796e-06,3.1411246337051006e-05,nan,nan
4,4,32,0,1,1,-0.007372080684399174,0.08780891070610691,-0.014744161368798348,0.17561782141221383,0.16087366004341547,0.16087545066232042,-1.7906189049565757e-06,1.7906189049565757e-06,1.1130467063710716e-05,nan,nan
4,4,32,0,1,2,-0.011945302970726253,0.08401844772883513,-0.023890605941452505,0.16803689545767025,0.14414628951621775,0.14414615682913362,1.3268708412561558e-07,1.3268708412561558e-07,9.205029457985952e-07,nan,nan
4,4,32,0,1,3,-0.017407379821377078,0.07787886906506626,-0.034814759642754156,0.15575773813013252,0.12094297848737837,0.12094132332883908,1.6551585392821089e-06,1.6551585392821089e-06,1.3685445488303743e-05,nan,nan
4,4,32,0,1,4,-0.02125608663177576,0.07276306036007917,-0.04251217326355152,0.14552612072015833,0.1030139474566068,0.10302147081451131,-7.523357904506978e-06,7.523357904506978e-06,7.30270869268861e-05,nan,nan
4,4,32,1,2,0,-0.021317123761185146,0.07145452730763699,0.04263424752237029,-0.0,0.04263424752237029,0.04263781021110068,-3.562688730383845e-06,3.562688730383845e-06,8.35570286734919e-05,-3.562688730383845e-06,nan
4,4,32,1,2,1,-0.017566342894849207,0.07159051791001447,0.035132685789698415,-0.0,0.035132685789698415,0.03513189693635638,7.888533420374877e-07,7.888533420374877e-07,2.245354501957248e-05,7.888533420374877e-07,nan
4,4,32,1,2,2,-0.011549009199261134,0.07146311090359904,0.02309801839852227,-0.0,0.02309801839852227,0.023097659459640322,3.5893888194679646e-07,3.5893888194679646e-07,1.553981279925555e-05,3.5893888194679646e-07,nan
4,4,32,1,2,3,-0.005269971007125504,0.07095950067053783,0.010539942014251008,-0.0,0.010539942014251008,0.010539338369524427,6.036447265812123e-07,6.036447265812123e-07,5.727211077300302e-05,6.036447265812123e-07,nan
4,4,32,1,2,4,-0.0010486875061662933,0.07041284104460971,0.0020973750123325866,-0.0,0.0020973750123325866,0.0020985878805541607,-1.2128682215740635e-06,1.2128682215740635e-06,0.0005779449280216892,-1.2128682215740635e-06,nan
4,4,32,2,3,0,-0.00017266051632066482,0.07161279686813468,-0.0,-0.14322559373626936,-0.14322559373626936,-0.14322694623127954,1.3524950101817534e-06,1.3524950101817534e-06,9.44302064499634e-06,nan,1.3524950101817534e-06
4,4,32,2,3,1,-0.0009075942203060798,0.07662738524183782,-0.0,-0.15325477048367564,-0.15325477048367564,-0.1532541663192754,-6.041644002308111e-07,6.041644002308111e-07,3.942222472579836e-06,nan,-6.041644002308111e-07
4,4,32,2,3,2,-0.0021221362483114597,0.08271615215343413,-0.0,-0.16543230430686826,-0.16543230430686826,-0.16543185034995872,-4.539569095352025e-07,4.539569095352025e-07,2.744064476628073e-06,nan,-4.539569095352025e-07
4,4,32,2,3,3,-0.0034317995618496086,0.08692806874739377,-0.0,-0.17385613749478754,-0.17385613749478754,-0.17385590202432796,-2.3547045957528212e-07,2.3547045957528212e-07,1.3543983144244297e-06,nan,-2.3547045957528212e-07
4,4,32,2,3,4,-0.004334303440963387,0.08859265189375004,-0.0,-0.17718530378750008,-0.17718530378750008,-0.17718755841697925,2.2546294791703225e-06,2.2546294791703225e-06,1.2724536075295168e-05,nan,2.2546294791703225e-06
4,4,33,0,1,0,0.07009725073388301,0.05899452271042112,0.14019450146776602,0.11798904542084224,0.25818354688860823,0.2581807635516963,2.783336911948986e-06,2.783336911948986e-06,1.0780458110097312e-05,nan,nan
4,4,33,0,1,1,0.06860150532372772,0.06002653424785894,0.13720301064745544,0.12005306849571788,0.25725607914317333,0.25725884577846947,-2.7666352961364105e-06,2.7666352961364105e-06,1.075428635996763e-05,nan,nan
4,4,33,0,1,2,0.06388854362472932,0.05916584844694152,0.12777708724945863,0.11833169689388304,0.24610878414334167,0.2461073193774333,1.4647659083710796e-06,1.4647659083710796e-06,5.9517010474439336e-06,nan,nan
4,4,33,0,1,3,0.05664555519572494,0.0555143876108161,0.11329111039144989,0.1110287752216322,0.22431988561308208,0.2243213737709565,-1.4881578744296853e-06,1.4881578744296853e-06,6.634044047666942e-06,nan,nan
4,4,33,0,1,4,0.05075027560323196,0.05169005067032111,0.10150055120646392,0.10338010134064222,0.20488065254710613,0.2048822430847563,-1.590537650170143e-06,1.590537650170143e-06,7.763179601231545e-06,nan,nan
4,4,33,1,2,0,0.05150944729989078,0.04982459820591028,-0.10301889459978156,-0.0,-0.10301889459978156,-0.10302147081451132,2.57621472976588e-06,2.57621472976588e-06,2.50065807583384e-05,2.57621472976588e-06,nan
4,4,33,1,2,1,0.06047032450462193,0.04673371940344923,-0.12094064900924387,-0.0,-0.12094064900924387,-0.12094132332883908,6.743195952174652e-07,6.743195952174652e-07,5.575592995489162e-06,6.743195952174652e-07,nan
4,4,33,1,2,2,0.07207351654597181,0.04231767018084635,-0.14414703309194363,-0.0,-0.14414703309194363,-0.14414615682913362,-8.762628100067449e-07,8.762628100067449e-07,6.078951409619538e-06,-8.762628100067449e-07,nan
4,4,33,1,2,3,0.0804369241106533,0.0385997660194724,-0.1608738482213066,-0.0,-0.1608738482213066,-0.16087545066232037,1.6024410137704947e-06,1.6024410137704947e-06,9.960755399119527e-06,1.6024410137704947e-06,nan
4,4,33,1,2,4,0.08377248381814226,0.036680379247363074,-0.16754496763628451,-0.0,-0.16754496763628451,-0.16754239857157865,-2.5690647058596028e-06,2.5690647058596028e-06,1.5333583229050867e-05,-2.5690647058596028e-06,nan
4,4,33,2,3,0,0.0838916220839255,0.037806425701852595,0.0,-0.07561285140370519,-0.07561285140370519,-0.07561542557068167,2.5741669764794972e-06,2.5741669764794972e-06,3.4042881555606525e-05,nan,2.5741669764794972e-06
4,4,33,2,3,1,0.08193534064872945,0.04363233939959939,0.0,-0.08726467879919877,-0.08726467879919877,-0.08726448334808545,-1.9545111332175402e-07,1.9545111332175402e-07,2.239750561295237e-06,nan,-1.9545111332175402e-07
4,4,33,2,3,2,0.07822655290552706,0.05105089940107144,0.0,-0.10210179880214287,-0.10210179880214287,-0.10210116375354923,-6.350485936418293e-07,6.350485936418293e-07,6.2197591138668675e-06,nan,-6.350485936418293e-07
4,4,33,2,3,3,0.07396522704723528,0.05626192541955446,0.0,-0.11252385083910892,-0.11252385083910892,-0.11252600228667362,2.151447564699427e-06,2.151447564699427e-06,1.9119559221684193e-05,nan,2.151447564699427e-06
4,4,33,2,3,4,0.07099274229633733,0.058248117050186274,0.0,-0.11649623410037255,-0.11649623410037255,-0.11649292776232599,-3.3063380465575554e-06,3.3063380465575554e-06,2.838150153170472e-05,nan,-3.3063380465575554e-06
4,4,34,0,1,0,-0.05102838246668762,0.12942009110305644,-0.10205676493337525,0.2588401822061129,0.15678341727273765,0.15677403529930117,9.381973436473068e-06,9.381973436473068e-06,5.9840342809675804e-05,nan,nan
4,4,34,0,1,1,-0.05446390354649096,0.13071601922160486,-0.10892780709298192,0.2614320384432097,0.1525042313502278,0.15250982041652095,-5.589066293137934e-06,5.589066293137934e-06,3.664725509395779e-05,nan,nan
4,4,34,0,1,2,-0.06022423891213653,0.12895685937469537,-0.12044847782427306,0.25791371874939073,0.13746524092511767,0.137463276497818,1.9644272996610646e-06,1.9644272996610646e-06,1.4290356503511748e-05,nan,nan
4,4,34,0,1,3,-0.06604853418626654,0.12307373637298792,-0.13209706837253307,0.24614747274597584,0.11405040437344277,0.1140499347252466,4.696481961663501e-07,4.696481961663501e-07,4.117900315623169e-06,nan,nan
4,4,34,0,1,4,-0.06948713724499318,0.11723965931002617,-0.13897427448998637,0.23447931862005233,0.09550504413006597,0.09551555905372246,-1.0514923656487762e-05,1.0514923656487762e-05,0.00011008597720266364,nan,nan
4,4,34,1,2,0,-0.0694057793756601,0.11551699121738403,0.1388115587513202,-0.0,0.1388115587513202,0.13881405606922312,-2.497317902916407e-06,2.497317902916407e-06,1.7990382052312173e-05,-2.497317902916407e-06,nan
4,4,34,1,2,1,-0.06490199853011447,0.11445990917635285,0.12980399706022894,-0.0,0.12980399706022894,0.12980293975629473,1.0573039342098856e-06,1.0573039342098856e-06,8.145388109422375e-06,1.0573039342098856e-06,nan
4,4,34,1,2,2,-0.055139977888269874,0.11091450505101619,0.11027995577653975,-0.0,0.11027995577653975,0.11027971224728715,2.435292525970745e-07,2.435292525970745e-07,2.2082821024206588e-06,2.435292525970745e-07,nan
4,4,34,1,2,3,-0.04275936637923382,0.10543127768191765,0.08551873275846764,-0.0,0.08551873275846764,0.0855166566115233,2.076146944335333e-06,2.076146944335333e-06,2.4277101371450847e-05,2.076146944335333e-06,nan
4,4,34,1,2,4,-0.03371082076132018,0.10095970031677699,0.06742164152264037,-0.0,0.06742164152264037,0.06742763864767869,-5.9971250383206165e-06,5.9971250383206165e-06,8.894164408836343e-05,-5.9971250383206165e-06,nan
4,4,34,2,3,0,-0.03262452173134013,0.10243945314992683,-0.0,-0.20487890629985367,-0.20487890629985367,-0.20488224308475633,3.3367849026633145e-06,3.3367849026633145e-06,1.6286354797877445e-05,nan,3.3367849026633145e-06
4,4,34,2,3,1,-0.03726911994188357,0.11216078094442958,-0.0,-0.22432156188885916,-0.22432156188885916,-0.22432137377095646,-1.8811790269968043e-07,1.8811790269968043e-07,8.386082065213332e-07,nan,-1.8811790269968043e-07
4,4,34,2,3,2,-0.04338132533841401,0.1230543726588725,-0.0,-0.246108745317745,-0.246108745317745,-0.2461073193774333,-1.4259403116889668e-06,1.4259403116889668e-06,5.793944095111168e-06,nan,-1.4259403116889668e-06
4,4,34,2,3,3,-0.04795328822701881,0.12862818361046463,-0.0,-0.25725636722092926,-0.25725636722092926,-0.25725884577846947,2.478557540208648e-06,2.478557540208648e-06,9.634489079310343e-06,nan,2.478557540208648e-06
4,4,34,2,3,4,-0.049914202813496886,0.12909091506592044,-0.0,-0.2581818301318409,-0.2581818301318409,-0.25818076355169634,-1.0665801445375322e-06,1.0665801445375322e-06,4.1311200869282e-06,nan,-1.0665801445375322e-06
4,4,35,0,1,0,0.0665137338199828,0.0924296855213832,0.1330274676399656,0.1848593710427664,0.317886838682732,0.3178799535461481,6.885136583867357e-06,6.885136583867357e-06,2.16590803582752e-05,nan,nan
4,4,35,0,1,1,0.06584027363889525,0.09792254425479588,0.1316805472777905,0.19584508850959176,0.32752563578738225,0.32753487139680204,-9.235609419788737e-06,9.235609419788737e-06,2.8197331723497552e-05,nan,nan
4,4,35,0,1,2,0.06146977191127818,0.10115353758010326,0.12293954382255635,0.20230707516020652,0.32524661898276286,0.32524160428128185,5.014701481009798e-06,5.014701481009798e-06,1.5418150991680446e-05,nan,nan
4,4,35,0,1,3,0.05364824547829131,0.09792629167836038,0.10729649095658263,0.19585258335672076,0.3031490743133034,0.30315228089517965,-3.2065818762472276e-06,3.2065818762472276e-06,1.0577462477862605e-05,nan,nan
4,4,35,0,1,4,0.04709461161092014,0.09242410833990265,0.09418922322184028,0.1848482166798053,0.2790374399016456,0.2790436358035767,-6.195901931127512e-06,6.195901931127512e-06,2.220406107197122e-05,nan,nan
4,4,35,1,2,0,0.047755858333657177,0.09002039141398752,-0.09551171666731435,-0.0,-0.09551171666731435,-0.09551555905372244,3.842386408089982e-06,3.842386408089982e-06,4.0227858645823794e-05,3.842386408089982e-06,nan
4,4,35,1,2,1,0.057024460019163455,0.08705926513247006,-0.11404892003832691,-0.0,-0.11404892003832691,-0.11404993472524662,1.0146869197091846e-06,1.0146869197091846e-06,8.896865413852524e-06,1.0146869197091846e-06,nan
4,4,35,1,2,2,0.06873255277343338,0.08243187065661797,-0.13746510554686675,-0.0,-0.13746510554686675,-0.137463276497818,-1.8290490487460342e-06,1.8290490487460342e-06,1.3305551554117464e-05,-1.8290490487460342e-06,nan
4,4,35,1,2,3,0.07625445906112302,0.07830298844671912,-0.15250891812224604,-0.0,-0.15250891812224604,-0.15250982041652095,9.022942749070673e-07,9.022942749070673e-07,5.916302782619527e-06,9.022942749070673e-07,nan
4,4,35,1,2,4,0.07838588771936592,0.07607479777431689,-0.15677177543873183,-0.0,-0.15677177543873183,-0.1567740352993011,2.2598605692591978e-06,2.2598605692591978e-06,1.4414763037417794e-05,2.2598605692591978e-06,nan
4,4,35,2,3,0,0.07804420261467006,0.07801469524795923,0.0,-0.15602939049591846,-0.15602939049591846,-0.15604332006302876,1.3929567110299024e-05,1.3929567110299024e-05,8.926730798006999e-05,nan,1.3929567110299024e-05
4,4,35,2,3,1,0.07574664971047833,0.08663755417639839,0.0,-0.17327510835279678,-0.17327510835279678,-0.17327548384928013,3.754964833513341e-07,3.754964833513341e-07,2.1670491116790156e-06,nan,3.754964833513341e-07
4,4,35,2,3,2,0.07195734160663693,0.09472477748370514,0.0,-0.18944955496741028,-0.18944955496741028,-0.1894451650198967,-4.389947513588899e-06,4.389947513588899e-06,2.3172118373907354e-05,nan,-4.389947513588899e-06
4,4,35,2,3,3,0.0685787302500838,0.0955517416716998,0.0,-0.1911034833433996,-0.1911034833433996,-0.19111293670628512,9.45336288551979e-06,9.45336288551979e-06,4.946479839849008e-05,nan,9.45336288551979e-06
4,4,35,2,3,4,0.06677821523011716,0.09203438678057721,0.0,-0.18406877356115442,-0.18406877356115442,-0.1840611189887562,-7.654572398207993e-06,7.654572398207993e-06,4.1585393601076295e-05,nan,-7.654572398207993e-06
4,4,36,0,1,0,-0.08734419939891529,0.15818963267283456,-0.17468839879783057,0.3163792653456691,0.14169086654783855,0.14168783578937036,3.0307584681921185e-06,3.0307584681921185e-06,2.138993530093808e-05,nan,nan
4,4,36,0,1,1,-0.08926500767019133,0.1616301840716213,-0.17853001534038265,0.3232603681432426,0.14473035280285995,0.14473284349179588,-2.4906889359299633e-06,2.4906889359299633e-06,1.7208871710387882e-05,nan,nan
4,4,36,0,1,2,-0.09170906381546966,0.16371254501633897,-0.18341812763093931,0.32742509003267795,0.14400696240173863,0.14400615562388402,8.067778546061444e-07,8.067778546061444e-07,5.602353116479624e-06,nan,nan
4,4,36,0,1,3,-0.09347261364369526,0.1620012784104502,-0.18694522728739052,0.3240025568209004,0.13705732953350988,0.13705689042287106,4.391106388224042e-07,4.391106388224042e-07,3.203846451094348e-06,nan,nan
4,4,36,0,1,4,-0.09415295112552445,0.1587850388037832,-0.1883059022510489,0.3175700776075664,0.1292641753565175,0.12926681751407465,-2.6421575571589084e-06,2.6421575571589084e-06,2.0439565295797808e-05,nan,nan
4,4,36,1,2,0,-0.09445728277096362,0.15802115909175407,0.18891456554192723,-0.0,0.18891456554192723,0.1889126521254644,1.913416462828721e-06,1.913416462828721e-06,1.0128475045530897e-05,1.913416462828721e-06,nan
4,4,36,1,2,1,-0.09393997765591111,0.1578332094588936,0.18787995531182222,-0.0,0.18787995531182222,0.18788242679295417,-2.4714811319437313e-06,2.4714811319437313e-06,1.315440285784309e-05,-2.4714811319437313e-06,nan
4,4,36,1,2,2,-0.08921900798687685,0.15370947356098572,0.1784380159737537,-0.0,0.1784380159737537,0.1784363226856686,1.6932880850806242e-06,1.6932880850806242e-06,9.489502984216596e-06,1.6932880850806242e-06,nan
4,4,36,1,2,3,-0.080253752763398,0.14546008382814166,0.160507505526796,-0.0,0.160507505526796,0.16051199857408388,-4.493047287890128e-06,4.493047287890128e-06,2.7991971490009044e-05,-4.493047287890128e-06,nan
4,4,36,1,2,4,-0.07239929071477184,0.13808282978199868,0.1447985814295437,-0.0,0.1447985814295437,0.1447934198238623,5.161605681397452e-06,5.161605681397452e-06,3.564679729897074e-05,5.161605681397452e-06,nan
4,4,36,2,3,0,-0.07228647285215711,0.13951803828792794,-0.0,-0.2790360765758559,-0.2790360765758559,-0.27904363580357683,7.559227720943529e-06,7.559227720943529e-06,2.708976930857003e-05,nan,7.559227720943529e-06
4,4,36,2,3,1,-0.07954454919272709,0.15157452138444438,-0.0,-0.30314904276888877,-0.30314904276888877,-0.30315228089517965,3.2381262908831587e-06,3.2381262908831587e-06,1.0681517161346377e-05,nan,3.2381262908831587e-06
4,4,36,2,3,2,-0.08693703528102442,0.16262265314246827,-0.0,-0.32524530628493653,-0.32524530628493653,-0.32524160428128185,-3.7020036546819846e-06,3.7020036546819846e-06,1.1382189329548027e-05,nan,-3.7020036546819846e-06
4,4,36,2,3,3,-0.08915157140030963,0.16376491598782444,-0.0,-0.3275298319756489,-0.3275298319756489,-0.32753487139680193,5.039421153041346e-06,5.039421153041346e-06,1.5385907251799728e-05,nan,5.039421153041346e-06
4,4,36,2,3,4,-0.08759013840041366,0.15894080143446523,-0.0,-0.31788160286893047,-0.31788160286893047,-0.3178799535461481,-1.649322782348861e-06,1.649322782348861e-06,5.188481395159294e-06,nan,-1.649322782348861e-06
4,4,37,0,1,0,0.070628264859595,0.06465366625843798,0.14125652971919,0.12930733251687596,0.270563862236066,0.27056386938609006,-7.1500240728106235e-09,7.1500240728106235e-09,2.642638164893946e-08,nan,nan
4,4,37,0,1,1,0.07230297072667648,0.06860427788859873,0.14460594145335295,0.13720855577719746,0.2818144972305504,0.28181677399115945,-2.276760609043471e-06,2.276760609043471e-06,8.078868325683456e-06,nan,nan
4,4,37,0,1,2,0.07207351654597179,0.0720735165459718,0.14414703309194357,0.1441470330919436,0.2882940661838872,0.28829231365826724,1.7525256199579786e-06,1.7525256199579786e-06,6.0789514094269884e-06,nan,nan
4,4,37,0,1,3,0.06860427788859876,0.0723029707266765,0.1372085557771975,0.144605941453353,0.2818144972305505,0.28181677399115934,-2.2767606088214265e-06,2.2767606088214265e-06,8.078868324895554e-06,nan,nan
4,4,37,0,1,4,0.06465366625843795,0.07062826485959497,0.1293073325168759,0.14125652971918995,0.2705638622360659,0.27056386938608995,-7.1500240728106235e-09,7.1500240728106235e-09,2.642638164893947e-08,nan,nan
4,4,37,1,2,0,0.06463390057170049,0.07000799711545694,-0.12926780114340097,-0.0,-0.12926780114340097,-0.12926681751407465,-9.83629326323232e-07,9.83629326323232e-07,7.609236930022969e-06,-9.83629326323232e-07,nan
4,4,37,1,2,1,0.06852760340694161,0.0700532924375127,-0.13705520681388322,-0.0,-0.13705520681388322,-0.137056890422871,1.6836089877791949e-06,1.6836089877791949e-06,1.2284015656452156e-05,1.6836089877791949e-06,nan
4,4,37,1,2,2,0.07200349267059934,0.070111603859657,-0.14400698534119868,-0.0,-0.14400698534119868,-0.14400615562388402,-8.297173146598613e-07,8.297173146598613e-07,5.7616463027400735e-06,-8.297173146598613e-07,nan
4,4,37,1,2,3,0.07236611415203223,0.07020061821893069,-0.14473222830406446,-0.0,-0.14473222830406446,-0.14473284349179588,6.151877314231058e-07,6.151877314231058e-07,4.250505390353762e-06,6.151877314231058e-07,nan
4,4,37,1,2,4,0.07084365639411788,0.07024633663610247,-0.14168731278823576,-0.0,-0.14168731278823576,-0.14168783578937028,5.230011345114249e-07,5.230011345114249e-07,3.6912211383403854e-06,5.230011345114249e-07,nan
4,4,37,2,3,0,0.07024633663610245,0.07084365639411787,0.0,-0.14168731278823574,-0.14168731278823574,-0.1416878357893703,5.230011345669361e-07,5.230011345669361e-07,3.6912211387321695e-06,nan,5.230011345669361e-07
4,4,37,2,3,1,0.07020061821893074,0.07236611415203222,0.0,-0.14473222830406443,-0.14473222830406443,-0.14473284349179588,6.151877314508614e-07,6.151877314508614e-07,4.250505390545533e-06,nan,6.151877314508614e-07
4,4,37,2,3,2,0.07011160385965698,0.07200349267059927,0.0,-0.14400698534119855,-0.14400698534119855,-0.14400615562388405,-8.297173144933279e-07,8.297173144933279e-07,5.7616463015836525e-06,nan,-8.297173144933279e-07
4,4,37,2,3,3,0.07005329243751268,0.0685276034069416,0.0,-0.1370552068138832,-0.1370552068138832,-0.137056890422871,1.6836089878069505e-06,1.6836089878069505e-06,1.2284015656654666e-05,nan,1.6836089878069505e-06
4,4,37,2,3,4,0.07000799711545698,0.06463390057170051,0.0,-0.12926780114340103,-0.12926780114340103,-0.12926681751407465,-9.836293263787432e-07,9.836293263787432e-07,7.609236930452393e-06,nan,-9.836293263787432e-07
4,4,38,0,1,0,-0.06712022386667356,0.1343957519992384,-0.13424044773334712,0.2687915039984768,0.13455105626512967,0.13454974820587856,1.308059251109439e-06,1.308059251109439e-06,9.721657246093552e-06,nan,nan
4,4,38,0,1,1,-0.06815871834816482,0.13752044420070927,-0.13631743669632965,0.27504088840141855,0.1387234517050889,0.13872400508797164,-5.533828827397613e-07,5.533828827397613e-07,3.989092460160982e-06,nan,nan
4,4,38,0,1,2,-0.06934097465528749,0.14050811760946053,-0.13868194931057498,0.28101623521892105,0.14233428590834607,0.1423341908903184,9.501802766820333e-08,9.501802766820333e-08,6.67569497130078e-07,nan,nan
4,4,38,0,1,3,-0.07005190645023172,0.14140932068494405,-0.14010381290046345,0.2828186413698881,0.14271482846942465,0.14271482794975096,5.196736929669044e-10,5.196736929669044e-10,3.6413433596232062e-09,nan,nan
4,4,38,0,1,4,-0.07024018052828901,0.14080428989025742,-0.14048036105657802,0.28160857978051484,0.14112821872393683,0.14112835835072537,-1.3962678854784194e-07,1.3962678854784194e-07,9.893602545907054e-07,nan,nan
4,4,38,1,2,0,-0.07056410936196841,0.14080428989025745,0.14112821872393683,-0.0,0.14112821872393683,0.1411283583507254,-1.3962678857559752e-07,1.3962678857559752e-07,9.893602547873741e-07,-1.3962678857559752e-07,nan
4,4,38,1,2,1,-0.07135741423471231,0.14140932068494402,0.14271482846942463,-0.0,0.14271482846942463,0.14271482794975096,5.196736652113287e-10,5.196736652113287e-10,3.641343165140434e-09,5.196736652113287e-10,nan
4,4,38,1,2,2,-0.07116714295417305,0.14050811760946053,0.1423342859083461,-0.0,0.1423342859083461,0.1423341908903184,9.50180276959589e-08,9.50180276959589e-08,6.675694973250806e-07,9.50180276959589e-08,nan
4,4,38,1,2,3,-0.06936172585254452,0.13752044420070939,0.13872345170508904,-0.0,0.13872345170508904,0.1387240050879716,-5.533828825732279e-07,5.533828825732279e-07,3.989092458960517e-06,-5.533828825732279e-07,nan
4,4,38,1,2,4,-0.0672755281325649,0.13439575199923845,0.1345510562651298,-0.0,0.1345510562651298,0.13454974820587856,1.308059251248217e-06,1.308059251248217e-06,9.721657247124957e-06,1.308059251248217e-06,nan
4,4,38,2,3,0,-0.06755550560446126,0.1352808044545263,-0.0,-0.2705616089090526,-0.2705616089090526,-0.27056386938609,2.260477037385744e-06,2.260477037385744e-06,8.354689199687937e-06,nan,2.260477037385744e-06
4,4,38,2,3,1,-0.07040153088472988,0.140908319265397,-0.0,-0.281816638530794,-0.281816638530794,-0.28181677399115945,1.3546036548017781e-07,1.3546036548017781e-07,4.80668214179569e-07,nan,1.3546036548017781e-07
4,4,38,2,3,2,-0.07207314475810886,0.1441462895162177,-0.0,-0.2882925790324354,-0.2882925790324354,-0.2882923136582672,-2.6537416819572e-07,2.6537416819572e-07,9.20502945606044e-07,nan,-2.6537416819572e-07
4,4,38,2,3,3,-0.07050678838066703,0.1409083192653969,-0.0,-0.2818166385307938,-0.2818166385307938,-0.2818167739911594,1.3546036559120012e-07,1.3546036559120012e-07,4.806682145735211e-07,nan,1.3546036559120012e-07
4,4,38,2,3,4,-0.06772529885006509,0.1352808044545264,-0.0,-0.2705616089090528,-0.2705616089090528,-0.27056386938609,2.2604770372192107e-06,2.2604770372192107e-06,8.354689199072432e-06,nan,2.2604770372192107e-06
4,4,39,0,1,0,-0.05000809387425536,0.1417736100971503,-0.10001618774851072,0.2835472201943006,0.1835310324457899,0.18352807674985439,2.9556959355026002e-06,2.9556959355026002e-06,1.6104611280795977e-05,nan,nan
4,4,39,0,1,1,-0.05104376418127065,0.14559308337899354,-0.1020875283625413,0.2911861667579871,0.18909863839544577,0.1891023461699331,-3.7077744873270646e-06,3.7077744873270646e-06,1.9607236834571825e-05,nan,nan
4,4,39,0,1,2,-0.05327124151325153,0.14716127419316097,-0.10654248302650306,0.29432254838632194,0.1877800653598189,0.1877783277834638,1.7375763551041867e-06,1.7375763551041867e-06,9.253252477970394e-06,nan,nan
4,4,39,0,1,3,-0.056102674634090056,0.14361547494680063,-0.11220534926818011,0.28723094989360126,0.17502560062542116,0.17502505098028098,5.496451401798552e-07,5.496451401798552e-07,3.1403699699689725e-06,nan,nan
4,4,39,0,1,4,-0.058069428069004884,0.13861852086710114,-0.11613885613800977,0.27723704173420227,0.1610981855961925,0.1611059182468469,-7.732650654401763e-06,7.732650654401763e-06,4.799730971120363e-05,nan,nan
4,4,39,1,2,0,-0.05824548179200102,0.13725840221241217,0.11649096358400204,-0.0,0.11649096358400204,0.11649292776232593,-1.9641783238905086e-06,1.9641783238905086e-06,1.6860923333456884e-05,-1.9641783238905086e-06,nan
4,4,39,1,2,1,-0.056263007209034654,0.1372182958972102,0.11252601441806931,-0.0,0.11252601441806931,0.11252600228667362,1.213139569355981e-08,1.213139569355981e-08,1.0780969855102025e-07,1.213139569355981e-08,nan
4,4,39,1,2,2,-0.05105089145800316,0.1350903891538837,0.10210178291600631,-0.0,0.10210178291600631,0.10210116375354926,6.191624570550669e-07,6.191624570550669e-07,6.064168904517747e-06,6.191624570550669e-07,nan
4,4,39,1,2,3,-0.04363211617767469,0.13074173358557878,0.08726423235534939,-0.0,0.08726423235534939,0.08726448334808543,-2.5099273603945704e-07,2.5099273603945704e-07,2.8762301271902713e-06,-2.5099273603945704e-07,nan
4,4,39,1,2,4,-0.0378073654716681,0.1267774728568646,0.0756147309433362,-0.0,0.0756147309433362,0.07561542557068165,-6.946273454488949e-07,6.946273454488949e-07,9.186318005968118e-06,-6.946273454488949e-07,nan
4,4,39,2,3,0,-0.0373958239959866,0.12816810353228375,-0.0,-0.2563362070645675,-0.2563362070645675,-0.2563402907731431,4.083708575575162e-06,4.083708575575162e-06,1.5930810421016402e-05,nan,4.083708575575162e-06
4,4,39,2,3,1,-0.04153804587893523,0.13669934403514494,-0.0,-0.2733986880702899,-0.2733986880702899,-0.2733990834044775,3.953341876083982e-07,3.953341876083982e-07,1.445996755678676e-06,nan,3.953341876083982e-07
4,4,39,2,3,2,-0.046424039476907285,0.14435898587514664,-0.0,-0.2887179717502933,-0.2887179717502933,-0.2887160349329558,-1.9368173375111652e-06,1.9368173375111652e-06,6.708336601873478e-06,nan,-1.9368173375111652e-06
4,4,39,2,3,3,-0.049253578111609186,0.1451557512935125,-0.0,-0.290311502587025,-0.290311502587025,-0.2903149383303786,3.435743353596976e-06,3.435743353596976e-06,1.1834538633651355e-05,nan,3.435743353596976e-06
4,4,39,2,3,4,-0.04983345215015707,0.14180507009043192,-0.0,-0.28361014018086383,-0.28361014018086383,-0.2836074758930854,-2.6642877784532892e-06,2.6642877784532892e-06,9.394190830956255e-06,nan,-2.6642877784532892e-06
4,4,40,0,1,0,0.0892806826325122,0.08076839939602425,0.1785613652650244,0.1615367987920485,0.3400981640570729,0.34010443905178495,-6.274994712063275e-06,6.274994712063275e-06,1.845019938451269e-05,nan,nan
4,4,40,0,1,1,0.09380547363679291,0.08838382221130521,0.18761094727358582,0.17676764442261042,0.36437859169619624,0.36438842055556525,-9.828859369009901e-06,9.828859369009901e-06,2.69735776840118e-05,nan,nan
4,4,40,0,1,2,0.09472477748370514,0.09472477748370514,0.18944955496741028,0.18944955496741028,0.37889910993482057,0.3788903300397933,8.77989502728882e-06,8.77989502728882e-06,2.3172118374200366e-05,nan,nan
4,4,40,0,1,3,0.08838382221130527,0.09380547363679295,0.17676764442261053,0.1876109472735859,0.36437859169619646,0.3643884205555652,-9.828859368732346e-06,9.828859368732346e-06,2.69735776832501e-05,nan,nan
4,4,40,0,1,4,0.08076839939602422,0.08928068263251218,0.16153679879204844,0.17856136526502436,0.3400981640570728,0.340104439051785,-6.274994712174298e-06,6.274994712174298e-06,1.8450199384839122e-05,nan,nan
4,4,40,1,2,0,0.08055753162200018,0.08794695167369991,-0.16111506324400035,-0.0,-0.16111506324400035,-0.16110591824684695,-9.14499715340411e-06,9.14499715340411e-06,5.6760658930782224e-05,-9.14499715340411e-06,nan
4,4,40,1,2,1,0.08750835883256816,0.08871717386894691,-0.17501671766513632,-0.0,-0.17501671766513632,-0.175025050980281,8.333315144687381e-06,8.333315144687381e-06,4.761212808117533e-05,8.333315144687381e-06,nan
4,4,40,1,2,2,0.09389075671794805,0.08969465151877314,-0.1877815134358961,-0.0,-0.1877815134358961,-0.1877783277834638,-3.1856524323192748e-06,3.1856524323192748e-06,1.6964675457292958e-05,-3.1856524323192748e-06,nan
4,4,40,1,2,3,0.09455007713748817,0.09043547967334212,-0.18910015427497634,-0.0,-0.18910015427497634,-0.18910234616993316,2.1918949568155988e-06,2.1918949568155988e-06,1.1591051095928207e-05,2.1918949568155988e-06,nan
4,4,40,1,2,4,0.09176286161716561,0.09068163813672449,-0.18352572323433122,-0.0,-0.18352572323433122,-0.1835280767498544,2.353515523190186e-06,2.353515523190186e-06,1.2823735555176046e-05,2.353515523190186e-06,nan
4,4,40,2,3,0,0.09068163813672449,0.09176286161716558,0.0,-0.18352572323433117,-0.18352572323433117,-0.18352807674985436,2.353515523190186e-06,2.353515523190186e-06,1.2823735555176049e-05,nan,2.353515523190186e-06
4,4,40,2,3,1,0.09043547967334216,0.09455007713748823,0.0,-0.18910015427497645,-0.18910015427497645,-0.1891023461699331,2.1918949566490653e-06,2.1918949566490653e-06,1.1591051095047557e-05,nan,2.1918949566490653e-06
4,4,40,2,3,2,0.0896946515187731,0.09389075671794804,0.0,-0.18778151343589608,-0.18778151343589608,-0.18777832778346382,-3.1856524322637636e-06,3.1856524322637636e-06,1.6964675456997347e-05,nan,-3.1856524322637636e-06
4,4,40,2,3,3,0.08871717386894688,0.08750835883256819,0.0,-0.17501671766513638,-0.17501671766513638,-0.17502505098028098,8.333315144604114e-06,8.333315144604114e-06,4.7612128080699595e-05,nan,8.333315144604114e-06
4,4,40,2,3,4,0.08794695167370002,0.08055753162200026,0.0,-0.16111506324400052,-0.16111506324400052,-0.16110591824684695,-9.144997153570644e-06,9.144997153570644e-06,5.6760658931815794e-05,nan,-9.144997153570644e-06
4,4,41,0,1,0,-0.09068745852354863,0.16871176390421924,-0.18137491704709727,0.3374235278084385,0.15604861076134122,0.1560433200630288,5.290698312426789e-06,5.290698312426789e-06,3.3904167980824366e-05,nan,nan
4,4,41,0,1,1,-0.09055578243417615,0.17718780090628292,-0.1811115648683523,0.35437560181256583,0.17326403694421352,0.17327548384928013,-1.1446905066603286e-05,1.1446905066603286e-05,6.606188488014914e-05,nan,nan
4,4,41,0,1,2,-0.09041467451067492,0.18514017264079097,-0.18082934902134984,0.37028034528158194,0.1894509962602321,0.18944516501989658,5.831240335513188e-06,5.831240335513188e-06,3.0779676278415177e-05,nan,nan
4,4,41,0,1,3,-0.09055578243417617,0.18611002595814322,-0.18111156486835234,0.37222005191628643,0.1911084870479341,0.1911129367062851,-4.449658351002306e-06,4.449658351002306e-06,2.3282873612270596e-05,nan,nan
4,4,41,0,1,4,-0.09068745852354859,0.18271622320407688,-0.18137491704709718,0.36543244640815375,0.18405752936105657,0.18406111898875624,-3.5896276996683074e-06,3.5896276996683074e-06,1.9502368123099302e-05,nan,nan
4,4,41,1,2,0,-0.09202876468052826,0.18271622320407685,0.18405752936105652,-0.0,0.18405752936105652,0.1840611189887562,-3.589627699696063e-06,3.589627699696063e-06,1.95023681232501e-05,-3.589627699696063e-06,nan
4,4,41,1,2,1,-0.09555424352396695,0.18611002595814313,0.1911084870479339,-0.0,0.1911084870479339,0.1911129367062851,-4.449658351196595e-06,4.449658351196595e-06,2.3282873613287216e-05,-4.449658351196595e-06,nan
4,4,41,1,2,2,-0.09472549813011609,0.18514017264079105,0.18945099626023218,-0.0,0.18945099626023218,0.1894451650198967,5.8312403354854325e-06,5.8312403354854325e-06,3.077967627826866e-05,5.8312403354854325e-06,nan
4,4,41,1,2,3,-0.08663201847210678,0.17718780090628292,0.17326403694421355,-0.0,0.17326403694421355,0.17327548384928015,-1.1446905066603286e-05,1.1446905066603286e-05,6.606188488014914e-05,-1.1446905066603286e-05,nan
4,4,41,1,2,4,-0.07802430538067069,0.16871176390421927,0.15604861076134138,-0.0,0.15604861076134138,0.15604332006302876,5.290698312621078e-06,5.290698312621078e-06,3.390416798206938e-05,5.290698312621078e-06,nan
4,4,41,2,3,0,-0.07802430538067064,0.1700530700611989,-0.0,-0.3401061401223978,-0.3401061401223978,-0.340104439051785,-1.701070612813993e-06,1.701070612813993e-06,5.001587481489778e-06,nan,-1.701070612813993e-06
4,4,41,2,3,1,-0.08663201847210683,0.18218626199607377,-0.0,-0.36437252399214753,-0.36437252399214753,-0.36438842055556525,1.5896563417716614e-05,1.5896563417716614e-05,4.362532539722283e-05,nan,1.5896563417716614e-05
4,4,41,2,3,2,-0.09472549813011603,0.1894509962602321,-0.0,-0.3789019925204642,-0.3789019925204642,-0.3788903300397933,-1.1662480670915354e-05,1.1662480670915354e-05,3.0779676278122164e-05,nan,-1.1662480670915354e-05
4,4,41,2,3,3,-0.09555424352396694,0.18218626199607377,-0.0,-0.36437252399214753,-0.36437252399214753,-0.36438842055556525,1.5896563417716614e-05,1.5896563417716614e-05,4.362532539722283e-05,nan,1.5896563417716614e-05
4,4,41,2,3,4,-0.09202876468052829,0.17005307006119905,-0.0,-0.3401061401223981,-0.3401061401223981,-0.340104439051785,-1.7010706130915487e-06,1.7010706130915487e-06,5.001587482305859e-06,nan,-1.7010706130915487e-06
4,4,42,0,1,0,0.09242410833990264,0.0470946116109202,0.18484821667980528,0.0941892232218404,0.27903743990164565,0.27904363580357683,-6.195901931183023e-06,6.195901931183023e-06,2.2204061072170144e-05,nan,nan
4,4,42,0,1,1,0.09792629167836031,0.05364824547829131,0.19585258335672062,0.10729649095658263,0.30314907431330324,0.30315228089517976,-3.2065818765247833e-06,3.2065818765247833e-06,1.0577462478778168e-05,nan,nan
4,4,42,0,1,2,0.10115353758010322,0.06146977191127814,0.20230707516020643,0.12293954382255629,0.32524661898276275,0.32524160428128174,5.014701481009798e-06,5.014701481009798e-06,1.5418150991680453e-05,nan,nan
4,4,42,0,1,3,0.09792254425479593,0.06584027363889526,0.19584508850959187,0.13168054727779052,0.32752563578738236,0.32753487139680193,-9.235609419566693e-06,9.235609419566693e-06,2.8197331722819635e-05,nan,nan
4,4,42,0,1,4,0.0924296855213832,0.06651373381998278,0.1848593710427664,0.13302746763996556,0.31788683868273193,0.317879953546148,6.8851365839228684e-06,6.8851365839228684e-06,2.1659080358449828e-05,nan,nan
4,4,42,1,2,0,0.09203438678057718,0.06677821523011708,-0.18406877356115436,-0.0,-0.18406877356115436,-0.18406111898875624,-7.654572398124726e-06,7.654572398124726e-06,4.158539360062394e-05,-7.654572398124726e-06,nan
4,4,42,1,2,1,0.09555174167169982,0.06857873025008385,-0.19110348334339963,-0.0,-0.19110348334339963,-0.1911129367062851,9.453362885464278e-06,9.453362885464278e-06,4.946479839819963e-05,9.453362885464278e-06,nan
4,4,42,1,2,2,0.09472477748370518,0.071957341606637,-0.18944955496741037,-0.0,-0.18944955496741037,-0.18944516501989658,-4.389947513783188e-06,4.389947513783188e-06,2.3172118374932887e-05,-4.389947513783188e-06,nan
4,4,42,1,2,3,0.08663755417639839,0.0757466497104783,-0.17327510835279678,-0.0,-0.17327510835279678,-0.17327548384928018,3.7549648340684527e-07,3.7549648340684527e-07,2.1670491119993783e-06,3.7549648340684527e-07,nan
4,4,42,1,2,4,0.07801469524795926,0.07804420261467013,-0.15602939049591852,-0.0,-0.15602939049591852,-0.1560433200630288,1.3929567110271268e-05,1.3929567110271268e-05,8.92673079798921e-05,1.3929567110271268e-05,nan
4,4,42,2,3,0,0.07607479777431685,0.0783858877193659,0.0,-0.1567717754387318,-0.1567717754387318,-0.15677403529930117,2.25986056937022e-06,2.25986056937022e-06,1.4414763038125954e-05,nan,2.25986056937022e-06
4,4,42,2,3,1,0.07830298844671911,0.07625445906112298,0.0,-0.15250891812224596,-0.15250891812224596,-0.15250982041652095,9.02294274990334e-07,9.02294274990334e-07,5.9163027831655035e-06,nan,9.02294274990334e-07
4,4,42,2,3,2,0.08243187065661788,0.06873255277343338,0.0,-0.13746510554686675,-0.13746510554686675,-0.137463276497818,-1.8290490487460342e-06,1.8290490487460342e-06,1.3305551554117464e-05,nan,-1.8290490487460342e-06
4,4,42,2,3,3,0.08705926513247006,0.05702446001916347,0.0,-0.11404892003832694,-0.11404892003832694,-0.11404993472524663,1.0146869196953068e-06,1.0146869196953068e-06,8.896865413730841e-06,nan,1.0146869196953068e-06
4,4,42,2,3,4,0.0900203914139876,0.04775585833365721,0.0,-0.09551171666731442,-0.09551171666731442,-0.09551555905372246,3.8423864080344705e-06,3.8423864080344705e-06,4.0227858645242614e-05,nan,3.8423864080344705e-06
4,4,43,0,1,0,-0.06568353906722699,0.13808282978199876,-0.13136707813445397,0.2761656595639975,0.14479858142954355,0.1447934198238623,5.161605681258674e-06,5.161605681258674e-06,3.564679729801235e-05,nan,nan
4,4,43,0,1,1,-0.06520633106474369,0.1454600838281416,-0.13041266212948738,0.2909201676562832,0.16050750552679582,0.16051199857408385,-4.493047288028906e-06,4.493047288028906e-06,2.7991971490873645e-05,nan,nan
4,4,43,0,1,2,-0.06449046557410883,0.15370947356098566,-0.12898093114821765,0.3074189471219713,0.17843801597375367,0.1784363226856686,1.6932880850528687e-06,1.6932880850528687e-06,9.48950298406105e-06,nan,nan
4,4,43,0,1,3,-0.06389323180298248,0.1578332094588936,-0.12778646360596496,0.3156664189177872,0.18787995531182222,0.18788242679295414,-2.4714811319159757e-06,2.4714811319159757e-06,1.3154402857695364e-05,nan,nan
4,4,43,0,1,4,-0.0635638763207904,0.15802115909175396,-0.1271277526415808,0.3160423181835079,0.18891456554192712,0.1889126521254644,1.9134164627176986e-06,1.9134164627176986e-06,1.0128475044943217e-05,nan,nan
4,4,43,1,2,0,-0.06463208767825876,0.15878503880378322,0.12926417535651752,-0.0,0.12926417535651752,0.12926681751407465,-2.642157557131153e-06,2.642157557131153e-06,2.043956529558309e-05,-2.642157557131153e-06,nan
4,4,43,1,2,1,-0.06852866476675491,0.16200127841045014,0.13705732953350983,-0.0,0.13705732953350983,0.13705689042287103,4.391106387946486e-07,4.391106387946486e-07,3.2038464508918387e-06,4.391106387946486e-07,nan
4,4,43,1,2,2,-0.07200348120086937,0.16371254501633903,0.14400696240173874,-0.0,0.14400696240173874,0.144006155623884,8.067778547449223e-07,8.067778547449223e-07,5.602353117443307e-06,8.067778547449223e-07,nan
4,4,43,1,2,3,-0.07236517640142998,0.16163018407162133,0.14473035280285995,-0.0,0.14473035280285995,0.14473284349179585,-2.4906889359022077e-06,2.4906889359022077e-06,1.7208871710196118e-05,-2.4906889359022077e-06,nan
4,4,43,1,2,4,-0.07084543327391932,0.15818963267283467,0.14169086654783863,-0.0,0.14169086654783863,0.1416878357893703,3.0307584683308963e-06,3.0307584683308963e-06,2.138993530191751e-05,3.0307584683308963e-06,nan
4,4,43,2,3,0,-0.07135066303405148,0.15894080143446507,-0.0,-0.31788160286893014,-0.31788160286893014,-0.317879953546148,-1.6493227821268164e-06,1.6493227821268164e-06,5.1884813944607855e-06,nan,-1.6493227821268164e-06
4,4,43,2,3,1,-0.07461334458751485,0.1637649159878245,-0.0,-0.327529831975649,-0.327529831975649,-0.327534871396802,5.039421152985835e-06,5.039421152985835e-06,1.5385907251630243e-05,nan,5.039421152985835e-06
4,4,43,2,3,2,-0.07568561786144382,0.1626226531424683,-0.0,-0.3252453062849366,-0.3252453062849366,-0.3252416042812818,-3.702003654793007e-06,3.702003654793007e-06,1.1382189329889374e-05,nan,-3.702003654793007e-06
4,4,43,2,3,3,-0.07202997219171721,0.1515745213844443,-0.0,-0.3031490427688886,-0.3031490427688886,-0.30315228089517976,3.2381262911607145e-06,3.2381262911607145e-06,1.0681517162261939e-05,nan,3.2381262911607145e-06
4,4,43,2,3,4,-0.06723156543577087,0.13951803828792805,-0.0,-0.2790360765758561,-0.2790360765758561,-0.2790436358035769,7.559227720776995e-06,7.559227720776995e-06,2.7089769307973226e-05,nan,7.559227720776995e-06
4,4,44,0,1,0,-0.08897010738519649,0.12677747285686458,-0.17794021477039298,0.25355494571372916,0.07561473094333618,0.07561542557068168,-6.946273455044061e-07,6.946273455044061e-07,9.18631800670224e-06,nan,nan
4,4,44,0,1,1,-0.08710961740790406,0.13074173358557872,-0.17421923481580812,0.26148346717115745,0.08726423235534933,0.08726448334808543,-2.509927360949682e-07,2.509927360949682e-07,2.8762301278263965e-06,nan,nan
4,4,44,0,1,2,-0.08403949769588051,0.13509038915388372,-0.16807899539176102,0.27018077830776743,0.10210178291600641,0.10210116375354926,6.191624571522114e-07,6.191624571522114e-07,6.06416890546919e-06,nan,nan
4,4,44,0,1,3,-0.08095528868817552,0.13721829589721019,-0.16191057737635103,0.27443659179442037,0.11252601441806934,0.11252600228667359,1.2131395749070961e-08,1.2131395749070961e-08,1.078096990443386e-07,nan,nan
4,4,44,0,1,4,-0.07901292042041114,0.1372584022124121,-0.15802584084082227,0.2745168044248242,0.1164909635840019,0.11649292776232595,-1.9641783240431643e-06,1.9641783240431643e-06,1.6860923334767312e-05,nan,nan
4,4,44,1,2,0,-0.08054909279809641,0.13861852086710122,0.16109818559619282,-0.0,0.16109818559619282,0.16110591824684692,-7.732650654096451e-06,7.732650654096451e-06,4.799730970930853e-05,-7.732650654096451e-06,nan
4,4,44,1,2,1,-0.08751280031271053,0.1436154749468006,0.17502560062542105,-0.0,0.17502560062542105,0.175025050980281,5.496451400410773e-07,5.496451400410773e-07,3.140369969176074e-06,5.496451400410773e-07,nan
4,4,44,1,2,2,-0.09389003267990947,0.14716127419316105,0.18778006535981895,-0.0,0.18778006535981895,0.1877783277834638,1.7375763551596979e-06,1.7375763551596979e-06,9.253252478266009e-06,1.7375763551596979e-06,nan
4,4,44,1,2,3,-0.09454931919772293,0.14559308337899363,0.18909863839544586,-0.0,0.18909863839544586,0.18910234616993307,-3.7077744872160423e-06,3.7077744872160423e-06,1.9607236833984726e-05,-3.7077744872160423e-06,nan
4,4,44,1,2,4,-0.09176551622289497,0.14177361009715028,0.18353103244578994,-0.0,0.18353103244578994,0.1835280767498543,2.955695935641378e-06,2.955695935641378e-06,1.6104611281552127e-05,2.955695935641378e-06,nan
4,4,44,2,3,0,-0.09197161794027482,0.1418050700904319,-0.0,-0.2836101401808638,-0.2836101401808638,-0.28360747589308544,-2.664287778342267e-06,2.664287778342267e-06,9.394190830564795e-06,nan,-2.664287778342267e-06
4,4,44,2,3,1,-0.09590217318190328,0.1451557512935125,-0.0,-0.290311502587025,-0.290311502587025,-0.2903149383303786,3.435743353596976e-06,3.435743353596976e-06,1.1834538633651355e-05,nan,3.435743353596976e-06
4,4,44,2,3,2,-0.09793494639823933,0.14435898587514664,-0.0,-0.2887179717502933,-0.2887179717502933,-0.2887160349329558,-1.9368173375111652e-06,1.9368173375111652e-06,6.708336601873478e-06,nan,-1.9368173375111652e-06
4,4,44,2,3,3,-0.09516129815620965,0.13669934403514492,-0.0,-0.27339868807028983,-0.27339868807028983,-0.27339908340447744,3.953341876083982e-07,3.953341876083982e-07,1.4459967556786765e-06,nan,3.953341876083982e-07
4,4,44,2,3,4,-0.09077227953629723,0.12816810353228383,-0.0,-0.25633620706456767,-0.25633620706456767,-0.2563402907731431,4.083708575408629e-06,4.083708575408629e-06,1.5930810420366745e-05,nan,4.083708575408629e-06
4,4,45,0,1,0,0.05169005067032112,0.05075027560323198,0.10338010134064224,0.10150055120646397,0.2048806525471062,0.2048822430847563,-1.5905376501146318e-06,1.5905376501146318e-06,7.763179600960602e-06,nan,nan
4,4,45,0,1,1,0.05551438761081609,0.05664555519572489,0.11102877522163218,0.11329111039144978,0.22431988561308197,0.22432137377095646,-1.4881578744851964e-06,1.4881578744851964e-06,6.634044047914406e-06,nan,nan
4,4,45,0,1,2,0.059165848446941526,0.0638885436247293,0.11833169689388305,0.1277770872494586,0.24610878414334164,0.2461073193774333,1.464765908343324e-06,1.464765908343324e-06,5.951701047331156e-06,nan,nan
4,4,45,0,1,3,0.060026534247858976,0.0686015053237277,0.12005306849571795,0.1372030106474554,0.2572560791431734,0.25725884577846947,-2.7666352960808993e-06,2.7666352960808993e-06,1.0754286359751852e-05,nan,nan
4,4,45,0,1,4,0.058994522710421084,0.07009725073388304,0.11798904542084217,0.14019450146776608,0.25818354688860823,0.2581807635516962,2.783336912004497e-06,2.783336912004497e-06,1.0780458110312317e-05,nan,nan
4,4,45,1,2,0,0.058248117050186274,0.07099274229633734,-0.11649623410037255,-0.0,-0.11649623410037255,-0.11649292776232595,-3.3063380465991887e-06,3.3063380465991887e-06,2.83815015320621e-05,-3.3063380465991887e-06,nan
4,4,45,1,2,1,0.05626192541955447,0.07396522704723528,-0.11252385083910894,-0.0,-0.11252385083910894,-0.11252600228667362,2.1514475646716713e-06,2.1514475646716713e-06,1.9119559221437533e-05,2.1514475646716713e-06,nan
4,4,45,1,2,2,0.05105089940107146,0.07822655290552707,-0.10210179880214292,-0.0,-0.10210179880214292,-0.10210116375354923,-6.350485936834627e-07,6.350485936834627e-07,6.219759114274627e-06,-6.350485936834627e-07,nan
4,4,45,1,2,3,0.04363233939959935,0.08193534064872944,-0.0872646787991987,-0.0,-0.0872646787991987,-0.08726448334808543,-1.9545111328012066e-07,1.9545111328012066e-07,2.2397505608181457e-06,-1.9545111328012066e-07,nan
4,4,45,1,2,4,0.03780642570185262,0.08389162208392552,-0.07561285140370524,-0.0,-0.07561285140370524,-0.07561542557068165,2.5741669764101083e-06,2.5741669764101083e-06,3.404288155468888e-05,2.5741669764101083e-06,nan
4,4,45,2,3,0,0.03668037924736307,0.0837724838181422,0.0,-0.1675449676362844,-0.1675449676362844,-0.16754239857157865,-2.5690647057485805e-06,2.5690647057485805e-06,1.5333583228388236e-05,nan,-2.5690647057485805e-06
4,4,45,2,3,1,0.038599766019472403,0.08043692411065329,0.0,-0.16087384822130657,-0.16087384822130657,-0.16087545066232042,1.6024410138537615e-06,1.6024410138537615e-06,9.960755399637109e-06,nan,1.6024410138537615e-06
4,4,45,2,3,2,0.04231767018084633,0.07207351654597179,0.0,-0.14414703309194357,-0.14414703309194357,-0.1441461568291336,-8.762628099789893e-07,8.762628099789893e-07,6.07895140942699e-06,nan,-8.762628099789893e-07
4,4,45,2,3,3,0.046733719403449205,0.060470324504621926,0.0,-0.12094064900924385,-0.12094064900924385,-0.12094132332883906,6.743195952035874e-07,6.743195952035874e-07,5.575592995374415e-06,nan,6.743195952035874e-07
4,4,45,2,3,4,0.04982459820591032,0.051509447299890807,0.0,-0.10301889459978161,-0.10301889459978161,-0.10302147081451131,2.576214729696491e-06,2.576214729696491e-06,2.5006580757664867e-05,nan,2.576214729696491e-06
4,4,46,0,1,0,-0.06724887955545686,0.100959700316777,-0.13449775911091372,0.201919400633554,0.0674216415226403,0.06742763864767867,-5.997125038376128e-06,5.997125038376128e-06,8.894164408918672e-05,nan,nan
4,4,46,0,1,1,-0.0626719113026838,0.10543127768191758,-0.1253438226053676,0.21086255536383516,0.08551873275846755,0.08551665661152333,2.0761469442243108e-06,2.0761469442243108e-06,2.4277101370152647e-05,nan,nan
4,4,46,0,1,2,-0.05577452716274624,0.11091450505101615,-0.11154905432549247,0.2218290101020323,0.11027995577653982,0.11027971224728715,2.435292526664634e-07,2.435292526664634e-07,2.2082821030498645e-06,nan,nan
4,4,46,0,1,3,-0.04955791064623842,0.11445990917635289,-0.09911582129247684,0.22891981835270578,0.12980399706022894,0.12980293975629473,1.0573039342098856e-06,1.0573039342098856e-06,8.145388109422375e-06,nan,nan
4,4,46,0,1,4,-0.046111211841723905,0.11551699121738394,-0.09222242368344781,0.2310339824347679,0.13881155875132006,0.1388140560692231,-2.4973179030274295e-06,2.4973179030274295e-06,1.7990382053111968e-05,nan,nan
4,4,46,1,2,0,-0.04775252206503296,0.11723965931002617,0.09550504413006591,-0.0,0.09550504413006591,0.09551555905372247,-1.0514923656557151e-05,1.0514923656557151e-05,0.00011008597720339008,-1.0514923656557151e-05,nan
4,4,46,1,2,1,-0.057025202186721406,0.12307373637298788,0.11405040437344281,-0.0,0.11405040437344281,0.11404993472524663,4.696481961802279e-07,4.696481961802279e-07,4.117900315744849e-06,4.696481961802279e-07,nan
4,4,46,1,2,2,-0.06873262046255886,0.12895685937469545,0.13746524092511772,-0.0,0.13746524092511772,0.137463276497818,1.9644272997165757e-06,1.9644272997165757e-06,1.4290356503915561e-05,1.9644272997165757e-06,nan
4,4,46,1,2,3,-0.07625211567511389,0.13071601922160492,0.15250423135022778,-0.0,0.15250423135022778,0.15250982041652095,-5.58906629316569e-06,5.58906629316569e-06,3.664725509413978e-05,-5.58906629316569e-06,nan
4,4,46,1,2,4,-0.07839170863636873,0.12942009110305633,0.15678341727273745,-0.0,0.15678341727273745,0.15677403529930106,9.381973436389801e-06,9.381973436389801e-06,5.984034280914479e-05,9.381973436389801e-06,nan
4,4,46,2,3,0,-0.07917671225242347,0.12909091506592033,-0.0,-0.25818183013184065,-0.25818183013184065,-0.2581807635516963,-1.0665801443709988e-06,1.0665801443709988e-06,4.1311200862831796e-06,nan,-1.0665801443709988e-06
4,4,46,2,3,1,-0.08067489538344585,0.12862818361046466,-0.0,-0.2572563672209293,-0.2572563672209293,-0.2572588457784695,2.478557540208648e-06,2.478557540208648e-06,9.634489079310342e-06,nan,2.478557540208648e-06
4,4,46,2,3,2,-0.07967304732045845,0.1230543726588724,-0.0,-0.2461087453177448,-0.2461087453177448,-0.2461073193774333,-1.4259403114946778e-06,1.4259403114946778e-06,5.793944094321728e-06,nan,-1.4259403114946778e-06
4,4,46,2,3,3,-0.074891661002546,0.11216078094442962,-0.0,-0.22432156188885924,-0.22432156188885924,-0.2243213737709565,-1.88117902727436e-07,1.88117902727436e-07,8.386082066450641e-07,nan,-1.88117902727436e-07
4,4,46,2,3,4,-0.06981493141858677,0.10243945314992695,-0.0,-0.2048789062998539,-0.2048789062998539,-0.2048822430847563,3.3367849024135143e-06,3.3367849024135143e-06,1.6286354796658212e-05,nan,3.3367849024135143e-06
4,4,47,0,1,0,-0.0693641535384434,0.0704128410446097,-0.1387283070768868,0.1408256820892194,0.002097375012332592,0.002098587880554159,-1.2128682215671246e-06,1.2128682215671246e-06,0.0005779449280183831,nan,nan
4,4,47,0,1,1,-0.06568952966341228,0.07095950067053779,-0.13137905932682456,0.14191900134107557,0.010539942014251014,0.010539338369524427,6.036447265864164e-07,6.036447265864164e-07,5.727211077349674e-05,nan,nan
4,4,47,0,1,2,-0.05991410170433787,0.07146311090359897,-0.11982820340867574,0.14292622180719794,0.0230980183985222,0.023097659459640322,3.589388818774075e-07,3.589388818774075e-07,1.5539812796251485e-05,nan,nan
4,4,47,0,1,3,-0.05402417501516527,0.07159051791001443,-0.10804835003033054,0.14318103582002886,0.03513268578969832,0.03513189693635636,7.88853341954221e-07,7.88853341954221e-07,2.2453545017202478e-05,nan,nan
4,4,47,0,1,4,-0.050137403546451825,0.0714545273076369,-0.10027480709290365,0.1429090546152738,0.04263424752237016,0.04263781021110068,-3.562688730515684e-06,3.562688730515684e-06,8.355702867658398e-05,nan,nan
4,4,47,1,2,0,-0.05150697372830343,0.0727630603600792,0.10301394745660686,-0.0,0.10301394745660686,0.10302147081451131,-7.5233579044514665e-06,7.5233579044514665e-06,7.302708692634728e-05,-7.5233579044514665e-06,nan
4,4,47,1,2,1,-0.06047148924368919,0.07787886906506622,0.12094297848737838,-0.0,0.12094297848737838,0.12094132332883908,1.6551585392959867e-06,1.6551585392959867e-06,1.3685445488418487e-05,1.6551585392959867e-06,nan
4,4,47,1,2,2,-0.0720731447581089,0.08401844772883517,0.1441462895162178,-0.0,0.1441462895162178,0.1441461568291336,1.326870842088823e-07,1.326870842088823e-07,9.205029463762491e-07,1.326870842088823e-07,nan
4,4,47,1,2,3,-0.08043683002170772,0.0878089107061069,0.16087366004341544,-0.0,0.16087366004341544,0.16087545066232037,-1.7906189049288201e-06,1.7906189049288201e-06,1.113046706353819e-05,-1.7906189049288201e-06,nan
4,4,47,1,2,4,-0.08377383072622292,0.08881159223623705,0.16754766145244585,-0.0,0.16754766145244585,0.16754239857157868,5.262880867162867e-06,5.262880867162867e-06,3.141124633754797e-05,5.262880867162867e-06,nan
4,4,47,2,3,0,-0.08425834845278665,0.08859265189374999,-0.0,-0.17718530378749997,-0.17718530378749997,-0.17718755841697925,2.254629479281345e-06,2.254629479281345e-06,1.2724536075921748e-05,nan,2.254629479281345e-06
4,4,47,2,3,1,-0.08349626918554415,0.08692806874739376,-0.0,-0.1738561374947875,-0.1738561374947875,-0.17385590202432802,-2.354704594920154e-07,2.354704594920154e-07,1.3543983139454895e-06,nan,-2.354704594920154e-07
4,4,47,2,3,2,-0.08059401590512265,0.08271615215343414,-0.0,-0.16543230430686828,-0.16543230430686828,-0.16543185034995872,-4.539569095629581e-07,4.539569095629581e-07,2.7440644767958484e-06,nan,-4.539569095629581e-07
4,4,47,2,3,3,-0.07571979102153172,0.07662738524183779,-0.0,-0.15325477048367558,-0.15325477048367558,-0.1532541663192754,-6.041644001752999e-07,6.041644001752999e-07,3.942222472217623e-06,nan,-6.041644001752999e-07
4,4,47,2,3,4,-0.07144013635181408,0.07161279686813476,-0.0,-0.14322559373626953,-0.14322559373626953,-0.14322694623127952,1.3524950099874644e-06,1.3524950099874644e-06,9.44302064363983e-06,nan,1.3524950099874644e-06
4,4,48,0,1,0,0.06865942893613743,0.02156759402714638,0.13731885787227485,0.04313518805429276,0.1804540459265676,0.1804465841229922,7.461803575414816e-06,7.461803575414816e-06,4.1350159466367725e-05,nan,nan
4,4,48,0,1,1,0.06605607390599139,0.018373948278325686,0.13211214781198277,0.03674789655665137,0.16886004436863414,0.16886227612901664,-2.2317603824983934e-06,2.2317603824983934e-06,1.3216453275764511e-05,nan,nan
4,4,48,0,1,2,0.060028015903591636,0.012045128854517263,0.12005603180718327,0.024090257709034526,0.1441462895162178,0.14414615682913365,1.3268708415337116e-07,1.3268708415337116e-07,9.205029459911462e-07,nan,nan
4,4,48,0,1,3,0.05202758260640421,0.004450714474675653,0.10405516521280841,0.008901428949351305,0.11295659416215972,0.11295449786214282,2.0963000169071933e-06,2.0963000169071933e-06,1.8558456303115505e-05,nan,nan
4,4,48,0,1,4,0.045987911577314855,-0.0009341300860723418,0.09197582315462971,-0.0018682601721446836,0.09010756298248503,0.09011728526309784,-9.722280612814438e-06,9.722280612814438e-06,0.00010788474801954135,nan,nan
4,4,48,1,2,0,0.04595845929247683,-0.002245335701749505,-0.09191691858495366,0.0,-0.09191691858495366,-0.09191193799477788,-4.980590175771016e-06,4.980590175771016e-06,5.418578268774029e-05,-4.980590175771016e-06,nan
4,4,48,1,2,1,0.051795454543696474,-0.0020443600083606293,-0.10359090908739295,0.0,-0.10359090908739295,-0.10359210815161526,1.1990642223153047e-06,1.1990642223153047e-06,1.1574860708118606e-05,1.1990642223153047e-06,nan
4,4,48,1,2,2,0.05961808572837788,-0.0015300303371992717,-0.11923617145675576,0.0,-0.11923617145675576,-0.11923653143067807,3.599739223092424e-07,3.599739223092424e-07,3.0189902204470334e-06,3.599739223092424e-07,nan
4,4,48,1,2,3,0.06608735353441775,-0.000782413781377334,-0.1321747070688355,0.0,-0.1321747070688355,-0.13217548958022654,7.825113910453485e-07,7.825113910453485e-07,5.920245830225487e-06,7.825113910453485e-07,nan
4,4,48,1,2,4,0.06951559803471048,-0.0001669111959216966,-0.13903119606942096,0.0,-0.13903119606942096,-0.13902977047017123,-1.425599249732512e-06,1.425599249732512e-06,1.025380842599299e-05,-1.425599249732512e-06,nan
4,4,48,2,3,0,0.0704070917242107,0.0010485113272579686,0.0,-0.002097022654515937,-0.002097022654515937,-0.002098587880554159,1.565226038221807e-06,1.565226038221807e-06,0.0007458472684062624,nan,1.565226038221807e-06
4,4,48,2,3,1,0.07083432023160909,0.005270060700294542,0.0,-0.010540121400589084,-0.010540121400589084,-0.010539338369524427,-7.830310646567834e-07,7.830310646567834e-07,7.429051667403185e-05,nan,-7.830310646567834e-07
4,4,48,2,3,2,0.07087100499248679,0.011549057225795184,0.0,-0.02309811445159037,-0.02309811445159037,-0.023097659459640322,-4.549919500468347e-07,4.549919500468347e-07,1.9698229091401323e-05,nan,-4.549919500468347e-07
4,4,48,2,3,3,0.07020307835652548,0.017566271308848084,0.0,-0.03513254261769617,-0.03513254261769617,-0.03513189693635636,-6.456813398045269e-07,6.456813398045269e-07,1.837844037736395e-05,nan,-6.456813398045269e-07
4,4,48,2,3,4,0.0693655595684231,0.02131706884008803,0.0,-0.04263413768017606,-0.04263413768017606,-0.04263781021110068,3.6725309246199433e-06,3.6725309246199433e-06,8.613319742353482e-05,nan,3.6725309246199433e-06
4,4,49,0,1,0,0.06926248809703293,-0.03620880323985262,0.13852497619406587,-0.07241760647970524,0.06610736971436063,0.06610311170823732,4.258006123303293e-06,4.258006123303293e-06,6.44104604630536e-05,nan,nan
4,4,49,0,1,1,0.06481484274000089,-0.04075942855580655,0.12962968548000178,-0.0815188571116131,0.04811082836838869,0.04811231987642912,-1.4915080404284686e-06,1.4915080404284686e-06,3.1000542984816216e-05,nan,nan
4,4,49,0,1,2,0.057114070853231544,-0.047968373115694865,0.11422814170646309,-0.09593674623138973,0.018291395475073358,0.01829118001287972,2.1546219363885455e-07,2.1546219363885455e-07,1.177942896333285e-05,nan,nan
4,4,49,0,1,3,0.04887416805359561,-0.05503409014269811,0.09774833610719122,-0.11006818028539622,-0.012319844178205003,-0.012320330801485731,4.866232807283072e-07,4.866232807283072e-07,3.9497582375760915e-05,nan,nan
4,4,49,0,1,4,0.043465468045260316,-0.05931072122427747,0.08693093609052063,-0.11862144244855494,-0.031690506358034304,-0.031687358316104274,-3.148041930030321e-06,3.148041930030321e-06,9.93370662640806e-05,nan,nan
4,4,49,1,2,0,0.04505596605876684,-0.06187691559633795,-0.09011193211753368,0.0,-0.09011193211753368,-0.09011728526309788,5.353145564199191e-06,5.353145564199191e-06,5.940198429824705e-05,5.353145564199191e-06,nan
4,4,49,1,2,1,0.05647749277091263,-0.06786208898009188,-0.11295498554182526,0.0,-0.11295498554182526,-0.11295449786214284,-4.87679682414921e-07,4.87679682414921e-07,4.31746930049707e-06,-4.87679682414921e-07,nan
4,4,49,1,2,2,0.07207351654597181,-0.07521397147619228,-0.14414703309194363,0.0,-0.14414703309194363,-0.14414615682913365,-8.762628099789893e-07,8.762628099789893e-07,6.078951409426988e-06,-8.762628099789893e-07,nan
4,4,49,1,2,3,0.08442975584436262,-0.07998887409777798,-0.16885951168872523,0.0,-0.16885951168872523,-0.16886227612901658,2.76444029134737e-06,2.76444029134737e-06,1.637097612752325e-05,2.76444029134737e-06,nan
4,4,49,1,2,4,0.0902259650592662,-0.08147461579600915,-0.1804519301185324,0.0,-0.1804519301185324,-0.1804465841229921,-5.345995540279036e-06,5.345995540279036e-06,2.962559356814551e-05,-5.345995540279036e-06,nan
4,4,49,2,3,0,0.09117642964189711,-0.08047915375071762,0.0,0.16095830750143525,0.16095830750143525,0.16095417583017893,4.1316712563188585e-06,4.1316712563188585e-06,2.5669201673744095e-05,nan,4.1316712563188585e-06
4,4,49,2,3,1,0.08970672779085871,-0.07468752549604414,0.0,0.14937505099208828,0.14937505099208828,0.1493772212243568,-2.1702322685057673e-06,2.1702322685057673e-06,1.4528535547238437e-05,nan,-2.1702322685057673e-06
4,4,49,2,3,2,0.0850010256770248,-0.06285779493306265,0.0,0.1257155898661253,0.1257155898661253,0.1257149756110043,6.142551209897817e-07,6.142551209897817e-07,4.886069592831747e-06,nan,6.142551209897817e-07
4,4,49,2,3,3,0.07775188963096208,-0.04831069996783789,0.0,0.09662139993567578,0.09662139993567578,0.09662052361536677,8.763203090123017e-07,8.763203090123017e-07,9.069629601679323e-06,nan,8.763203090123017e-07
4,4,49,2,3,4,0.07182750493318742,-0.03778997153693757,0.0,0.07557994307387514,0.07557994307387514,0.07558472408113302,-4.781007257884107e-06,4.781007257884107e-06,6.325361792353901e-05,nan,-4.781007257884107e-06
4,4,50,0,1,0,0.042013867846000086,0.03421762282279113,0.08402773569200017,0.06843524564558226,0.15246298133758243,0.15244215235175537,2.0828985827059388e-05,2.0828985827059388e-05,0.00013661667667996073,nan,nan
4,4,50,0,1,1,0.03537956990894465,0.02961378604111074,0.0707591398178893,0.05922757208222148,0.12998671190011077,0.12999458985276094,-7.877952650170439e-06,7.877952650170439e-06,6.060215782128659e-05,nan,nan
4,4,50,0,1,2,0.023295767208160522,0.020279410341513236,0.046591534416321044,0.04055882068302647,0.08715035509934752,0.08714822521217222,2.1298871752950532e-06,2.1298871752950532e-06,2.4439225438233464e-05,nan,nan
4,4,50,0,1,3,0.01023073029285893,0.0092688589828392,0.02046146058571786,0.0185377179656784,0.03899917855139626,0.03899752328056007,1.6552708361899926e-06,1.6552708361899926e-06,4.244373593686194e-05,nan,nan
4,4,50,0,1,4,0.0019441175374128865,0.0017980588908024342,0.003888235074825773,0.0035961177816048683,0.007484352856430641,0.00750304135759053,-1.8688501159888973e-05,1.8688501159888973e-05,0.00249079010353349,nan,nan
4,4,50,1,2,0,0.002992355493647309,-0.0010422981223101658,-0.005984710987294618,0.0,-0.005984710987294618,-0.0059793637546391755,-5.3472326554428184e-06,5.3472326554428184e-06,0.0008934821859894072,-5.3472326554428184e-06,nan
4,4,50,1,2,1,0.0153522820041035,-0.005209861855927362,-0.030704564008207,0.0,-0.030704564008207,-0.030709058817789132,4.494809582131221e-06,4.494809582131221e-06,0.0001463675460977485,4.494809582131221e-06,nan
4,4,50,1,2,2,0.03407904265082593,-0.010960092309472095,-0.06815808530165186,0.0,-0.06815808530165186,-0.06815661043838148,-1.474863270387039e-06,1.474863270387039e-06,2.1638860068613085e-05,-1.474863270387039e-06,nan
4,4,50,1,2,3,0.05117959788367254,-0.015551733328274484,-0.10235919576734508,0.0,-0.10235919576734508,-0.10236577018143084,6.574414085760982e-06,6.574414085760982e-06,6.42247313150542e-05,6.574414085760982e-06,nan
4,4,50,1,2,4,0.06074805489544785,-0.01772008797112366,-0.1214961097908957,0.0,-0.1214961097908957,-0.12148501347778572,-1.109631310998449e-05,1.109631310998449e-05,9.133060415746736e-05,-1.109631310998449e-05,nan
4,4,50,2,3,0,0.06240991702029669,-0.015847337650831402,0.0,0.031694675301662804,0.031694675301662804,0.031687358316104294,7.31698555851007e-06,7.31698555851007e-06,0.00023085851137040036,nan,7.31698555851007e-06
4,4,50,2,3,1,0.06016738156060023,-0.006158142068530161,0.0,0.012316284137060322,0.012316284137060322,0.01232033080148575,-4.046664425428476e-06,4.046664425428476e-06,0.00032845420229629505,nan,-4.046664425428476e-06
4,4,50,2,3,2,0.05532307210841123,0.009145589632264892,0.0,-0.018291179264529785,-0.018291179264529785,-0.018291180012879722,7.483499375737779e-10,7.483499375737779e-10,4.091315798361985e-08,nan,7.483499375737779e-10
4,4,50,2,3,3,0.04915274112336471,0.02405659220048662,0.0,-0.04811318440097324,-0.04811318440097324,-0.048112319876429124,-8.645245441127325e-07,8.645245441127325e-07,1.7968557992499968e-05,nan,-8.645245441127325e-07
4,4,50,2,3,4,0.0445814808547502,0.033049926233900025,0.0,-0.06609985246780005,-0.06609985246780005,-0.06610311170823731,3.2592404372588923e-06,3.2592404372588923e-06,4.930540110795947e-05,nan,3.2592404372588923e-06
4,4,51,0,1,0,0.03191292032058529,0.044307481547774544,0.06382584064117058,0.08861496309554909,0.15244080373671967,0.15244215235175537,-1.3486150357011617e-06,1.3486150357011617e-06,8.84673310430094e-06,nan,nan
4,4,51,0,1,1,0.026131373633061065,0.03886626911519706,0.05226274726612213,0.07773253823039412,0.12999528549651626,0.12999458985276094,6.956437553218286e-07,6.956437553218286e-07,5.351299877259558e-06,nan,nan
4,4,51,0,1,2,0.016469170589928254,0.02710506718180203,0.03293834117985651,0.05421013436360406,0.08714847554346056,0.08714822521217226,2.5033128829565765e-07,2.5033128829565765e-07,2.872468930002322e-06,nan,nan
4,4,51,0,1,3,0.0069029477631983895,0.012600204203787642,0.013805895526396779,0.025200408407575283,0.03900630393397206,0.038997523280560074,8.78065341198414e-06,8.78065341198414e-06,0.00022510857288215763,nan,nan
4,4,51,0,1,4,0.0012737387575874198,0.0024678063655929577,0.0025474775151748397,0.0049356127311859154,0.007483090246360755,0.007503041357590529,-1.995111122977348e-05,1.995111122977348e-05,0.0026590698729908684,nan,nan
4,4,51,1,2,0,0.003741545123180367,-0.0024678063655929282,-0.007483090246360734,0.0,-0.007483090246360734,-0.007503041357590544,1.9951111229809908e-05,1.9951111229809908e-05,0.002659069872995718,1.9951111229809908e-05,nan
4,4,51,1,2,1,0.019503151966986022,-0.012600204203787642,-0.039006303933972045,0.0,-0.039006303933972045,-0.03899752328056007,-8.780653411977202e-06,8.780653411977202e-06,0.0002251085728819798,-8.780653411977202e-06,nan
4,4,51,1,2,2,0.0435742377717303,-0.027105067181802042,-0.0871484755434606,0.0,-0.0871484755434606,-0.08714822521217222,-2.503312883789244e-07,2.503312883789244e-07,2.8724689309577785e-06,-2.503312883789244e-07,nan
4,4,51,1,2,3,0.06499764274825814,-0.03886626911519706,-0.1299952854965163,0.0,-0.1299952854965163,-0.1299945898527609,-6.956437553773398e-07,6.956437553773398e-07,5.351299877686581e-06,-6.956437553773398e-07,nan
4,4,51,1,2,4,0.07622040186835988,-0.04430748154777453,-0.15244080373671975,0.0,-0.15244080373671975,-0.15244215235175532,1.3486150355623838e-06,1.3486150355623838e-06,8.84673310339058e-06,1.3486150355623838e-06,nan
4,4,51,2,3,0,0.07750990873173873,-0.042045237316581566,0.0,0.08409047463316313,0.08409047463316313,0.08405339677718242,3.707785598071334e-05,3.707785598071334e-05,0.0004409281329718025,nan,3.707785598071334e-05
4,4,51,2,3,1,0.07186976473754668,-0.02675103961075411,0.0,0.05350207922150822,0.05350207922150822,0.05351235857101492,-1.0279349506696345e-05,1.0279349506696345e-05,0.00019209300021890972,nan,-1.0279349506696345e-05
4,4,51,2,3,2,0.05965889831265338,-7.858159940187113e-18,0.0,1.5716319880374226e-17,1.5716319880374226e-17,0.0,1.5716319880374226e-17,1.5716319880374226e-17,1.0,nan,1.5716319880374226e-17
4,4,51,2,3,3,0.04511872512679256,0.026751039610754125,0.0,-0.05350207922150825,-0.05350207922150825,-0.05351235857101489,1.0279349506640834e-05,1.0279349506640834e-05,0.00019209300021787246,nan,1.0279349506640834e-05
4,4,51,2,3,4,0.035464671415157155,0.04204523731658163,0.0,-0.08409047463316326,-0.08409047463316326,-0.08405339677718245,-3.707785598081048e-05,3.707785598081048e-05,0.00044092813297295707,nan,-3.707785598081048e-05
4,4,52,0,1,0,-0.04458148085475017,0.07763140708865017,-0.08916296170950035,0.15526281417730034,0.0660998524678,0.06610311170823735,-3.259240437356037e-06,3.259240437356037e-06,4.930540110942903e-05,nan,nan
4,4,52,0,1,1,-0.04915274112336471,0.07320933332385127,-0.09830548224672941,0.14641866664770253,0.04811318440097312,0.04811231987642914,8.645245439808935e-07,8.645245439808935e-07,1.796855798975983e-05,nan,nan
4,4,52,0,1,2,-0.05532307210841125,0.06446866174067616,-0.1106461442168225,0.1289373234813523,0.018291179264529805,0.01829118001287972,-7.483499132876492e-10,7.483499132876492e-10,4.091315665586907e-08,nan,nan
4,4,52,0,1,3,-0.06016738156060022,0.05400923949207005,-0.12033476312120044,0.1080184789841401,-0.012316284137060332,-0.012320330801485726,4.046664425393781e-06,4.046664425393781e-06,0.00032845420229347965,nan,nan
4,4,52,0,1,4,-0.062409917020296704,0.046562579369465305,-0.12481983404059341,0.09312515873893061,-0.0316946753016628,-0.03168735831610429,-7.31698555851007e-06,7.31698555851007e-06,0.0002308585113704004,nan,nan
4,4,52,1,2,0,-0.060748054895447864,0.04302796692432419,0.12149610979089573,-0.0,0.12149610979089573,0.12148501347778573,1.1096313109998368e-05,1.1096313109998368e-05,9.133060415758157e-05,1.1096313109998368e-05,nan
4,4,52,1,2,1,-0.05117959788367254,0.035627864555398056,0.10235919576734508,-0.0,0.10235919576734508,0.10236577018143084,-6.574414085760982e-06,6.574414085760982e-06,6.42247313150542e-05,-6.574414085760982e-06,nan
4,4,52,1,2,2,-0.034079042650825946,0.023118950341353847,0.06815808530165189,-0.0,0.06815808530165189,0.06815661043838148,1.4748632704147946e-06,1.4748632704147946e-06,2.16388600690203e-05,1.4748632704147946e-06,nan
4,4,52,1,2,3,-0.015352282004103494,0.01014242014817613,0.030704564008206987,-0.0,0.030704564008206987,0.030709058817789136,-4.494809582148568e-06,4.494809582148568e-06,0.00014636754609831336,-4.494809582148568e-06,nan
4,4,52,1,2,4,-0.0029923554936473226,0.0019500573713371494,0.005984710987294645,-0.0,0.005984710987294645,0.0059793637546392,5.3472326554454205e-06,5.3472326554454205e-06,0.0008934821859898379,5.3472326554454205e-06,nan
4,4,52,2,3,0,-0.001944117537412892,0.0037421764282153285,-0.0,-0.007484352856430657,-0.007484352856430657,-0.0075030413575905425,1.8688501159885504e-05,1.8688501159885504e-05,0.0024907901035330234,nan,1.8688501159885504e-05
4,4,52,2,3,1,-0.010230730292858932,0.019499589275698146,-0.0,-0.03899917855139629,-0.03899917855139629,-0.03899752328056006,-1.655270836231626e-06,1.655270836231626e-06,4.2443735937929446e-05,nan,-1.655270836231626e-06
4,4,52,2,3,2,-0.023295767208160522,0.04357517754967377,-0.0,-0.08715035509934754,-0.08715035509934754,-0.08714822521217226,-2.1298871752811754e-06,2.1298871752811754e-06,2.4439225438074215e-05,nan,-2.1298871752811754e-06
4,4,52,2,3,3,-0.035379569908944676,0.06499335595005541,-0.0,-0.12998671190011082,-0.12998671190011082,-0.1299945898527609,7.877952650087172e-06,7.877952650087172e-06,6.0602157820646065e-05,nan,7.877952650087172e-06
4,4,52,2,3,4,-0.04201386784600012,0.07623149066879129,-0.0,-0.15246298133758257,-0.15246298133758257,-0.15244215235175537,-2.0828985827198165e-05,2.0828985827198165e-05,0.00013661667668087086,nan,-2.0828985827198165e-05
4,4,53,0,1,0,0.008751349263257059,0.08147461579600906,0.017502698526514118,0.16294923159201813,0.18045193011853225,0.18044658412299214,5.3459955401125026e-06,5.3459955401125026e-06,2.9625593567222664e-05,nan,nan
4,4,53,0,1,1,0.004440881746584632,0.07998887409777794,0.008881763493169263,0.15997774819555588,0.16885951168872515,0.1688622761290166,-2.764440291458392e-06,2.764440291458392e-06,1.637097612818072e-05,nan,nan
4,4,53,0,1,2,-0.0031404549302204536,0.07521397147619227,-0.006280909860440907,0.15042794295238454,0.14414703309194363,0.14414615682913365,8.762628099789893e-07,8.762628099789893e-07,6.078951409426988e-06,nan,nan
4,4,53,0,1,3,-0.011384596209179232,0.06786208898009183,-0.022769192418358463,0.13572417796018366,0.11295498554182519,0.1129544978621428,4.876796823871654e-07,4.876796823871654e-07,4.317469300251351e-06,nan,nan
4,4,53,0,1,4,-0.016820949537571104,0.061876915596337914,-0.03364189907514221,0.12375383119267583,0.09011193211753363,0.09011728526309783,-5.353145564199191e-06,5.353145564199191e-06,5.940198429824709e-05,nan,nan
4,4,53,1,2,0,-0.015845253179017155,0.05931072122427753,0.03169050635803431,-0.0,0.03169050635803431,0.0316873583161043,3.148041930009504e-06,3.148041930009504e-06,9.933706626342369e-05,3.148041930009504e-06,nan
4,4,53,1,2,1,-0.006159922089102521,0.05503409014269808,0.012319844178205043,-0.0,0.012319844178205043,0.01232033080148575,-4.866232807074905e-07,4.866232807074905e-07,3.9497582374071234e-05,-4.866232807074905e-07,nan
4,4,53,1,2,2,0.00914569773753666,0.04796837311569486,-0.01829139547507332,-0.0,-0.01829139547507332,-0.01829118001287972,-2.1546219360069063e-07,2.1546219360069063e-07,1.1779428961246434e-05,-2.1546219360069063e-07,nan
4,4,53,1,2,3,0.024055414184194313,0.04075942855580655,-0.048110828368388626,-0.0,-0.048110828368388626,-0.04811231987642912,1.4915080404909187e-06,1.4915080404909187e-06,3.100054298611422e-05,1.4915080404909187e-06,nan
4,4,53,1,2,4,0.033053684857180334,0.0362088032398526,-0.06610736971436067,-0.0,-0.06610736971436067,-0.0661031117082373,-4.258006123372682e-06,4.258006123372682e-06,6.441046046410321e-05,-4.258006123372682e-06,nan
4,4,53,2,3,0,0.03403753339624987,0.037789971536937556,0.0,-0.07557994307387511,-0.07557994307387511,-0.075584724081133,4.781007257884107e-06,4.781007257884107e-06,6.325361792353904e-05,nan,4.781007257884107e-06
4,4,53,2,3,1,0.029441189663124166,0.048310699967837926,0.0,-0.09662139993567585,-0.09662139993567585,-0.09662052361536676,-8.763203090955685e-07,8.763203090955685e-07,9.0696296025411e-06,nan,-8.763203090955685e-07
4,4,53,2,3,2,0.022143230743962142,0.06285779493306264,0.0,-0.12571558986612527,-0.12571558986612527,-0.12571497561100434,-6.142551209342706e-07,6.142551209342706e-07,4.886069592390187e-06,nan,-6.142551209342706e-07
4,4,53,2,3,3,0.015019202294814566,0.07468752549604415,0.0,-0.1493750509920883,-0.1493750509920883,-0.14937722122435676,2.170232268450256e-06,2.170232268450256e-06,1.4528535546866821e-05,nan,2.170232268450256e-06
4,4,53,2,3,4,0.010697275891179461,0.08047915375071767,0.0,-0.16095830750143533,-0.16095830750143533,-0.16095417583017893,-4.131671256402125e-06,4.131671256402125e-06,2.5669201674261402e-05,nan,-4.131671256402125e-06
4,4,54,0,1,0,-0.0693655595684231,0.0906826284085111,-0.1387311191368462,0.1813652568170222,0.042634137680176015,0.04263781021110068,-3.6725309246615767e-06,3.6725309246615767e-06,8.613319742451127e-05,nan,nan
4,4,54,0,1,1,-0.07020307835652544,0.08776934966537352,-0.14040615671305087,0.17553869933074703,0.03513254261769616,0.03513189693635638,6.456813397837102e-07,6.456813397837102e-07,1.8378440376771432e-05,nan,nan
4,4,54,0,1,2,-0.07087100499248679,0.08242006221828196,-0.14174200998497358,0.16484012443656393,0.02309811445159035,0.023097659459640322,4.5499195002948745e-07,4.5499195002948745e-07,1.9698229090650313e-05,nan,nan
4,4,54,0,1,3,-0.07083432023160909,0.07610438093190362,-0.14166864046321817,0.15220876186380725,0.010540121400589075,0.010539338369524427,7.830310646481098e-07,7.830310646481098e-07,7.429051667320901e-05,nan,nan
4,4,54,0,1,4,-0.07040709172421068,0.07145560305146867,-0.14081418344842137,0.14291120610293734,0.002097022654515973,0.0020985878805541607,-1.5652260381875463e-06,1.5652260381875463e-06,0.0007458472683899361,nan,nan
4,4,54,1,2,0,-0.06951559803471045,0.0693486868387888,0.1390311960694209,-0.0,0.1390311960694209,0.13902977047017123,1.425599249677001e-06,1.425599249677001e-06,1.0253808425593722e-05,1.425599249677001e-06,nan
4,4,54,1,2,1,-0.06608735353441778,0.06530493975304044,0.13217470706883555,-0.0,0.13217470706883555,0.13217548958022654,-7.825113909898374e-07,7.825113909898374e-07,5.920245829805506e-06,-7.825113909898374e-07,nan
4,4,54,1,2,2,-0.059618085728377866,0.058088055391178575,0.11923617145675573,-0.0,0.11923617145675573,0.11923653143067807,-3.59973922336998e-07,3.59973922336998e-07,3.0189902206798108e-06,-3.59973922336998e-07,nan
4,4,54,1,2,3,-0.051795454543696426,0.0497510945353358,0.10359090908739285,-0.0,0.10359090908739285,0.10359210815161525,-1.1990642223985715e-06,1.1990642223985715e-06,1.1574860708922403e-05,-1.1990642223985715e-06,nan
4,4,54,1,2,4,-0.04595845929247687,0.043713123590727376,0.09191691858495374,-0.0,0.09191691858495374,0.09191193799477788,4.9805901758542825e-06,4.9805901758542825e-06,5.418578268864614e-05,4.9805901758542825e-06,nan
4,4,54,2,3,0,-0.045987911577314876,0.04505378149124251,-0.0,-0.09010756298248503,-0.09010756298248503,-0.09011728526309787,9.722280612842193e-06,9.722280612842193e-06,0.00010788474801984931,nan,9.722280612842193e-06
4,4,54,2,3,1,-0.05202758260640419,0.05647829708107984,-0.0,-0.11295659416215968,-0.11295659416215968,-0.11295449786214284,-2.0963000168378043e-06,2.0963000168378043e-06,1.8558456302501213e-05,nan,-2.0963000168378043e-06
4,4,54,2,3,2,-0.06002801590359161,0.07207314475810886,-0.0,-0.14414628951621772,-0.14414628951621772,-0.1441461568291336,-1.3268708412561558e-07,1.3268708412561558e-07,9.205029457985953e-07,nan,-1.3268708412561558e-07
4,4,54,2,3,3,-0.06605607390599141,0.0844300221843171,-0.0,-0.1688600443686342,-0.1688600443686342,-0.16886227612901658,2.231760382387371e-06,2.231760382387371e-06,1.3216453275107043e-05,nan,2.231760382387371e-06
4,4,54,2,3,4,-0.06865942893613744,0.09022702296328386,-0.0,-0.18045404592656772,-0.18045404592656772,-0.1804465841229921,-7.461803575609105e-06,7.461803575609105e-06,4.1350159467444365e-05,nan,-7.461803575609105e-06
4,4,55,0,1,0,0.06543350654496838,0.07034235531474423,0.13086701308993676,0.14068471062948845,0.2715517237194252,0.27154059444598627,1.1129273438936771e-05,1.1129273438936771e-05,4.09839911398826e-05,nan,nan
4,4,55,0,1,1,0.06276111320887799,0.06931381889986817,0.12552222641775598,0.13862763779973633,0.2641498642174923,0.26415475761461965,-4.893397127336829e-06,4.893397127336829e-06,1.852473592194731e-05,nan,nan
4,4,55,0,1,2,0.05540620751993057,0.06364126807286391,0.11081241503986114,0.12728253614572782,0.23809495118558896,0.2380933790691095,1.572116479470198e-06,1.572116479470198e-06,6.602897170401456e-06,nan,nan
4,4,55,0,1,3,0.0449995585464041,0.053772001491364976,0.0899991170928082,0.10754400298272995,0.19754312007553815,0.19754028154404102,2.838531497129093e-06,2.838531497129093e-06,1.436917416331013e-05,nan,nan
4,4,55,0,1,4,0.03713304021126035,0.0455762705544135,0.0742660804225207,0.091152541108827,0.1654186215313477,0.1654378011943927,-1.9179663044988082e-05,1.9179663044988082e-05,0.00011593277296070683,nan,nan
4,4,55,1,2,0,0.037795507040019334,0.042762718544165156,-0.07559101408003867,-0.0,-0.07559101408003867,-0.07558472408113298,-6.289998905686933e-06,6.289998905686933e-06,8.32109342920951e-05,-6.289998905686933e-06,nan
4,4,55,1,2,1,0.048308584200943375,0.04011226654682666,-0.09661716840188675,-0.0,-0.09661716840188675,-0.09662052361536677,3.355213480021879e-06,3.355213480021879e-06,3.47256809886327e-05,3.355213480021879e-06,nan
4,4,55,1,2,2,0.06285789156860448,0.03638599170705841,-0.12571578313720896,-0.0,-0.12571578313720896,-0.1257149756110043,-8.075262046547405e-07,8.075262046547405e-07,6.42342738917188e-06,-8.075262046547405e-07,nan
4,4,55,1,2,3,0.07468680683528504,0.033305232083095014,-0.1493736136705701,-0.0,-0.1493736136705701,-0.14937722122435676,3.607553786671991e-06,3.607553786671991e-06,2.415062857042731e-05,3.607553786671991e-06,nan
4,4,55,1,2,4,0.08047942532909015,0.03174303410522774,-0.1609588506581803,-0.0,-0.1609588506581803,-0.16095417583017896,-4.674828001344222e-06,4.674828001344222e-06,2.9043621908508185e-05,-4.674828001344222e-06,nan
4,4,55,2,3,0,0.08128396429191409,0.033709227875515765,0.0,-0.06741845575103153,-0.06741845575103153,-0.06742763864767867,9.182896647141892e-06,9.182896647141892e-06,0.00013618891053154256,nan,9.182896647141892e-06
4,4,55,2,3,1,0.07944496513125694,0.042760379772238566,0.0,-0.08552075954447713,-0.08552075954447713,-0.08551665661152333,-4.102932953803373e-06,4.102932953803373e-06,4.797587130490281e-05,nan,-4.102932953803373e-06
4,4,55,2,3,2,0.07545055788358085,0.05513996533605087,0.0,-0.11027993067210173,-0.11027993067210173,-0.11027971224728715,-2.184248145825629e-07,2.184248145825629e-07,1.98063975241344e-06,nan,-2.184248145825629e-07
4,4,55,2,3,3,0.07041619292067104,0.06490147075929455,0.0,-0.1298029415185891,-0.1298029415185891,-0.12980293975629473,-1.7622943659922896e-09,1.7622943659922896e-09,1.3576690523148979e-08,nan,-1.7622943659922896e-09
4,4,55,2,3,4,0.06672583718953715,0.06940693522112451,0.0,-0.13881387044224902,-0.13881387044224902,-0.1388140560692231,1.8562697406965256e-07,1.8562697406965256e-07,1.3372347104178344e-06,nan,1.8562697406965256e-07
4,4,56,0,1,0,0.1205942264474721,-0.000534293882931329,0.2411884528949442,-0.001068587765862658,0.24011986512908154,0.24009671684021117,2.314828887037268e-05,2.314828887037268e-05,9.640305627328595e-05,nan,nan
4,4,56,0,1,1,0.11726547876008411,-0.0038768849729316386,0.23453095752016823,-0.007753769945863277,0.22677718757430496,0.22678784242029507,-1.0654845990110129e-05,1.0654845990110129e-05,4.698155719636863e-05,nan,nan
4,4,56,0,1,2,0.10702322077768875,-0.012298443293983606,0.2140464415553775,-0.02459688658796721,0.18944955496741028,0.1894451650198967,4.389947513588899e-06,4.389947513588899e-06,2.3172118373907354e-05,nan,nan
4,4,56,0,1,3,0.0922607071842369,-0.023460005123291234,0.1845214143684738,-0.04692001024658247,0.13760140412189134,0.1376005781352702,8.259866211279832e-07,8.259866211279832e-07,6.002748492277739e-06,nan,nan
4,4,56,0,1,4,0.08130269327895555,-0.03131354381495997,0.1626053865579111,-0.06262708762991993,0.09997829892799116,0.10000772221157381,-2.9423283582644122e-05,2.9423283582644122e-05,0.00029421011629878906,nan,nan
4,4,56,1,2,0,0.08272301747300624,-0.034600813499397524,-0.16544603494601248,0.0,-0.16544603494601248,-0.16543780119439272,-8.233751619762808e-06,8.233751619762808e-06,4.9766992738445524e-05,-8.233751619762808e-06,nan
4,4,56,1,2,1,0.09876517514543302,-0.03970890000583415,-0.19753035029086605,0.0,-0.19753035029086605,-0.19754028154404105,9.931253174999544e-06,9.931253174999544e-06,5.0274572342276424e-05,9.931253174999544e-06,nan
4,4,56,1,2,2,0.11904907171965114,-0.0450006013213499,-0.23809814343930227,0.0,-0.23809814343930227,-0.23809337906910955,-4.764370192728018e-06,4.764370192728018e-06,2.001011063718179e-05,-4.764370192728018e-06,nan
4,4,56,1,2,3,0.1320713851896656,-0.046745297715092934,-0.2641427703793312,0.0,-0.2641427703793312,-0.26415475761461965,1.1987235288446474e-05,1.1987235288446474e-05,4.537959261719934e-05,1.1987235288446474e-05,nan
4,4,56,1,2,4,0.1357771748276424,-0.04582087285333275,-0.2715543496552848,0.0,-0.2715543496552848,-0.2715405944459863,-1.3755209298471627e-05,1.3755209298471627e-05,5.065361433515132e-05,-1.3755209298471627e-05,nan
4,4,56,2,3,0,0.13650251099005717,-0.0440143132104768,0.0,0.0880286264209536,0.0880286264209536,0.0880125176961319,1.6108724821703446e-05,1.6108724821703446e-05,0.00018299416311088842,nan,1.6108724821703446e-05
4,4,56,2,3,1,0.13718077738843515,-0.03752130805217741,0.0,0.07504261610435482,0.07504261610435482,0.07505241144468652,-9.795340331700264e-06,9.795340331700264e-06,0.00013051333252522352,nan,-9.795340331700264e-06
4,4,56,2,3,2,0.13469525284012301,-0.02515831500170305,0.0,0.0503166300034061,0.0503166300034061,0.05031505128564575,1.578717760353232e-06,1.578717760353232e-06,3.137566566454e-05,nan,1.578717760353232e-06
4,4,56,2,3,3,0.12842607387478105,-0.011256816312864862,0.0,0.022513632625729724,0.022513632625729724,0.022515230563760036,-1.5979380303121626e-06,1.5979380303121626e-06,7.097142646561056e-05,nan,-1.5979380303121626e-06
4,4,56,2,3,4,0.12254776517309753,-0.002165485851006042,0.0,0.004330971702012084,0.004330971702012084,0.004331882947545814,-9.112455337297737e-07,9.112455337297737e-07,0.00021035783855748709,nan,-9.112455337297737e-07
4,4,57,0,1,0,-0.0014632712942804324,0.12152461157579256,-0.002926542588560865,0.24304922315158511,0.24012268056302424,0.24009671684021117,2.5963722813077128e-05,2.5963722813077128e-05,0.00010812690726339993,nan,nan
4,4,57,0,1,1,-0.008530225535322632,0.1219157188948156,-0.017060451070645265,0.2438314377896312,0.22677098671898593,0.22678784242029507,-1.6855701309131943e-05,1.6855701309131943e-05,7.432365478346092e-05,nan,nan
4,4,57,0,1,2,-0.021526986520536442,0.1162524846506525,-0.043053973041072884,0.232504969301305,0.1894509962602321,0.18944516501989658,5.831240335513188e-06,5.831240335513188e-06,3.0779676278415177e-05,nan,nan
4,4,57,0,1,3,-0.035283700422708876,0.10408446905928954,-0.07056740084541775,0.2081689381185791,0.13760153727316132,0.1376005781352702,9.59137891110018e-07,9.59137891110018e-07,6.9704009861893764e-06,nan,nan
4,4,57,0,1,4,-0.043500306195121914,0.09349203597480868,-0.08700061239024383,0.18698407194961736,0.09998345955937353,0.1000077222115738,-2.4262652200263135e-05,2.4262652200263135e-05,0.0002426077873160003,nan,nan
4,4,57,1,2,0,-0.04203703490084149,0.08922418722926823,0.08407406980168299,-0.0,0.08407406980168299,0.08405339677718242,2.0673024500567072e-05,2.0673024500567072e-05,0.00024589061228190055,2.0673024500567072e-05,nan
4,4,57,1,2,1,-0.026753474887386275,0.08202555689885356,0.05350694977477255,-0.0,0.05350694977477255,0.05351235857101492,-5.408796242369063e-06,5.408796242369063e-06,0.00010107564657594347,-5.408796242369063e-06,nan
4,4,57,1,2,2,-3.3686547423432808e-18,0.06888768799013849,6.7373094846865616e-18,-0.0,6.7373094846865616e-18,0.0,6.7373094846865616e-18,6.7373094846865616e-18,1.0,6.7373094846865616e-18,nan
4,4,57,1,2,3,0.02675347488738627,0.055272082011467265,-0.05350694977477254,-0.0,-0.05350694977477254,-0.0535123585710149,5.408796242355185e-06,5.408796242355185e-06,0.00010107564657568416,5.408796242355185e-06,nan
4,4,57,1,2,4,0.042037034900841444,0.047187152328426726,-0.08407406980168289,-0.0,-0.08407406980168289,-0.08405339677718246,-2.0673024500428294e-05,2.0673024500428294e-05,0.0002458906122802501,-2.0673024500428294e-05,nan
4,4,57,2,3,0,0.0435003061951219,0.04999172977968679,0.0,-0.09998345955937359,-0.09998345955937359,-0.10000772221157382,2.426265220023538e-05,2.426265220023538e-05,0.0002426077873157227,nan,2.426265220023538e-05
4,4,57,2,3,1,0.03528370042270891,0.0688007686365807,0.0,-0.1376015372731614,-0.1376015372731614,-0.13760057813527019,-9.591378912210402e-07,9.591378912210402e-07,6.970400986996211e-06,nan,-9.591378912210402e-07
4,4,57,2,3,2,0.021526986520536456,0.09472549813011602,0.0,-0.18945099626023204,-0.18945099626023204,-0.1894451650198967,-5.831240335346655e-06,5.831240335346655e-06,3.077967627753615e-05,nan,-5.831240335346655e-06
4,4,57,2,3,3,0.008530225535322629,0.11338549335949306,0.0,-0.22677098671898613,-0.22677098671898613,-0.22678784242029504,1.68557013089099e-05,1.68557013089099e-05,7.432365478248184e-05,nan,1.68557013089099e-05
4,4,57,2,3,4,0.001463271294280429,0.1200613402815122,0.0,-0.2401226805630244,-0.2401226805630244,-0.2400967168402112,-2.5963722813215906e-05,2.5963722813215906e-05,0.0001081269072639778,nan,-2.5963722813215906e-05
4,4,58,0,1,0,0.08995630197430969,0.04582087285333276,0.17991260394861938,0.09164174570666551,0.2715543496552849,0.27154059444598627,1.375520929863816e-05,1.375520929863816e-05,5.0653614335764555e-05,nan,nan
4,4,58,0,1,1,0.08532608747457267,0.046745297715092914,0.17065217494914534,0.09349059543018583,0.26414277037933115,0.26415475761461965,-1.1987235288501985e-05,1.1987235288501985e-05,4.5379592617409484e-05,nan,nan
4,4,58,0,1,2,0.0740484703983012,0.04500060132134988,0.1480969407966024,0.09000120264269976,0.23809814343930216,0.2380933790691095,4.764370192672507e-06,4.764370192672507e-06,2.0010110636948655e-05,nan,nan
4,4,58,0,1,3,0.05905627513959888,0.03970890000583418,0.11811255027919776,0.07941780001166836,0.19753035029086613,0.197540281544041,-9.931253174860766e-06,9.931253174860766e-06,5.027457234157391e-05,nan,nan
4,4,58,0,1,4,0.04812220397360868,0.034600813499397504,0.09624440794721736,0.06920162699879501,0.16544603494601237,0.16543780119439275,8.23375161962403e-06,8.23375161962403e-06,4.976699273760675e-05,nan,nan
4,4,58,1,2,0,0.04998914946399558,0.03131354381495999,-0.09997829892799116,-0.0,-0.09997829892799116,-0.10000772221157381,2.9423283582644122e-05,2.9423283582644122e-05,0.00029421011629878906,2.9423283582644122e-05,nan
4,4,58,1,2,1,0.06880070206094568,0.023460005123291244,-0.13760140412189137,-0.0,-0.13760140412189137,-0.13760057813527019,-8.259866211834943e-07,8.259866211834943e-07,6.002748492681158e-06,-8.259866211834943e-07,nan
4,4,58,1,2,2,0.0947247774837052,0.012298443293983599,-0.1894495549674104,-0.0,-0.1894495549674104,-0.18944516501989658,-4.389947513810943e-06,4.389947513810943e-06,2.317211837507939e-05,-4.389947513810943e-06,nan
4,4,58,1,2,3,0.11338859378715249,0.003876884972931637,-0.22677718757430498,-0.0,-0.22677718757430498,-0.22678784242029504,1.0654845990054618e-05,1.0654845990054618e-05,4.6981557196123865e-05,1.0654845990054618e-05,nan
4,4,58,1,2,4,0.12005993256454088,0.0005342938829313789,-0.24011986512908176,-0.0,-0.24011986512908176,-0.24009671684021122,-2.3148288870539213e-05,2.3148288870539213e-05,9.64030562739794e-05,-2.3148288870539213e-05,nan
4,4,58,2,3,0,0.12038227932209139,0.0021654858510060664,0.0,-0.004330971702012133,-0.004330971702012133,-0.004331882947545786,9.112455336534458e-07,9.112455336534458e-07,0.00021035783853986842,nan,9.112455336534458e-07
4,4,58,2,3,1,0.11716925756191619,0.011256816312864836,0.0,-0.02251363262572967,-0.02251363262572967,-0.02251523056376004,1.5979380303676738e-06,1.5979380303676738e-06,7.097142646807603e-05,nan,1.5979380303676738e-06
4,4,58,2,3,2,0.10953693783841992,0.02515831500170303,0.0,-0.05031663000340606,-0.05031663000340606,-0.05031505128564574,-1.5787177603185376e-06,1.5787177603185376e-06,3.13756656638505e-05,nan,-1.5787177603185376e-06
4,4,58,2,3,3,0.09965946933625769,0.03752130805217743,0.0,-0.07504261610435486,-0.07504261610435486,-0.07505241144468658,9.795340331714142e-06,9.795340331714142e-06,0.00013051333252540835,nan,9.795340331714142e-06
4,4,58,2,3,4,0.09248819777958053,0.044014313210476864,0.0,-0.08802862642095373,-0.08802862642095373,-0.08801251769613191,-1.610872482181447e-05,1.610872482181447e-05,0.00018299416311214937,nan,-1.610872482181447e-05
4,4,59,0,1,0,-0.0667258371895371,0.13613277241066157,-0.1334516743790742,0.27226554482132315,0.13881387044224894,0.13881405606922312,-1.8562697418067486e-07,1.8562697418067486e-07,1.3372347112176255e-06,nan,nan
4,4,59,0,1,1,-0.07041619292067101,0.13531766367996548,-0.14083238584134203,0.27063532735993096,0.12980294151858893,0.12980293975629473,1.762294199458836e-09,1.762294199458836e-09,1.3576689240177656e-08,nan,nan
4,4,59,0,1,2,-0.07545055788358089,0.13059052321963174,-0.15090111576716178,0.2611810464392635,0.1102799306721017,0.11027971224728715,2.1842481455480733e-07,2.1842481455480733e-07,1.980639752161758e-06,nan,nan
4,4,59,0,1,3,-0.0794449651312569,0.12220534490349551,-0.1588899302625138,0.24441068980699102,0.08552075954447722,0.0855166566115233,4.1029329539143955e-06,4.1029329539143955e-06,4.797587130620095e-05,nan,nan
4,4,59,0,1,4,-0.08128396429191408,0.11499319216742981,-0.16256792858382815,0.22998638433485963,0.06741845575103148,0.06742763864767869,-9.18289664721128e-06,9.18289664721128e-06,0.0001361889105325716,nan,nan
4,4,59,1,2,0,-0.08047942532909018,0.11222245943431793,0.16095885065818036,-0.0,0.16095885065818036,0.16095417583017893,4.674828001427489e-06,4.674828001427489e-06,2.904362190902549e-05,4.674828001427489e-06,nan
4,4,59,1,2,1,-0.07468680683528506,0.1079920389183801,0.14937361367057012,-0.0,0.14937361367057012,0.1493772212243568,-3.607553786671991e-06,3.607553786671991e-06,2.4150628570427303e-05,-3.607553786671991e-06,nan
4,4,59,1,2,2,-0.06285789156860448,0.09924388327566289,0.12571578313720896,-0.0,0.12571578313720896,0.1257149756110043,8.075262046547405e-07,8.075262046547405e-07,6.42342738917188e-06,8.075262046547405e-07,nan
4,4,59,1,2,3,-0.04830858420094338,0.08842085074777005,0.09661716840188676,-0.0,0.09661716840188676,0.09662052361536676,-3.3552134799941236e-06,3.3552134799941236e-06,3.472568098834544e-05,-3.3552134799941236e-06,nan
4,4,59,1,2,4,-0.03779550704001931,0.08055822558418449,0.07559101408003863,-0.0,0.07559101408003863,0.075584724081133,6.289998905631422e-06,6.289998905631422e-06,8.321093429136079e-05,6.289998905631422e-06,nan
4,4,59,2,3,0,-0.03713304021126037,0.08270931076567382,-0.0,-0.16541862153134765,-0.16541862153134765,-0.16543780119439272,1.917966304507135e-05,1.917966304507135e-05,0.00011593277296121013,nan,1.917966304507135e-05
4,4,59,2,3,1,-0.04499955854640414,0.0987715600377691,-0.0,-0.1975431200755382,-0.1975431200755382,-0.19754028154404105,-2.8385314971568487e-06,2.8385314971568487e-06,1.4369174163450628e-05,nan,-2.8385314971568487e-06
4,4,59,2,3,2,-0.05540620751993055,0.11904747559279448,-0.0,-0.23809495118558896,-0.23809495118558896,-0.23809337906910955,-1.572116479414687e-06,1.572116479414687e-06,6.6028971701683084e-06,nan,-1.572116479414687e-06
4,4,59,2,3,3,-0.062761113208878,0.13207493210874618,-0.0,-0.26414986421749237,-0.26414986421749237,-0.26415475761461965,4.893397127281318e-06,4.893397127281318e-06,1.8524735921737162e-05,nan,4.893397127281318e-06
4,4,59,2,3,4,-0.06543350654496843,0.13577586185971263,-0.0,-0.27155172371942526,-0.27155172371942526,-0.2715405944459863,-1.1129273438936771e-05,1.1129273438936771e-05,4.098399113988259e-05,nan,-1.1129273438936771e-05
4,4,60,0,1,0,0.023252352049121395,0.09503443875163682,0.04650470409824279,0.19006887750327364,0.23657358160151643,0.2365696014008606,3.980200655812061e-06,3.980200655812061e-06,1.6824366562266005e-05,nan,nan
4,4,60,0,1,1,0.020882421510476014,0.09743650150248376,0.04176484302095203,0.19487300300496752,0.23663784602591953,0.23664170457244224,-3.858546522711448e-06,3.858546522711448e-06,1.6305437495402445e-05,nan,nan
4,4,60,0,1,2,0.015204385579782312,0.09870439744682528,0.030408771159564623,0.19740879489365057,0.22781756605321518,0.22781613936455355,1.4266886616265406e-06,1.4266886616265406e-06,6.2624172768718145e-06,nan,nan
4,4,60,0,1,3,0.007465562059594515,0.09710602935038352,0.01493112411918903,0.19421205870076705,0.20914318281995609,0.20914652590204033,-3.3430820842450526e-06,3.3430820842450526e-06,1.598440170032219e-05,nan,nan
4,4,60,0,1,4,0.0015453051637733285,0.094495683668247,0.003090610327546657,0.188991367336494,0.19208197766404064,0.19207765184345896,4.325820581685402e-06,4.325820581685402e-06,2.252069993391802e-05,nan,nan
4,4,60,1,2,0,0.0021602179675775,0.09304225031268779,-0.004320435935155,-0.0,-0.004320435935155,-0.004331882947545786,1.1447012390785813e-05,1.1447012390785813e-05,0.002642502701341706,1.1447012390785813e-05,nan
4,4,60,1,2,1,0.011258759725058517,0.08984347345543568,-0.022517519450117034,-0.0,-0.022517519450117034,-0.02251523056376004,-2.2888863569943407e-06,2.2888863569943407e-06,0.00010164913422479332,-2.2888863569943407e-06,nan
4,4,60,1,2,2,0.02515744291288508,0.08352000612029713,-0.05031488582577016,-0.0,-0.05031488582577016,-0.05031505128564576,1.654598755992942e-07,1.654598755992942e-07,3.2884767355190554e-06,1.654598755992942e-07,nan
4,4,60,1,2,3,0.03752561291102327,0.0762792644791254,-0.07505122582204654,-0.0,-0.07505122582204654,-0.07505241144468658,1.1856226400375203e-06,1.1856226400375203e-06,1.579726243588217e-05,1.1856226400375203e-06,nan
4,4,60,1,2,4,0.044010345636817653,0.0714312547824061,-0.08802069127363531,-0.0,-0.08802069127363531,-0.08801251769613193,-8.17357750337866e-06,8.17357750337866e-06,9.285972860595878e-05,-8.17357750337866e-06,nan
4,4,60,2,3,0,0.04416115447038678,0.07239813486930735,0.0,-0.1447962697386147,-0.1447962697386147,-0.1447934198238623,-2.8499147524119195e-06,2.8499147524119195e-06,1.96822387590272e-05,nan,-2.8499147524119195e-06
4,4,60,2,3,1,0.03941549049806227,0.08025428053421797,0.0,-0.16050856106843595,-0.16050856106843595,-0.16051199857408385,3.4375056479074573e-06,3.4375056479074573e-06,2.141587967531839e-05,nan,3.4375056479074573e-06
4,4,60,2,3,2,0.03265557682139241,0.0892190205390958,0.0,-0.1784380410781916,-0.1784380410781916,-0.1784363226856686,-1.7183925229979913e-06,1.7183925229979913e-06,9.630191592637979e-06,nan,-1.7183925229979913e-06
4,4,60,2,3,3,0.02704404674728585,0.09393896426290636,0.0,-0.18787792852581273,-0.18787792852581273,-0.18788242679295414,4.498267141411771e-06,4.498267141411771e-06,2.3941925906507735e-05,nan,4.498267141411771e-06
4,4,60,2,3,4,0.02422091263113269,0.09445887565676807,0.0,-0.18891775131353614,-0.18891775131353614,-0.1889126521254644,-5.099188071733263e-06,5.099188071733263e-06,2.6991577214310728e-05,nan,-5.099188071733263e-06
4,4,61,0,1,0,0.11100077189459863,0.007284807557971626,0.22200154378919726,0.014569615115943253,0.23657115890514052,0.23656960140086056,1.5575042799642613e-06,1.5575042799642613e-06,6.583660862010589e-06,nan,nan
4,4,61,0,1,1,0.11054847775351415,0.007771387142129307,0.2210969555070283,0.015542774284258614,0.23663972979128692,0.23664170457244219,-1.97478115526728e-06,1.97478115526728e-06,8.345025906719448e-06,nan,nan
4,4,61,0,1,2,0.10713422156263636,0.006774472771497761,0.2142684431252727,0.013548945542995522,0.22781738866826823,0.22781613936455355,1.2493037146732444e-06,1.2493037146732444e-06,5.483794375733071e-06,nan,nan
4,4,61,0,1,3,0.1007859628036656,0.0037866625837268187,0.2015719256073312,0.0075733251674536374,0.20914525077478482,0.20914652590204036,-1.2751272555344695e-06,1.2751272555344695e-06,6.096812988094821e-06,nan,nan
4,4,61,0,1,4,0.09520332595027367,0.0008347626368501336,0.19040665190054734,0.0016695252737002671,0.1920761771742476,0.19207765184345893,-1.4746692113265514e-06,1.4746692113265514e-06,7.67746376100219e-06,nan,nan
4,4,61,1,2,0,0.09603808858712382,-0.0008347626368500974,-0.19207617717424763,0.0,-0.19207617717424763,-0.19207765184345893,1.4746692112987958e-06,1.4746692112987958e-06,7.677463760857688e-06,1.4746692112987958e-06,nan
4,4,61,1,2,1,0.10457262538739238,-0.0037866625837268213,-0.20914525077478477,0.0,-0.20914525077478477,-0.20914652590204036,1.2751272555899806e-06,1.2751272555899806e-06,6.096812988360238e-06,1.2751272555899806e-06,nan
4,4,61,1,2,2,0.11390869433413416,-0.006774472771497728,-0.2278173886682683,0.0,-0.2278173886682683,-0.2278161393645535,-1.2493037148120223e-06,1.2493037148120223e-06,5.483794376342232e-06,-1.2493037148120223e-06,nan
4,4,61,1,2,3,0.11831986489564347,-0.00777138714212928,-0.23663972979128695,0.0,-0.23663972979128695,-0.23664170457244219,1.9747811552395245e-06,1.9747811552395245e-06,8.345025906602158e-06,1.9747811552395245e-06,nan
4,4,61,1,2,4,0.11828557945257023,-0.007284807557971647,-0.23657115890514047,0.0,-0.23657115890514047,-0.23656960140086056,-1.5575042799087502e-06,1.5575042799087502e-06,6.583660861775941e-06,-1.5575042799087502e-06,nan
4,4,61,2,3,0,0.11815499504337212,-0.006453481241123966,0.0,0.012906962482247932,0.012906962482247932,0.012904185551413467,2.776930834464536e-06,2.776930834464536e-06,0.0002151498339197848,nan,2.776930834464536e-06
4,4,61,2,3,1,0.11858864011725043,-0.00399283173370934,0.0,0.00798566346741868,0.00798566346741868,0.007986825466696233,-1.161999277552589e-06,1.161999277552589e-06,0.00014548950423393342,nan,-1.161999277552589e-06
4,4,61,2,3,2,0.1175316416570386,-1.4446726912693642e-17,0.0,2.8893453825387283e-17,2.8893453825387283e-17,0.0,2.8893453825387283e-17,2.8893453825387283e-17,1.0,nan,2.8893453825387283e-17
4,4,61,2,3,3,0.11459580838354103,0.0039928317337093264,0.0,-0.007985663467418653,-0.007985663467418653,-0.007986825466696231,1.1619992775786098e-06,1.1619992775786098e-06,0.00014548950423719142,nan,1.1619992775786098e-06
4,4,61,2,3,4,0.11170151380224828,0.006453481241123939,0.0,-0.012906962482247878,-0.012906962482247878,-0.01290418555141344,-2.776930834438515e-06,2.776930834438515e-06,0.00021514983391776967,nan,-2.776930834438515e-06
4,4,62,0,1,0,-0.024220912631132668,0.11867978828790061,-0.048441825262265335,0.23735957657580123,0.1889177513135359,0.1889126521254644,5.0991880714834625e-06,5.0991880714834625e-06,2.6991577212988496e-05,nan,nan
4,4,62,0,1,1,-0.027044046747285784,0.12098301101019204,-0.05408809349457157,0.2419660220203841,0.18787792852581253,0.18788242679295417,-4.498267141633816e-06,4.498267141633816e-06,2.3941925907689556e-05,nan,nan
4,4,62,0,1,2,-0.0326555768213924,0.12187459736048824,-0.0653111536427848,0.24374919472097648,0.17843804107819167,0.1784363226856686,1.7183925230535024e-06,1.7183925230535024e-06,9.63019159294907e-06,nan,nan
4,4,62,0,1,3,-0.0394154904980623,0.1196697710322802,-0.0788309809961246,0.2393395420645604,0.1605085610684358,0.16051199857408388,-3.4375056480739907e-06,3.4375056480739907e-06,2.1415879676355902e-05,nan,nan
4,4,62,0,1,4,-0.044161154470386765,0.11655928933969412,-0.08832230894077353,0.23311857867938823,0.1447962697386147,0.1447934198238623,2.8499147524119195e-06,2.8499147524119195e-06,1.96822387590272e-05,nan,nan
4,4,62,1,2,0,-0.04401034563681767,0.1154416004192238,0.08802069127363533,-0.0,0.08802069127363533,0.08801251769613191,8.173577503420293e-06,8.173577503420293e-06,9.285972860643175e-05,8.173577503420293e-06,nan
4,4,62,1,2,1,-0.0375256129110233,0.11380487739014868,0.0750512258220466,-0.0,0.0750512258220466,0.07505241144468658,-1.1856226399820091e-06,1.1856226399820091e-06,1.5797262435142538e-05,-1.1856226399820091e-06,nan
4,4,62,1,2,2,-0.02515744291288506,0.10867744903318215,0.05031488582577012,-0.0,0.05031488582577012,0.05031505128564577,-1.6545987564786646e-07,1.6545987564786646e-07,3.2884767364844167e-06,-1.6545987564786646e-07,nan
4,4,62,1,2,3,-0.011258759725058505,0.10110223318049417,0.02251751945011701,-0.0,0.02251751945011701,0.022515230563760036,2.288886356973524e-06,2.288886356973524e-06,0.00010164913422386897,2.288886356973524e-06,nan
4,4,62,1,2,4,-0.002160217967577525,0.09520246828026524,0.00432043593515505,-0.0,0.00432043593515505,0.004331882947545785,-1.1447012390735506e-05,1.1447012390735506e-05,0.0026425027013300935,-1.1447012390735506e-05,nan
4,4,62,2,3,0,-0.0015453051637733422,0.09604098883202036,-0.0,-0.19208197766404073,-0.19208197766404073,-0.19207765184345896,-4.325820581768669e-06,4.325820581768669e-06,2.2520699934351504e-05,nan,-4.325820581768669e-06
4,4,62,2,3,1,-0.007465562059594532,0.10457159140997807,-0.0,-0.20914318281995614,-0.20914318281995614,-0.2091465259020404,3.3430820842450526e-06,3.3430820842450526e-06,1.5984401700322187e-05,nan,3.3430820842450526e-06
4,4,62,2,3,2,-0.015204385579782313,0.11390878302660754,-0.0,-0.22781756605321507,-0.22781756605321507,-0.22781613936455355,-1.4266886615155183e-06,1.4266886615155183e-06,6.262417276384488e-06,nan,-1.4266886615155183e-06
4,4,62,2,3,3,-0.020882421510475993,0.11831892301295974,-0.0,-0.23663784602591947,-0.23663784602591947,-0.23664170457244219,3.858546522711448e-06,3.858546522711448e-06,1.6305437495402448e-05,nan,3.858546522711448e-06
4,4,62,2,3,4,-0.023252352049121416,0.11828679080075837,-0.0,-0.23657358160151673,-0.23657358160151673,-0.23656960140086056,-3.980200656172883e-06,3.980200656172883e-06,1.6824366563791182e-05,nan,-3.980200656172883e-06
4,4,63,0,1,0,-1.5466699654632645e-05,0.07057975224053137,-3.093339930926529e-05,0.14115950448106274,0.14112857108175347,0.1411283583507254,2.1273102807084499e-07,2.1273102807084499e-07,1.5073562102999921e-06,nan,nan
4,4,63,0,1,1,-0.00038458991037188683,0.07174191445191515,-0.0007691798207437737,0.1434838289038303,0.1427146490830865,0.14271482794975096,-1.7886666445199317e-07,1.7886666445199317e-07,1.2533152092294927e-06,nan,nan
4,4,63,0,1,2,-0.0018260463131592984,0.07299314124079828,-0.003652092626318597,0.14598628248159656,0.14233418985527796,0.1423341908903184,-1.0350404422432291e-09,1.0350404422432291e-09,7.2719030878590725e-09,nan,nan
4,4,63,0,1,3,-0.004273080479829442,0.07363487791837507,-0.008546160959658884,0.14726975583675014,0.13872359487709127,0.1387240050879716,-4.10210880347206e-07,4.10210880347206e-07,2.9570288147827867e-06,nan,nan
4,4,63,0,1,4,-0.006424279955724478,0.07369986300938643,-0.012848559911448955,0.14739972601877285,0.1345511661073239,0.13454974820587856,1.4179014453385985e-06,1.4179014453385985e-06,1.0538009341424943e-05,nan,nan
4,4,63,1,2,0,-0.006453192237060886,0.07369719044615151,0.012906384474121771,-0.0,0.012906384474121771,0.012904185551413467,2.198922708303991e-06,2.198922708303991e-06,0.00017037480269652504,2.198922708303991e-06,nan
4,4,63,1,2,1,-0.003993192162609333,0.07342815459039058,0.007986384325218665,-0.0,0.007986384325218665,0.007986825466696233,-4.411414775678385e-07,4.411414775678385e-07,5.5233644381904536e-05,-4.411414775678385e-07,nan
4,4,63,1,2,2,1.5205681494546566e-17,0.07197331887431789,-3.041136298909313e-17,-0.0,-3.041136298909313e-17,0.0,-3.041136298909313e-17,3.041136298909313e-17,1.0,-3.041136298909313e-17,nan
4,4,63,1,2,3,0.00399319216260936,0.06943496242778127,-0.00798638432521872,-0.0,-0.00798638432521872,-0.007986825466696231,4.4114147751232735e-07,4.4114147751232735e-07,5.523364437495421e-05,4.4114147751232735e-07,nan
4,4,63,1,2,4,0.0064531922370608796,0.06724399820909062,-0.012906384474121759,-0.0,-0.012906384474121759,-0.01290418555141344,-2.1989227083196033e-06,2.1989227083196033e-06,0.00017037480269773488,-2.1989227083196033e-06,nan
4,4,63,2,3,0,0.0064242799557244525,0.06727558305366198,0.0,-0.13455116610732396,-0.13455116610732396,-0.13454974820587856,-1.4179014453941097e-06,1.4179014453941097e-06,1.0538009341837504e-05,nan,-1.4179014453941097e-06
4,4,63,2,3,1,0.004273080479829426,0.06936179743854567,0.0,-0.13872359487709135,-0.13872359487709135,-0.13872400508797164,4.1021088029169483e-07,4.1021088029169483e-07,2.957028814382631e-06,nan,4.1021088029169483e-07
4,4,63,2,3,2,0.0018260463131592821,0.07116709492763894,0.0,-0.14233418985527788,-0.14233418985527788,-0.1423341908903184,1.035040525509956e-09,1.035040525509956e-09,7.271903672867681e-09,nan,1.035040525509956e-09
4,4,63,2,3,3,0.00038458991037186883,0.07135732454154327,0.0,-0.14271464908308654,-0.14271464908308654,-0.14271482794975096,1.788666644242376e-07,1.788666644242376e-07,1.25331520903501e-06,nan,1.788666644242376e-07
4,4,63,2,3,4,1.546669965464341e-05,0.07056428554087678,0.0,-0.14112857108175356,-0.14112857108175356,-0.14112835835072537,-2.127310281818673e-07,2.127310281818673e-07,1.5073562110866661e-06,nan,-2.127310281818673e-07
4,4,64,0,1,0,0.07276306036007923,-0.021256086631775757,0.14552612072015847,-0.042512173263551514,0.10301394745660696,0.10302147081451134,-7.5233579043820775e-06,7.5233579043820775e-06,7.302708692567372e-05,nan,nan
4,4,64,0,1,1,0.07787886906506622,-0.01740737982137706,0.15575773813013244,-0.03481475964275412,0.12094297848737831,0.12094132332883911,1.6551585391988421e-06,1.6551585391988421e-06,1.368544548761527e-05,nan,nan
4,4,64,0,1,2,0.08401844772883514,-0.011945302970726253,0.16803689545767028,-0.023890605941452505,0.14414628951621777,0.14414615682913362,1.3268708415337116e-07,1.3268708415337116e-07,9.205029459911464e-07,nan,nan
4,4,64,0,1,3,0.08780891070610695,-0.00737208068439918,0.1756178214122139,-0.01474416136879836,0.16087366004341555,0.16087545066232037,-1.7906189048177978e-06,1.7906189048177978e-06,1.1130467062848077e-05,nan,nan
4,4,64,0,1,4,0.08881159223623698,-0.005037761510014105,0.17762318447247397,-0.01007552302002821,0.16754766145244576,0.16754239857157863,5.262880867135111e-06,5.262880867135111e-06,3.141124633738233e-05,nan,nan
4,4,64,1,2,0,0.08859265189375004,-0.0043343034409633885,-0.17718530378750008,0.0,-0.17718530378750008,-0.17718755841697925,2.2546294791703225e-06,2.2546294791703225e-06,1.2724536075295168e-05,2.2546294791703225e-06,nan
4,4,64,1,2,1,0.08692806874739377,-0.0034317995618496143,-0.17385613749478754,0.0,-0.17385613749478754,-0.17385590202432802,-2.3547045951977097e-07,2.3547045951977097e-07,1.354398314105136e-06,-2.3547045951977097e-07,nan
4,4,64,1,2,2,0.08271615215343418,-0.0021221362483114657,-0.16543230430686837,0.0,-0.16543230430686837,-0.16543185034995872,-4.539569096462248e-07,4.539569096462248e-07,2.744064477299175e-06,-4.539569096462248e-07,nan
4,4,64,1,2,3,0.07662738524183779,-0.0009075942203060795,-0.15325477048367558,0.0,-0.15325477048367558,-0.1532541663192754,-6.041644001752999e-07,6.041644001752999e-07,3.942222472217623e-06,-6.041644001752999e-07,nan
4,4,64,1,2,4,0.07161279686813471,-0.00017266051632066815,-0.14322559373626942,0.0,-0.14322559373626942,-0.14322694623127952,1.3524950100984867e-06,1.3524950100984867e-06,9.44302064441498e-06,1.3524950100984867e-06,nan
4,4,64,2,3,0,0.07041284104460965,-0.0010486875061662905,0.0,0.002097375012332581,0.002097375012332581,0.002098587880554159,-1.2128682215779667e-06,1.2128682215779667e-06,0.0005779449280235494,nan,-1.2128682215779667e-06
4,4,64,2,3,1,0.07095950067053784,-0.0052699710071255085,0.0,0.010539942014251017,0.010539942014251017,0.010539338369524427,6.036447265898859e-07,6.036447265898859e-07,5.727211077382589e-05,nan,6.036447265898859e-07
4,4,64,2,3,2,0.07146311090359898,-0.01154900919926113,0.0,0.02309801839852226,0.02309801839852226,0.023097659459640322,3.589388819363881e-07,3.589388819363881e-07,1.5539812798804937e-05,nan,3.589388819363881e-07
4,4,64,2,3,3,0.07159051791001443,-0.017566342894849204,0.0,0.03513268578969841,0.03513268578969841,0.03513189693635636,7.888533420444266e-07,7.888533420444266e-07,2.245354501976999e-05,nan,7.888533420444266e-07
4,4,64,2,3,4,0.07145452730763698,-0.021317123761185143,0.0,0.042634247522370286,0.042634247522370286,0.04263781021110068,-3.562688730390784e-06,3.562688730390784e-06,8.355702867365464e-05,nan,-3.562688730390784e-06
4,4,65,0,1,0,0.07099274229633733,-0.12924085934652366,0.14198548459267465,-0.2584817186930473,-0.11649623410037266,-0.11649292776232598,-3.3063380466824555e-06,3.3063380466824555e-06,2.8381501532776834e-05,nan,nan
4,4,65,0,1,1,0.07396522704723524,-0.13022715246678965,0.14793045409447048,-0.2604543049335793,-0.11252385083910882,-0.11252600228667359,2.151447564768816e-06,2.151447564768816e-06,1.9119559222300843e-05,nan,nan
4,4,65,0,1,2,0.07822655290552709,-0.12927745230659854,0.15645310581105418,-0.2585549046131971,-0.1021017988021429,-0.10210116375354923,-6.350485936695849e-07,6.350485936695849e-07,6.2197591141387074e-06,nan,nan
4,4,65,0,1,3,0.08193534064872944,-0.12556768004832877,0.16387068129745888,-0.25113536009665755,-0.08726467879919866,-0.08726448334808543,-1.954511132384873e-07,1.954511132384873e-07,2.239750560341054e-06,nan,nan
4,4,65,0,1,4,0.08389162208392549,-0.12169804778577807,0.16778324416785098,-0.24339609557155614,-0.07561285140370516,-0.07561542557068163,2.5741669764656194e-06,2.5741669764656194e-06,3.404288155542302e-05,nan,nan
4,4,65,1,2,0,0.08377248381814228,-0.12045286306550536,-0.16754496763628457,0.0,-0.16754496763628457,-0.1675423985715787,-2.5690647058596028e-06,2.5690647058596028e-06,1.5333583229050864e-05,-2.5690647058596028e-06,nan
4,4,65,1,2,1,0.0804369241106533,-0.11903669013012569,-0.1608738482213066,0.0,-0.1608738482213066,-0.1608754506623204,1.6024410137982503e-06,1.6024410137982503e-06,9.960755399292055e-06,1.6024410137982503e-06,nan
4,4,65,1,2,2,0.07207351654597179,-0.11439118672681818,-0.14414703309194357,0.0,-0.14414703309194357,-0.14414615682913362,-8.762628099512337e-07,8.762628099512337e-07,6.078951409234439e-06,-8.762628099512337e-07,nan
4,4,65,1,2,3,0.060470324504621926,-0.10720404390807119,-0.12094064900924385,0.0,-0.12094064900924385,-0.12094132332883908,6.74319595231343e-07,6.74319595231343e-07,5.5755929956039105e-06,6.74319595231343e-07,nan
4,4,65,1,2,4,0.05150944729989082,-0.10133404550580109,-0.10301889459978164,0.0,-0.10301889459978164,-0.1030214708145113,2.5762147296548576e-06,2.5762147296548576e-06,2.5006580757260744e-05,2.5762147296548576e-06,nan
4,4,65,2,3,0,0.05075027560323196,-0.10244032627355308,0.0,0.20488065254710616,0.20488065254710616,0.2048822430847563,-1.5905376501423873e-06,1.5905376501423873e-06,7.763179601096074e-06,nan,-1.5905376501423873e-06
4,4,65,2,3,1,0.05664555519572487,-0.11215994280654101,0.0,0.22431988561308203,0.22431988561308203,0.22432137377095646,-1.4881578744296853e-06,1.4881578744296853e-06,6.634044047666943e-06,nan,-1.4881578744296853e-06
4,4,65,2,3,2,0.06388854362472925,-0.12305439207167078,0.0,0.24610878414334156,0.24610878414334156,0.2461073193774333,1.4647659082600573e-06,1.4647659082600573e-06,5.951701046992826e-06,nan,1.4647659082600573e-06
4,4,65,2,3,3,0.06860150532372766,-0.1286280395715866,0.0,0.2572560791431732,0.2572560791431732,0.2572588457784695,-2.766635296302944e-06,2.766635296302944e-06,1.0754286360614966e-05,nan,-2.766635296302944e-06
4,4,65,2,3,4,0.07009725073388305,-0.1290917734443042,0.0,0.2581835468886084,0.2581835468886084,0.2581807635516964,2.783336912004497e-06,2.783336912004497e-06,1.078045811031231e-05,nan,2.783336912004497e-06
4,4,66,0,1,0,0.13861852086710116,-0.058069428069004864,0.2772370417342023,-0.11613885613800973,0.1610981855961926,0.16110591824684692,-7.732650654318496e-06,7.732650654318496e-06,4.799730971068678e-05,nan,nan
4,4,66,0,1,1,0.14361547494680052,-0.05610267463409003,0.28723094989360104,-0.11220534926818006,0.175025600625421,0.175025050980281,5.496451399855662e-07,5.496451399855662e-07,3.1403699688589146e-06,nan,nan
4,4,66,0,1,2,0.147161274193161,-0.053271241513251515,0.294322548386322,-0.10654248302650303,0.18778006535981895,0.1877783277834638,1.7375763551596979e-06,1.7375763551596979e-06,9.253252478266009e-06,nan,nan
4,4,66,0,1,3,0.14559308337899363,-0.051043764181270664,0.29118616675798725,-0.10208752836254133,0.18909863839544594,0.1891023461699331,-3.707774487160531e-06,3.707774487160531e-06,1.960723683369117e-05,nan,nan
4,4,66,0,1,4,0.1417736100971503,-0.05000809387425535,0.2835472201943006,-0.1000161877485107,0.18353103244578992,0.18352807674985439,2.955695935530356e-06,2.955695935530356e-06,1.6104611280947207e-05,nan,nan
4,4,66,1,2,0,0.14180507009043197,-0.04983345215015704,-0.28361014018086395,0.0,-0.28361014018086395,-0.28360747589308544,-2.6642877785088004e-06,2.6642877785088004e-06,9.394190831151982e-06,-2.6642877785088004e-06,nan
4,4,66,1,2,1,0.1451557512935125,-0.04925357811160921,-0.290311502587025,0.0,-0.290311502587025,-0.2903149383303786,3.435743353596976e-06,3.435743353596976e-06,1.1834538633651355e-05,3.435743353596976e-06,nan
4,4,66,1,2,2,0.14435898587514678,-0.04642403947690733,-0.28871797175029357,0.0,-0.28871797175029357,-0.2887160349329558,-1.936817337788721e-06,1.936817337788721e-06,6.70833660283481e-06,-1.936817337788721e-06,nan
4,4,66,1,2,3,0.13669934403514492,-0.041538045878935205,-0.27339868807028983,0.0,-0.27339868807028983,-0.27339908340447744,3.953341876083982e-07,3.953341876083982e-07,1.4459967556786765e-06,3.953341876083982e-07,nan
4,4,66,1,2,4,0.12816810353228378,-0.03739582399598659,-0.25633620706456756,0.0,-0.25633620706456756,-0.2563402907731431,4.083708575519651e-06,4.083708575519651e-06,1.593081042079985e-05,4.083708575519651e-06,nan
4,4,66,2,3,0,0.12677747285686455,-0.03780736547166808,0.0,0.07561473094333616,0.07561473094333616,0.07561542557068167,-6.946273455044061e-07,6.946273455044061e-07,9.186318006702241e-06,nan,-6.946273455044061e-07
4,4,66,2,3,1,0.1307417335855788,-0.043632116177674714,0.0,0.08726423235534943,0.08726423235534943,0.08726448334808545,-2.5099273602557925e-07,2.5099273602557925e-07,2.876230127031239e-06,nan,-2.5099273602557925e-07
4,4,66,2,3,2,0.13509038915388358,-0.05105089145800312,0.0,0.10210178291600625,0.10210178291600625,0.10210116375354926,6.19162456985678e-07,6.19162456985678e-07,6.0641689038381466e-06,nan,6.19162456985678e-07
4,4,66,2,3,3,0.13721829589721016,-0.05626300720903462,0.0,0.11252601441806924,0.11252601441806924,0.11252600228667359,1.2131395651926447e-08,1.2131395651926447e-08,1.0780969818103152e-07,nan,1.2131395651926447e-08
4,4,66,2,3,4,0.13725840221241223,-0.05824548179200103,0.0,0.11649096358400206,0.11649096358400206,0.11649292776232598,-1.964178323918264e-06,1.964178323918264e-06,1.6860923333695138e-05,nan,-1.964178323918264e-06
4,4,67,0,1,0,0.08794695167369991,-0.16850448329570014,0.17589390334739982,-0.3370089665914003,-0.16111506324400046,-0.16110591824684697,-9.144997153487378e-06,9.144997153487378e-06,5.6760658931298995e-05,nan,nan
4,4,67,0,1,1,0.08871717386894684,-0.17622553270151492,0.17743434773789368,-0.35245106540302984,-0.17501671766513616,-0.175025050980281,8.333315144853914e-06,8.333315144853914e-06,4.761212808212681e-05,nan,nan
4,4,67,0,1,2,0.0896946515187731,-0.18358540823672115,0.1793893030375462,-0.3671708164734423,-0.1877815134358961,-0.18777832778346376,-3.1856524323470303e-06,3.1856524323470303e-06,1.696467545744077e-05,nan,nan
4,4,67,0,1,3,0.09043547967334217,-0.1849855568108304,0.18087095934668435,-0.3699711136216608,-0.18910015427497645,-0.1891023461699331,2.1918949566490653e-06,2.1918949566490653e-06,1.1591051095047557e-05,nan,nan
4,4,67,0,1,4,0.09068163813672452,-0.18244449975389018,0.18136327627344903,-0.36488899950778036,-0.18352572323433133,-0.1835280767498543,2.3535155229681415e-06,2.3535155229681415e-06,1.2823735553966186e-05,nan,nan
4,4,67,1,2,0,0.09176286161716564,-0.18244449975389018,-0.18352572323433128,0.0,-0.18352572323433128,-0.1835280767498544,2.353515523134675e-06,2.353515523134675e-06,1.2823735554873579e-05,2.353515523134675e-06,nan
4,4,67,1,2,1,0.09455007713748821,-0.18498555681083037,-0.18910015427497642,0.0,-0.18910015427497642,-0.18910234616993313,2.1918949567045765e-06,2.1918949567045765e-06,1.1591051095341106e-05,2.1918949567045765e-06,nan
4,4,67,1,2,2,0.09389075671794807,-0.18358540823672123,-0.18778151343589614,0.0,-0.18778151343589614,-0.18777832778346376,-3.185652432374786e-06,3.185652432374786e-06,1.6964675457588572e-05,-3.185652432374786e-06,nan
4,4,67,1,2,3,0.08750835883256812,-0.176225532701515,-0.17501671766513624,0.0,-0.17501671766513624,-0.17502505098028098,8.333315144742892e-06,8.333315144742892e-06,4.76121280814925e-05,8.333315144742892e-06,nan
4,4,67,1,2,4,0.08055753162200016,-0.1685044832957001,-0.16111506324400032,0.0,-0.16111506324400032,-0.16110591824684695,-9.144997153376355e-06,9.144997153376355e-06,5.676065893060996e-05,-9.144997153376355e-06,nan
4,4,67,2,3,0,0.08076839939602422,-0.1700490820285364,0.0,0.3400981640570728,0.3400981640570728,0.34010443905178495,-6.2749947121187866e-06,6.2749947121187866e-06,1.8450199384675905e-05,nan,-6.2749947121187866e-06
4,4,67,2,3,1,0.08838382221130528,-0.18218929584809826,0.0,0.3643785916961965,0.3643785916961965,0.36438842055556525,-9.828859368732346e-06,9.828859368732346e-06,2.6973577683250097e-05,nan,-9.828859368732346e-06
4,4,67,2,3,2,0.09472477748370516,-0.18944955496741028,0.0,0.37889910993482057,0.37889910993482057,0.3788903300397933,8.77989502728882e-06,8.77989502728882e-06,2.3172118374200366e-05,nan,8.77989502728882e-06
4,4,67,2,3,3,0.09380547363679294,-0.18218929584809812,0.0,0.36437859169619624,0.36437859169619624,0.3643884205555652,-9.82885936895439e-06,9.82885936895439e-06,2.6973577683859462e-05,nan,-9.82885936895439e-06
4,4,67,2,3,4,0.08928068263251221,-0.1700490820285365,0.0,0.340098164057073,0.340098164057073,0.34010443905178495,-6.274994711952253e-06,6.274994711952253e-06,1.8450199384186253e-05,nan,-6.274994711952253e-06
4,4,68,0,1,0,0.1372584022124122,-0.07901292042041116,0.2745168044248244,-0.15802584084082233,0.11649096358400207,0.11649292776232595,-1.964178323876631e-06,1.964178323876631e-06,1.6860923333337754e-05,nan,nan
4,4,68,0,1,1,0.13721829589721016,-0.08095528868817548,0.2744365917944203,-0.16191057737635095,0.11252601441806936,0.11252600228667359,1.2131395776826537e-08,1.2131395776826537e-08,1.0780969929099776e-07,nan,nan
4,4,68,0,1,2,0.13509038915388374,-0.08403949769588048,0.2701807783077675,-0.16807899539176097,0.10210178291600652,0.10210116375354926,6.191624572632337e-07,6.191624572632337e-07,6.064168906556552e-06,nan,nan
4,4,68,0,1,3,0.1307417335855788,-0.08710961740790409,0.2614834671711576,-0.17421923481580817,0.08726423235534944,0.08726448334808541,-2.509927359700681e-07,2.509927359700681e-07,2.876230126395115e-06,nan,nan
4,4,68,0,1,4,0.12677747285686453,-0.08897010738519649,0.25355494571372905,-0.17794021477039298,0.07561473094333607,0.07561542557068165,-6.946273455876728e-07,6.946273455876728e-07,9.18631800780343e-06,nan,nan
4,4,68,1,2,0,0.12816810353228375,-0.09077227953629718,-0.2563362070645675,0.0,-0.2563362070645675,-0.2563402907731431,4.083708575575162e-06,4.083708575575162e-06,1.5930810421016402e-05,4.083708575575162e-06,nan
4,4,68,1,2,1,0.13669934403514494,-0.09516129815620969,-0.2733986880702899,0.0,-0.2733986880702899,-0.2733990834044775,3.953341876083982e-07,3.953341876083982e-07,1.445996755678676e-06,3.953341876083982e-07,nan
4,4,68,1,2,2,0.14435898587514673,-0.09793494639823941,-0.28871797175029346,0.0,-0.28871797175029346,-0.2887160349329558,-1.9368173376776987e-06,1.9368173376776987e-06,6.708336602450277e-06,-1.9368173376776987e-06,nan
4,4,68,1,2,3,0.14515575129351246,-0.09590217318190326,-0.2903115025870249,0.0,-0.2903115025870249,-0.2903149383303786,3.4357433536524873e-06,3.4357433536524873e-06,1.1834538633842566e-05,3.4357433536524873e-06,nan
4,4,68,1,2,4,0.14180507009043192,-0.09197161794027488,-0.28361014018086383,0.0,-0.28361014018086383,-0.2836074758930854,-2.6642877784532892e-06,2.6642877784532892e-06,9.394190830956255e-06,-2.6642877784532892e-06,nan
4,4,68,2,3,0,0.14177361009715037,-0.091765516222895,0.0,0.18353103244579,0.18353103244579,0.18352807674985439,2.9556959356136225e-06,2.9556959356136225e-06,1.610461128140089e-05,nan,2.9556959356136225e-06
4,4,68,2,3,1,0.1455930833789936,-0.09454931919772294,0.0,0.18909863839544588,0.18909863839544588,0.1891023461699331,-3.7077744872160423e-06,3.7077744872160423e-06,1.9607236833984723e-05,nan,-3.7077744872160423e-06
4,4,68,2,3,2,0.1471612741931609,-0.09389003267990946,0.0,0.18778006535981892,0.18778006535981892,0.1877783277834638,1.7375763551319423e-06,1.7375763551319423e-06,9.253252478118202e-06,nan,1.7375763551319423e-06
4,4,68,2,3,3,0.1436154749468006,-0.08751280031271051,0.0,0.17502560062542102,0.17502560062542102,0.17502505098028098,5.496451400410773e-07,5.496451400410773e-07,3.1403699691760743e-06,nan,5.496451400410773e-07
4,4,68,2,3,4,0.1386185208671013,-0.08054909279809642,0.0,0.16109818559619285,0.16109818559619285,0.16110591824684695,-7.732650654096451e-06,7.732650654096451e-06,4.799730970930852e-05,nan,-7.732650654096451e-06
4,4,69,0,1,0,0.04982459820591029,-0.10133404550580108,0.09964919641182057,-0.20266809101160216,-0.10301889459978159,-0.10302147081451127,2.5762147296826132e-06,2.5762147296826132e-06,2.5006580757530168e-05,nan,nan
4,4,69,0,1,1,0.046733719403449184,-0.1072040439080711,0.09346743880689837,-0.2144080878161422,-0.12094064900924384,-0.12094132332883908,6.743195952452208e-07,6.743195952452208e-07,5.575592995718658e-06,nan,nan
4,4,69,0,1,2,0.04231767018084633,-0.11439118672681813,0.08463534036169267,-0.22878237345363625,-0.1441470330919436,-0.14414615682913362,-8.762628099789893e-07,8.762628099789893e-07,6.0789514094269884e-06,nan,nan
4,4,69,0,1,3,0.038599766019472403,-0.11903669013012569,0.07719953203894481,-0.23807338026025138,-0.16087384822130657,-0.1608754506623203,1.6024410137427392e-06,1.6024410137427392e-06,9.960755398947002e-06,nan,nan
4,4,69,0,1,4,0.03668037924736307,-0.12045286306550525,0.07336075849472613,-0.2409057261310105,-0.16754496763628435,-0.16754239857157863,-2.569064705720825e-06,2.569064705720825e-06,1.533358322822258e-05,nan,nan
4,4,69,1,2,0,0.0378064257018526,-0.12169804778577806,-0.0756128514037052,0.0,-0.0756128514037052,-0.07561542557068165,2.5741669764517416e-06,2.5741669764517416e-06,3.404288155523947e-05,2.5741669764517416e-06,nan
4,4,69,1,2,1,0.04363233939959934,-0.12556768004832877,-0.08726467879919868,0.0,-0.08726467879919868,-0.08726448334808544,-1.954511132384873e-07,1.954511132384873e-07,2.2397505603410535e-06,-1.954511132384873e-07,nan
4,4,69,1,2,2,0.05105089940107146,-0.1292774523065985,-0.10210179880214292,0.0,-0.10210179880214292,-0.10210116375354925,-6.350485936695849e-07,6.350485936695849e-07,6.219759114138707e-06,-6.350485936695849e-07,nan
4,4,69,1,2,3,0.05626192541955446,-0.1302271524667897,-0.11252385083910892,0.0,-0.11252385083910892,-0.11252600228667359,2.1514475646716713e-06,2.1514475646716713e-06,1.9119559221437537e-05,2.1514475646716713e-06,nan
4,4,69,1,2,4,0.05824811705018627,-0.12924085934652355,-0.11649623410037253,0.0,-0.11649623410037253,-0.11649292776232595,-3.306338046585311e-06,3.306338046585311e-06,2.8381501531942978e-05,-3.306338046585311e-06,nan
4,4,69,2,3,0,0.058994522710421084,-0.12909177344430411,0.0,0.25818354688860823,0.25818354688860823,0.2581807635516962,2.783336912004497e-06,2.783336912004497e-06,1.0780458110312317e-05,nan,2.783336912004497e-06
4,4,69,2,3,1,0.06002653424785901,-0.12862803957158672,0.0,0.25725607914317344,0.25725607914317344,0.25725884577846947,-2.766635296025388e-06,2.766635296025388e-06,1.0754286359536072e-05,nan,-2.766635296025388e-06
4,4,69,2,3,2,0.05916584844694145,-0.12305439207167072,0.0,0.24610878414334145,0.24610878414334145,0.2461073193774333,1.464765908149035e-06,1.464765908149035e-06,5.951701046541717e-06,nan,1.464765908149035e-06
4,4,69,2,3,3,0.05551438761081611,-0.11215994280654097,0.0,0.22431988561308194,0.22431988561308194,0.22432137377095646,-1.488157874512952e-06,1.488157874512952e-06,6.634044048038138e-06,nan,-1.488157874512952e-06
4,4,69,2,3,4,0.05169005067032118,-0.10244032627355311,0.0,0.20488065254710622,0.20488065254710622,0.2048822430847563,-1.5905376500868762e-06,1.5905376500868762e-06,7.763179600825133e-06,nan,-1.5905376500868762e-06
4,4,70,0,1,0,0.07145452730763693,-0.05013740354645181,0.14290905461527387,-0.10027480709290362,0.042634247522370244,0.04263781021110068,-3.5626887304324173e-06,3.5626887304324173e-06,8.355702867463108e-05,nan,nan
4,4,70,0,1,1,0.0715905179100144,-0.054024175015165224,0.1431810358200288,-0.10804835003033045,0.03513268578969836,0.03513189693635638,7.888533419819765e-07,7.888533419819765e-07,2.245354501799247e-05,nan,nan
4,4,70,0,1,2,0.07146311090359897,-0.05991410170433787,0.14292622180719794,-0.11982820340867574,0.0230980183985222,0.023097659459640322,3.589388818774075e-07,3.589388818774075e-07,1.5539812796251485e-05,nan,nan
4,4,70,0,1,3,0.07095950067053784,-0.06568952966341231,0.14191900134107568,-0.13137905932682462,0.01053994201425107,0.010539338369524427,6.036447266419276e-07,6.036447266419276e-07,5.727211077876318e-05,nan,nan
4,4,70,0,1,4,0.07041284104460964,-0.06936415353844338,0.14082568208921928,-0.13872830707688677,0.0020973750123325086,0.0020985878805541607,-1.212868221652126e-06,1.212868221652126e-06,0.0005779449280588868,nan,nan
4,4,70,1,2,0,0.0716127968681347,-0.07144013635181405,-0.1432255937362694,0.0,-0.1432255937362694,-0.14322694623127954,1.3524950101539979e-06,1.3524950101539979e-06,9.443020644802553e-06,1.3524950101539979e-06,nan
4,4,70,1,2,1,0.0766273852418378,-0.07571979102153173,-0.1532547704836756,0.0,-0.1532547704836756,-0.1532541663192754,-6.041644002030555e-07,6.041644002030555e-07,3.942222472398729e-06,-6.041644002030555e-07,nan
4,4,70,1,2,2,0.08271615215343417,-0.0805940159051227,-0.16543230430686834,0.0,-0.16543230430686834,-0.16543185034995872,-4.5395690961846924e-07,4.5395690961846924e-07,2.7440644771313997e-06,-4.5395690961846924e-07,nan
4,4,70,1,2,3,0.08692806874739371,-0.08349626918554412,-0.17385613749478743,0.0,-0.17385613749478743,-0.17385590202432796,-2.3547045946425982e-07,2.3547045946425982e-07,1.3543983137858433e-06,-2.3547045946425982e-07,nan
4,4,70,1,2,4,0.08859265189375005,-0.08425834845278665,-0.1771853037875001,0.0,-0.1771853037875001,-0.17718755841697925,2.254629479142567e-06,2.254629479142567e-06,1.2724536075138522e-05,2.254629479142567e-06,nan
4,4,70,2,3,0,0.08881159223623702,-0.08377383072622295,0.0,0.1675476614524459,0.1675476614524459,0.16754239857157865,5.2628808672461336e-06,5.2628808672461336e-06,3.1411246338044934e-05,nan,5.2628808672461336e-06
4,4,70,2,3,1,0.08780891070610694,-0.08043683002170778,0.0,0.16087366004341555,0.16087366004341555,0.16087545066232042,-1.790618904873309e-06,1.790618904873309e-06,1.1130467063193131e-05,nan,-1.790618904873309e-06
4,4,70,2,3,2,0.0840184477288351,-0.07207314475810886,0.0,0.14414628951621772,0.14414628951621772,0.1441461568291336,1.3268708412561558e-07,1.3268708412561558e-07,9.205029457985953e-07,nan,1.3268708412561558e-07
4,4,70,2,3,3,0.0778788690650662,-0.06047148924368914,0.0,0.12094297848737828,0.12094297848737828,0.12094132332883906,1.6551585392265977e-06,1.6551585392265977e-06,1.3685445487844766e-05,nan,1.6551585392265977e-06
4,4,70,2,3,4,0.07276306036007922,-0.05150697372830345,0.0,0.1030139474566069,0.1030139474566069,0.10302147081451131,-7.523357904409833e-06,7.523357904409833e-06,7.302708692594316e-05,nan,-7.523357904409833e-06
4,4,71,0,1,0,0.11723965931002614,-0.06948713724499321,0.23447931862005228,-0.13897427448998642,0.09550504413006586,0.09551555905372246,-1.0514923656598785e-05,1.0514923656598785e-05,0.00011008597720382598,nan,nan
4,4,71,0,1,1,0.12307373637298781,-0.0660485341862665,0.24614747274597562,-0.132097068372533,0.11405040437344263,0.11404993472524665,4.696481959859389e-07,4.696481959859389e-07,4.117900314041319e-06,nan,nan
4,4,71,0,1,2,0.12895685937469537,-0.06022423891213653,0.25791371874939073,-0.12044847782427306,0.13746524092511767,0.137463276497818,1.9644272996610646e-06,1.9644272996610646e-06,1.4290356503511748e-05,nan,nan
4,4,71,0,1,3,0.13071601922160492,-0.054463903546491,0.26143203844320984,-0.108927807092982,0.15250423135022784,0.15250982041652095,-5.589066293110179e-06,5.589066293110179e-06,3.664725509377579e-05,nan,nan
4,4,71,0,1,4,0.1294200911030563,-0.051028382466687595,0.2588401822061126,-0.10205676493337519,0.15678341727273742,0.1567740352993011,9.38197343633429e-06,9.38197343633429e-06,5.9840342808790736e-05,nan,nan
4,4,71,1,2,0,0.12909091506592038,-0.04991420281349686,-0.25818183013184076,0.0,-0.25818183013184076,-0.2581807635516962,-1.0665801445375322e-06,1.0665801445375322e-06,4.131120086928202e-06,-1.0665801445375322e-06,nan
4,4,71,1,2,1,0.12862818361046463,-0.047953288227018824,-0.25725636722092926,0.0,-0.25725636722092926,-0.25725884577846947,2.478557540208648e-06,2.478557540208648e-06,9.634489079310343e-06,2.478557540208648e-06,nan
4,4,71,1,2,2,0.12305437265887256,-0.04338132533841404,-0.24610874531774513,0.0,-0.24610874531774513,-0.2461073193774333,-1.4259403118277447e-06,1.4259403118277447e-06,5.793944095675053e-06,-1.4259403118277447e-06,nan
4,4,71,1,2,3,0.11216078094442958,-0.03726911994188356,-0.22432156188885916,0.0,-0.22432156188885916,-0.2243213737709565,-1.8811790264416928e-07,1.8811790264416928e-07,8.386082062738709e-07,-1.8811790264416928e-07,nan
4,4,71,1,2,4,0.10243945314992682,-0.03262452173134014,-0.20487890629985364,0.0,-0.20487890629985364,-0.20488224308475633,3.33678490269107e-06,3.33678490269107e-06,1.6286354798012916e-05,3.33678490269107e-06,nan
4,4,71,2,3,0,0.100959700316777,-0.03371082076132015,0.0,0.0674216415226403,0.0674216415226403,0.06742763864767867,-5.997125038376128e-06,5.997125038376128e-06,8.894164408918672e-05,nan,-5.997125038376128e-06
4,4,71,2,3,1,0.10543127768191773,-0.042759366379233846,0.0,0.08551873275846769,0.08551873275846769,0.08551665661152333,2.0761469443630887e-06,2.0761469443630887e-06,2.4277101371775386e-05,nan,2.0761469443630887e-06
4,4,71,2,3,2,0.11091450505101606,-0.05513997788826983,0.0,0.11027995577653966,0.11027995577653966,0.11027971224728715,2.4352925251380775e-07,2.4352925251380775e-07,2.208282101665612e-06,nan,2.4352925251380775e-07
4,4,71,2,3,3,0.11445990917635286,-0.06490199853011447,0.0,0.12980399706022894,0.12980399706022894,0.12980293975629473,1.0573039342098856e-06,1.0573039342098856e-06,8.145388109422375e-06,nan,1.0573039342098856e-06
4,4,71,2,3,4,0.11551699121738407,-0.06940577937566009,0.0,0.13881155875132017,0.13881155875132017,0.1388140560692231,-2.497317902916407e-06,2.497317902916407e-06,1.7990382052312176e-05,nan,-2.497317902916407e-06
4,4,72,0,1,0,0.06677821523011712,-0.15881260201069422,0.13355643046023424,-0.31762520402138844,-0.1840687735611542,-0.1840611189887562,-7.654572397985948e-06,7.654572397985948e-06,4.158539359987003e-05,nan,nan
4,4,72,0,1,1,0.06857873025008376,-0.16413047192178346,0.13715746050016753,-0.3282609438435669,-0.19110348334339938,-0.1911129367062851,9.453362885714078e-06,9.453362885714078e-06,4.946479839950671e-05,nan,nan
4,4,72,0,1,2,0.07195734160663693,-0.16668211909034208,0.14391468321327386,-0.33336423818068417,-0.1894495549674103,-0.1894451650198967,-4.389947513616654e-06,4.389947513616654e-06,2.3172118374053856e-05,nan,nan
4,4,72,0,1,3,0.07574664971047833,-0.16238420388687677,0.15149329942095666,-0.32476840777375354,-0.17327510835279689,-0.17327548384928018,3.7549648329582297e-07,3.7549648329582297e-07,2.1670491113586512e-06,nan,nan
4,4,72,0,1,4,0.07804420261467003,-0.15605889786262922,0.15608840522934006,-0.31211779572525844,-0.15602939049591838,-0.1560433200630288,1.3929567110410046e-05,1.3929567110410046e-05,8.926730798078146e-05,nan,nan
4,4,72,1,2,0,0.07838588771936592,-0.15446068549368272,-0.15677177543873183,0.0,-0.15677177543873183,-0.15677403529930117,2.2598605693424645e-06,2.2598605693424645e-06,1.441476303794891e-05,2.2598605693424645e-06,nan
4,4,72,1,2,1,0.07625445906112299,-0.1545574475078422,-0.15250891812224598,0.0,-0.15250891812224598,-0.15250982041652095,9.022942749625784e-07,9.022942749625784e-07,5.916302782983512e-06,9.022942749625784e-07,nan
4,4,72,1,2,2,0.06873255277343336,-0.15116442343005138,-0.13746510554686672,0.0,-0.13746510554686672,-0.13746327649781795,-1.8290490487737898e-06,1.8290490487737898e-06,1.3305551554319378e-05,-1.8290490487737898e-06,nan
4,4,72,1,2,3,0.057024460019163434,-0.14408372515163348,-0.11404892003832687,0.0,-0.11404892003832687,-0.11404993472524662,1.014686919750818e-06,1.014686919750818e-06,8.896865414217568e-06,1.014686919750818e-06,nan
4,4,72,1,2,4,0.04775585833365717,-0.13777624974764469,-0.09551171666731434,0.0,-0.09551171666731434,-0.09551555905372246,3.842386408117737e-06,3.842386408117737e-06,4.0227858646114374e-05,3.842386408117737e-06,nan
4,4,72,2,3,0,0.047094611610920135,-0.13951871995082274,0.0,0.2790374399016455,0.2790374399016455,0.27904363580357683,-6.195901931349557e-06,6.195901931349557e-06,2.2204061072766943e-05,nan,-6.195901931349557e-06
4,4,72,2,3,1,0.05364824547829132,-0.1515745371566517,0.0,0.3031490743133034,0.3031490743133034,0.30315228089517965,-3.2065818762472276e-06,3.2065818762472276e-06,1.0577462477862605e-05,nan,-3.2065818762472276e-06
4,4,72,2,3,2,0.06146977191127816,-0.16262330949138148,0.0,0.32524661898276297,0.32524661898276297,0.32524160428128185,5.01470148112082e-06,5.01470148112082e-06,1.541815099202179e-05,nan,5.01470148112082e-06
4,4,72,2,3,3,0.06584027363889526,-0.1637628178936912,0.0,0.3275256357873824,0.3275256357873824,0.3275348713968019,-9.23560941945567e-06,9.23560941945567e-06,2.8197331722480676e-05,nan,-9.23560941945567e-06
4,4,72,2,3,4,0.06651373381998286,-0.15894341934136616,0.0,0.3178868386827323,0.3178868386827323,0.31787995354614806,6.885136584255935e-06,6.885136584255935e-06,2.1659080359497557e-05,nan,6.885136584255935e-06
4,4,73,0,1,0,0.1827162232040769,-0.09068745852354863,0.3654324464081538,-0.18137491704709727,0.18405752936105654,0.1840611189887562,-3.5896276996683074e-06,3.5896276996683074e-06,1.9502368123099306e-05,nan,nan
4,4,73,0,1,1,0.18611002595814313,-0.09055578243417614,0.37222005191628627,-0.18111156486835228,0.19110848704793398,0.19111293670628515,-4.449658351168839e-06,4.449658351168839e-06,2.3282873613141976e-05,nan,nan
4,4,73,0,1,2,0.185140172640791,-0.09041467451067492,0.370280345281582,-0.18082934902134984,0.18945099626023215,0.18944516501989658,5.831240335568699e-06,5.831240335568699e-06,3.0779676278708175e-05,nan,nan
4,4,73,0,1,3,0.177187800906283,-0.09055578243417618,0.354375601812566,-0.18111156486835236,0.17326403694421363,0.17327548384928015,-1.1446905066520019e-05,1.1446905066520019e-05,6.606188487966859e-05,nan,nan
4,4,73,0,1,4,0.1687117639042192,-0.09068745852354859,0.3374235278084384,-0.18137491704709718,0.1560486107613412,0.1560433200630288,5.290698312399034e-06,5.290698312399034e-06,3.390416798064651e-05,nan,nan
4,4,73,1,2,0,0.17005307006119896,-0.0920287646805283,-0.3401061401223979,0.0,-0.3401061401223979,-0.34010443905178495,-1.7010706129805264e-06,1.7010706129805264e-06,5.001587481979427e-06,-1.7010706129805264e-06,nan
4,4,73,1,2,1,0.1821862619960738,-0.09555424352396698,-0.3643725239921476,0.0,-0.3643725239921476,-0.36438842055556525,1.5896563417661103e-05,1.5896563417661103e-05,4.362532539707049e-05,1.5896563417661103e-05,nan
4,4,73,1,2,2,0.1894509962602322,-0.09472549813011609,-0.3789019925204644,0.0,-0.3789019925204644,-0.3788903300397933,-1.1662480671137399e-05,1.1662480671137399e-05,3.077967627870817e-05,-1.1662480671137399e-05,nan
4,4,73,1,2,3,0.18218626199607377,-0.08663201847210676,-0.36437252399214753,0.0,-0.36437252399214753,-0.3643884205555652,1.5896563417661103e-05,1.5896563417661103e-05,4.36253253970705e-05,1.5896563417661103e-05,nan
4,4,73,1,2,4,0.17005307006119896,-0.07802430538067069,-0.3401061401223979,0.0,-0.3401061401223979,-0.340104439051785,-1.7010706129250153e-06,1.7010706129250153e-06,5.00158748181621e-06,-1.7010706129250153e-06,nan
4,4,73,2,3,0,0.16871176390421913,-0.07802430538067062,0.0,0.15604861076134124,0.15604861076134124,0.1560433200630288,5.290698312454545e-06,5.290698312454545e-06,3.390416798100222e-05,nan,5.290698312454545e-06
4,4,73,2,3,1,0.17718780090628297,-0.08663201847210683,0.0,0.17326403694421366,0.17326403694421366,0.17327548384928013,-1.1446905066464508e-05,1.1446905066464508e-05,6.606188487934824e-05,nan,-1.1446905066464508e-05
4,4,73,2,3,2,0.18514017264079094,-0.09472549813011603,0.0,0.18945099626023207,0.18945099626023207,0.1894451650198967,5.83124033537441e-06,5.83124033537441e-06,3.0779676277682656e-05,nan,5.83124033537441e-06
4,4,73,2,3,3,0.18611002595814313,-0.09555424352396692,0.0,0.19110848704793384,0.19110848704793384,0.1911129367062851,-4.449658351252106e-06,4.449658351252106e-06,2.3282873613577677e-05,nan,-4.449658351252106e-06
4,4,73,2,3,4,0.182716223204077,-0.09202876468052829,0.0,0.18405752936105657,0.18405752936105657,0.1840611189887562,-3.589627699640552e-06,3.589627699640552e-06,1.950236812294851e-05,nan,-3.589627699640552e-06
4,4,74,0,1,0,0.0900203914139875,-0.13777624974764466,0.180040782827975,-0.2755524994952893,-0.09551171666731431,-0.09551555905372248,3.842386408173248e-06,3.842386408173248e-06,4.022785864669554e-05,nan,nan
4,4,74,0,1,1,0.08705926513247002,-0.14408372515163345,0.17411853026494004,-0.2881674503032669,-0.11404892003832687,-0.11404993472524662,1.014686919750818e-06,1.014686919750818e-06,8.896865414217568e-06,nan,nan
4,4,74,0,1,2,0.08243187065661792,-0.1511644234300512,0.16486374131323583,-0.3023288468601024,-0.13746510554686658,-0.13746327649781795,-1.829049048635012e-06,1.829049048635012e-06,1.330555155330984e-05,nan,nan
4,4,74,0,1,3,0.07830298844671914,-0.15455744750784212,0.15660597689343828,-0.30911489501568423,-0.15250891812224596,-0.15250982041652092,9.022942749625784e-07,9.022942749625784e-07,5.9163027829835125e-06,nan,nan
4,4,74,0,1,4,0.0760747977743168,-0.1544606854936827,0.1521495955486336,-0.3089213709873654,-0.15677177543873178,-0.1567740352993011,2.259860569314709e-06,2.259860569314709e-06,1.4414763037771878e-05,nan,nan
4,4,74,1,2,0,0.07801469524795923,-0.1560588978626293,-0.15602939049591846,0.0,-0.15602939049591846,-0.1560433200630288,1.392956711032678e-05,1.392956711032678e-05,8.926730798024786e-05,1.392956711032678e-05,nan
4,4,74,1,2,1,0.0866375541763984,-0.1623842038868768,-0.1732751083527968,0.0,-0.1732751083527968,-0.17327548384928013,3.7549648332357854e-07,3.7549648332357854e-07,2.167049111518834e-06,3.7549648332357854e-07,nan
4,4,74,1,2,2,0.09472477748370518,-0.16668211909034217,-0.18944955496741037,0.0,-0.18944955496741037,-0.18944516501989658,-4.389947513783188e-06,4.389947513783188e-06,2.3172118374932887e-05,-4.389947513783188e-06,nan
4,4,74,1,2,3,0.09555174167169977,-0.1641304719217835,-0.19110348334339955,0.0,-0.19110348334339955,-0.19111293670628512,9.4533628855753e-06,9.4533628855753e-06,4.9464798398780546e-05,9.4533628855753e-06,nan
4,4,74,1,2,4,0.0920343867805772,-0.15881260201069433,-0.1840687735611544,0.0,-0.1840687735611544,-0.18406111898875624,-7.654572398152482e-06,7.654572398152482e-06,4.1585393600774724e-05,-7.654572398152482e-06,nan
4,4,74,2,3,0,0.09242968552138321,-0.15894341934136608,0.0,0.31788683868273215,0.31788683868273215,0.3178799535461481,6.885136584033891e-06,6.885136584033891e-06,2.1659080358799066e-05,nan,6.885136584033891e-06
4,4,74,2,3,1,0.09792254425479592,-0.1637628178936912,0.0,0.3275256357873824,0.3275256357873824,0.327534871396802,-9.235609419566693e-06,9.235609419566693e-06,2.819733172281963e-05,nan,-9.235609419566693e-06
4,4,74,2,3,2,0.10115353758010323,-0.1626233094913814,0.0,0.3252466189827628,0.3252466189827628,0.3252416042812818,5.014701481009798e-06,5.014701481009798e-06,1.541815099168045e-05,nan,5.014701481009798e-06
4,4,74,2,3,3,0.09792629167836032,-0.15157453715665167,0.0,0.30314907431330335,0.30314907431330335,0.30315228089517976,-3.206581876413761e-06,3.206581876413761e-06,1.0577462478411941e-05,nan,-3.206581876413761e-06
4,4,74,2,3,4,0.09242410833990268,-0.13951871995082285,0.0,0.2790374399016457,0.2790374399016457,0.2790436358035769,-6.195901931183023e-06,6.195901931183023e-06,2.220406107217014e-05,nan,-6.195901931183023e-06
4,4,75,0,1,0,0.11551699121738392,-0.046111211841723905,0.23103398243476783,-0.09222242368344781,0.13881155875132,0.13881405606922312,-2.4973179031106962e-06,2.4973179031106962e-06,1.7990382053711806e-05,nan,nan
4,4,75,0,1,1,0.11445990917635282,-0.04955791064623839,0.22891981835270564,-0.09911582129247679,0.12980399706022885,0.12980293975629473,1.0573039341266188e-06,1.0573039341266188e-06,8.145388108780898e-06,nan,nan
4,4,75,0,1,2,0.11091450505101613,-0.05577452716274622,0.22182901010203226,-0.11154905432549243,0.11027995577653983,0.11027971224728715,2.435292526803412e-07,2.435292526803412e-07,2.2082821031757056e-06,nan,nan
4,4,75,0,1,3,0.10543127768191769,-0.06267191130268386,0.21086255536383539,-0.12534382260536772,0.08551873275846766,0.0855166566115233,2.0761469443630887e-06,2.0761469443630887e-06,2.4277101371775393e-05,nan,nan
4,4,75,0,1,4,0.10095970031677698,-0.06724887955545684,0.20191940063355396,-0.1344977591109137,0.06742164152264027,0.06742763864767869,-5.997125038417761e-06,5.997125038417761e-06,8.894164408980416e-05,nan,nan
4,4,75,1,2,0,0.10243945314992688,-0.0698149314185867,-0.20487890629985375,0.0,-0.20487890629985375,-0.2048822430847563,3.336784902552292e-06,3.336784902552292e-06,1.6286354797335564e-05,3.336784902552292e-06,nan
4,4,75,1,2,1,0.11216078094442963,-0.07489166100254606,-0.22432156188885927,0.0,-0.22432156188885927,-0.22432137377095646,-1.8811790281070273e-07,1.8811790281070273e-07,8.386082070162576e-07,-1.8811790281070273e-07,nan
4,4,75,1,2,2,0.12305437265887252,-0.0796730473204585,-0.24610874531774504,0.0,-0.24610874531774504,-0.2461073193774333,-1.425940311744478e-06,1.425940311744478e-06,5.793944095336722e-06,-1.425940311744478e-06,nan
4,4,75,1,2,3,0.1286281836104646,-0.08067489538344584,-0.2572563672209292,0.0,-0.2572563672209292,-0.25725884577846947,2.478557540264159e-06,2.478557540264159e-06,9.634489079526123e-06,2.478557540264159e-06,nan
4,4,75,1,2,4,0.12909091506592033,-0.07917671225242348,-0.25818183013184065,0.0,-0.25818183013184065,-0.2581807635516963,-1.0665801443709988e-06,1.0665801443709988e-06,4.1311200862831796e-06,-1.0665801443709988e-06,nan
4,4,75,2,3,0,0.1294200911030563,-0.07839170863636871,0.0,0.15678341727273742,0.15678341727273742,0.15677403529930115,9.381973436278779e-06,9.381973436278779e-06,5.984034280843667e-05,nan,9.381973436278779e-06
4,4,75,2,3,1,0.13071601922160495,-0.0762521156751139,0.0,0.1525042313502278,0.1525042313502278,0.152509820416521,-5.589066293193445e-06,5.589066293193445e-06,3.6647255094321755e-05,nan,-5.589066293193445e-06
4,4,75,2,3,2,0.12895685937469528,-0.0687326204625588,0.0,0.1374652409251176,0.1374652409251176,0.137463276497818,1.9644272996055534e-06,1.9644272996055534e-06,1.4290356503107934e-05,nan,1.9644272996055534e-06
4,4,75,2,3,3,0.12307373637298788,-0.057025202186721406,0.0,0.11405040437344281,0.11405040437344281,0.11404993472524666,4.6964819615247233e-07,4.6964819615247233e-07,4.117900315501487e-06,nan,4.6964819615247233e-07
4,4,75,2,3,4,0.11723965931002622,-0.04775252206503296,0.0,0.09550504413006591,0.09550504413006591,0.09551555905372246,-1.0514923656543274e-05,1.0514923656543274e-05,0.00011008597720324481,nan,-1.0514923656543274e-05
4,4,76,0,1,0,0.15878503880378322,-0.09415295112552446,0.31757007760756645,-0.18830590225104893,0.12926417535651752,0.12926681751407462,-2.6421575571033973e-06,2.6421575571033973e-06,2.0439565295368382e-05,nan,nan
4,4,76,0,1,1,0.1620012784104501,-0.09347261364369519,0.3240025568209002,-0.18694522728739038,0.1370573295335098,0.13705689042287103,4.3911063876689305e-07,4.3911063876689305e-07,3.2038464506893284e-06,nan,nan
4,4,76,0,1,2,0.163712545016339,-0.09170906381546966,0.327425090032678,-0.18341812763093931,0.1440069624017387,0.14400615562388402,8.067778546616555e-07,8.067778546616555e-07,5.6023531168650965e-06,nan,nan
4,4,76,0,1,3,0.16163018407162133,-0.0892650076701914,0.32326036814324266,-0.1785300153403828,0.14473035280285987,0.14473284349179588,-2.49068893601323e-06,2.49068893601323e-06,1.7208871710963197e-05,nan,nan
4,4,76,0,1,4,0.15818963267283462,-0.08734419939891527,0.31637926534566924,-0.17468839879783055,0.1416908665478387,0.14168783578937028,3.030758468414163e-06,3.030758468414163e-06,2.1389935302505165e-05,nan,nan
4,4,76,1,2,0,0.15894080143446518,-0.08759013840041366,-0.31788160286893036,0.0,-0.31788160286893036,-0.317879953546148,-1.649322782348861e-06,1.649322782348861e-06,5.1884813951592955e-06,-1.649322782348861e-06,nan
4,4,76,1,2,1,0.1637649159878245,-0.08915157140030967,-0.327529831975649,0.0,-0.327529831975649,-0.327534871396802,5.039421152985835e-06,5.039421152985835e-06,1.5385907251630243e-05,5.039421152985835e-06,nan
4,4,76,1,2,2,0.16262265314246838,-0.08693703528102446,-0.32524530628493675,0.0,-0.32524530628493675,-0.32524160428128185,-3.702003654904029e-06,3.702003654904029e-06,1.1382189330230718e-05,-3.702003654904029e-06,nan
4,4,76,1,2,3,0.15157452138444438,-0.07954454919272708,-0.30314904276888877,0.0,-0.30314904276888877,-0.30315228089517976,3.238126290994181e-06,3.238126290994181e-06,1.0681517161712599e-05,3.238126290994181e-06,nan
4,4,76,1,2,4,0.13951803828792794,-0.07228647285215715,-0.2790360765758559,0.0,-0.2790360765758559,-0.2790436358035768,7.559227720888018e-06,7.559227720888018e-06,2.70897693083711e-05,7.559227720888018e-06,nan
4,4,76,2,3,0,0.1380828297819987,-0.07239929071477177,0.0,0.14479858142954355,0.14479858142954355,0.1447934198238623,5.161605681258674e-06,5.161605681258674e-06,3.564679729801235e-05,nan,5.161605681258674e-06
4,4,76,2,3,1,0.1454600838281417,-0.08025375276339805,0.0,0.1605075055267961,0.1605075055267961,0.16051199857408385,-4.4930472877513505e-06,4.4930472877513505e-06,2.7991971489144454e-05,nan,-4.4930472877513505e-06
4,4,76,2,3,2,0.15370947356098555,-0.08921900798687679,0.0,0.17843801597375358,0.17843801597375358,0.1784363226856686,1.693288084969602e-06,1.693288084969602e-06,9.489502983594411e-06,nan,1.693288084969602e-06
4,4,76,2,3,3,0.1578332094588936,-0.09393997765591103,0.0,0.18787995531182206,0.18787995531182206,0.18788242679295414,-2.471481132082509e-06,2.471481132082509e-06,1.3154402858581733e-05,nan,-2.471481132082509e-06
4,4,76,2,3,4,0.15802115909175413,-0.09445728277096367,0.0,0.18891456554192734,0.18891456554192734,0.1889126521254644,1.9134164629397432e-06,1.9134164629397432e-06,1.0128475046118575e-05,nan,1.9134164629397432e-06
4,4,77,0,1,0,0.07000799711545695,-0.13464189768715742,0.1400159942309139,-0.26928379537431485,-0.12926780114340095,-0.12926681751407465,-9.836293262954765e-07,9.836293262954765e-07,7.609236929808257e-06,nan,nan
4,4,77,0,1,1,0.07005329243751267,-0.13858089584445432,0.14010658487502534,-0.27716179168890864,-0.1370552068138833,-0.13705689042287103,1.6836089877236837e-06,1.6836089877236837e-06,1.228401565604713e-05,nan,nan
4,4,77,0,1,2,0.07011160385965703,-0.14211509653025642,0.14022320771931407,-0.28423019306051284,-0.14400698534119877,-0.144006155623884,-8.297173147708836e-07,8.297173147708836e-07,5.761646303511021e-06,nan,nan
4,4,77,0,1,3,0.07020061821893077,-0.142566732370963,0.14040123643786154,-0.285133464741926,-0.1447322283040645,-0.14473284349179585,6.151877313675946e-07,6.151877313675946e-07,4.2505053899702205e-06,nan,nan
4,4,77,0,1,4,0.07024633663610245,-0.14108999303022032,0.1404926732722049,-0.28217998606044065,-0.14168731278823574,-0.14168783578937033,5.230011345946917e-07,5.230011345946917e-07,3.691221138928061e-06,nan,nan
4,4,77,1,2,0,0.07084365639411788,-0.14108999303022043,-0.14168731278823576,0.0,-0.14168731278823576,-0.14168783578937028,5.230011345114249e-07,5.230011345114249e-07,3.6912211383403854e-06,5.230011345114249e-07,nan
4,4,77,1,2,1,0.07236611415203224,-0.142566732370963,-0.1447322283040645,0.0,-0.1447322283040645,-0.14473284349179585,6.151877313675946e-07,6.151877313675946e-07,4.2505053899702205e-06,6.151877313675946e-07,nan
4,4,77,1,2,2,0.07200349267059937,-0.1421150965302564,-0.14400698534119874,0.0,-0.14400698534119874,-0.14400615562388402,-8.297173147153725e-07,8.297173147153725e-07,5.761646303125546e-06,-8.297173147153725e-07,nan
4,4,77,1,2,3,0.0685276034069416,-0.1385808958444543,-0.1370552068138832,0.0,-0.1370552068138832,-0.137056890422871,1.6836089878069505e-06,1.6836089878069505e-06,1.2284015656654666e-05,1.6836089878069505e-06,nan
4,4,77,1,2,4,0.0646339005717005,-0.13464189768715742,-0.129267801143401,0.0,-0.129267801143401,-0.12926681751407465,-9.836293263509877e-07,9.836293263509877e-07,7.6092369302376815e-06,-9.836293263509877e-07,nan
4,4,77,2,3,0,0.06465366625843799,-0.13528193111803297,0.0,0.27056386223606593,0.27056386223606593,0.27056386938609,-7.1500240728106235e-09,7.1500240728106235e-09,2.6426381648939466e-08,nan,-7.1500240728106235e-09
4,4,77,2,3,1,0.06860427788859878,-0.14090724861527526,0.0,0.2818144972305505,0.2818144972305505,0.28181677399115945,-2.276760608932449e-06,2.276760608932449e-06,8.078868325289504e-06,nan,-2.276760608932449e-06
4,4,77,2,3,2,0.07207351654597183,-0.1441470330919436,0.0,0.2882940661838872,0.2882940661838872,0.2882923136582672,1.7525256200134898e-06,1.7525256200134898e-06,6.078951409619539e-06,nan,1.7525256200134898e-06
4,4,77,2,3,3,0.07230297072667649,-0.14090724861527526,0.0,0.2818144972305505,0.2818144972305505,0.2818167739911594,-2.2767606088769377e-06,2.2767606088769377e-06,8.078868325092528e-06,nan,-2.2767606088769377e-06
4,4,77,2,3,4,0.07062826485959504,-0.13528193111803302,0.0,0.27056386223606604,0.27056386223606604,0.27056386938609,-7.150023961788321e-09,7.150023961788321e-09,2.6426381238602703e-08,nan,-7.150023961788321e-09
4,4,78,0,1,0,0.15802115909175404,-0.06356387632079041,0.3160423181835081,-0.12712775264158083,0.18891456554192726,0.1889126521254644,1.9134164628564765e-06,1.9134164628564765e-06,1.0128475045677817e-05,nan,nan
4,4,78,0,1,1,0.15783320945889345,-0.06389323180298241,0.3156664189177869,-0.12778646360596482,0.18787995531182208,0.18788242679295417,-2.471481132082509e-06,2.471481132082509e-06,1.3154402858581731e-05,nan,nan
4,4,78,0,1,2,0.15370947356098566,-0.06449046557410884,0.3074189471219713,-0.12898093114821768,0.17843801597375364,0.1784363226856686,1.693288085025113e-06,1.693288085025113e-06,9.489502983905504e-06,nan,nan
4,4,78,0,1,3,0.14546008382814168,-0.06520633106474368,0.29092016765628337,-0.13041266212948735,0.16050750552679602,0.16051199857408388,-4.493047287862373e-06,4.493047287862373e-06,2.7991971489836124e-05,nan,nan
4,4,78,0,1,4,0.1380828297819987,-0.06568353906722693,0.2761656595639974,-0.13136707813445386,0.14479858142954355,0.1447934198238623,5.161605681258674e-06,5.161605681258674e-06,3.564679729801235e-05,nan,nan
4,4,78,1,2,0,0.139518038287928,-0.0672315654357708,-0.279036076575856,0.0,-0.279036076575856,-0.2790436358035769,7.559227720888018e-06,7.559227720888018e-06,2.708976930837109e-05,7.559227720888018e-06,nan
4,4,78,1,2,1,0.1515745213844443,-0.07202997219171721,-0.3031490427688886,0.0,-0.3031490427688886,-0.30315228089517976,3.2381262911607145e-06,3.2381262911607145e-06,1.0681517162261939e-05,3.2381262911607145e-06,nan
4,4,78,1,2,2,0.16262265314246832,-0.07568561786144387,-0.32524530628493664,0.0,-0.32524530628493664,-0.3252416042812818,-3.702003654848518e-06,3.702003654848518e-06,1.1382189330060048e-05,-3.702003654848518e-06,nan
4,4,78,1,2,3,0.1637649159878245,-0.07461334458751483,-0.327529831975649,0.0,-0.327529831975649,-0.32753487139680193,5.0394211529303234e-06,5.0394211529303234e-06,1.5385907251460762e-05,5.0394211529303234e-06,nan
4,4,78,1,2,4,0.1589408014344651,-0.07135066303405148,-0.3178816028689302,0.0,-0.3178816028689302,-0.31787995354614795,-1.6493227822378387e-06,1.6493227822378387e-06,5.188481394810042e-06,-1.6493227822378387e-06,nan
4,4,78,2,3,0,0.15818963267283462,-0.07084543327391936,0.0,0.14169086654783872,0.14169086654783872,0.14168783578937033,3.0307584683864075e-06,3.0307584683864075e-06,2.1389935302309273e-05,nan,3.0307584683864075e-06
4,4,78,2,3,1,0.16163018407162136,-0.07236517640143,0.0,0.14473035280286,0.14473035280286,0.14473284349179588,-2.490688935874452e-06,2.490688935874452e-06,1.7208871710004342e-05,nan,-2.490688935874452e-06
4,4,78,2,3,2,0.16371254501633892,-0.0720034812008693,0.0,0.1440069624017386,0.1440069624017386,0.144006155623884,8.067778546061444e-07,8.067778546061444e-07,5.6023531164796245e-06,nan,8.067778546061444e-07
4,4,78,2,3,3,0.16200127841045012,-0.06852866476675488,0.0,0.13705732953350977,0.13705732953350977,0.137056890422871,4.3911063876689305e-07,4.3911063876689305e-07,3.2038464506893293e-06,nan,4.3911063876689305e-07
4,4,78,2,3,4,0.15878503880378328,-0.0646320876782588,0.0,0.1292641753565176,0.1292641753565176,0.12926681751407465,-2.642157557047886e-06,2.642157557047886e-06,2.0439565294938947e-05,nan,-2.642157557047886e-06
4,4,79,0,1,0,0.1408042898902574,-0.07024018052828902,0.2816085797805148,-0.14048036105657805,0.14112821872393674,0.1411283583507254,-1.3962678865886424e-07,1.3962678865886424e-07,9.89360255377381e-07,nan,nan
4,4,79,0,1,1,0.141409320684944,-0.07005190645023171,0.282818641369888,-0.14010381290046342,0.14271482846942457,0.14271482794975096,5.196736097001775e-10,5.196736097001775e-10,3.6413427761748887e-09,nan,nan
4,4,79,0,1,2,0.14050811760946058,-0.06934097465528752,0.28101623521892116,-0.13868194931057504,0.14233428590834613,0.1423341908903184,9.501802772371448e-08,9.501802772371448e-08,6.675694975200832e-07,nan,nan
4,4,79,0,1,3,0.13752044420070939,-0.06815871834816485,0.27504088840141877,-0.1363174366963297,0.13872345170508907,0.1387240050879716,-5.533828825454723e-07,5.533828825454723e-07,3.989092458760439e-06,nan,nan
4,4,79,0,1,4,0.1343957519992384,-0.06712022386667353,0.2687915039984768,-0.13424044773334706,0.13455105626512973,0.13454974820587856,1.3080592511649503e-06,1.3080592511649503e-06,9.721657246506115e-06,nan,nan
4,4,79,1,2,0,0.13528080445452634,-0.06772529885006505,-0.2705616089090527,0.0,-0.2705616089090527,-0.27056386938609,2.260477037330233e-06,2.260477037330233e-06,8.354689199482769e-06,2.260477037330233e-06,nan
4,4,79,1,2,1,0.14090831926539693,-0.07050678838066705,-0.28181663853079386,0.0,-0.28181663853079386,-0.28181677399115945,1.3546036559120012e-07,1.3546036559120012e-07,4.80668214573521e-07,1.3546036559120012e-07,nan
4,4,79,1,2,2,0.14414628951621783,-0.0720731447581089,-0.28829257903243566,0.0,-0.28829257903243566,-0.2882923136582672,-2.6537416847327577e-07,2.6537416847327577e-07,9.205029465688003e-07,-2.6537416847327577e-07,nan
4,4,79,1,2,3,0.14090831926539696,-0.07040153088472982,-0.2818166385307939,0.0,-0.2818166385307939,-0.2818167739911594,1.3546036548017781e-07,1.3546036548017781e-07,4.806682141795691e-07,1.3546036548017781e-07,nan
4,4,79,1,2,4,0.13528080445452634,-0.06755550560446122,-0.2705616089090527,0.0,-0.2705616089090527,-0.27056386938609,2.260477037330233e-06,2.260477037330233e-06,8.354689199482769e-06,2.260477037330233e-06,nan
4,4,79,2,3,0,0.1343957519992384,-0.06727552813256486,0.0,0.13455105626512973,0.13455105626512973,0.13454974820587856,1.3080592511649503e-06,1.3080592511649503e-06,9.721657246506115e-06,nan,1.3080592511649503e-06
4,4,79,2,3,1,0.13752044420070939,-0.06936172585254455,0.0,0.1387234517050891,0.1387234517050891,0.13872400508797164,-5.533828825454723e-07,5.533828825454723e-07,3.989092458760438e-06,nan,-5.533828825454723e-07
4,4,79,2,3,2,0.14050811760946044,-0.07116714295417298,0.0,0.14233428590834596,0.14233428590834596,0.1423341908903184,9.501802755718103e-08,9.501802755718103e-08,6.675694963500676e-07,nan,9.501802755718103e-08
4,4,79,2,3,3,0.14140932068494397,-0.07135741423471227,0.0,0.14271482846942454,0.14271482846942454,0.14271482794975096,5.196735819446019e-10,5.196735819446019e-10,3.6413425816921163e-09,nan,5.196735819446019e-10
4,4,79,2,3,4,0.14080428989025753,-0.07056410936196844,0.0,0.14112821872393688,0.14112821872393688,0.14112835835072537,-1.396267884923308e-07,1.396267884923308e-07,9.893602541973672e-07,nan,-1.396267884923308e-07
4,4,80,0,1,0,-0.0009341300860723406,0.04598791157731486,-0.0018682601721446812,0.09197582315462972,0.09010756298248504,0.09011728526309787,-9.722280612828316e-06,9.722280612828316e-06,0.00010788474801969531,nan,nan
4,4,80,0,1,1,0.004450714474675649,0.05202758260640419,0.008901428949351298,0.10405516521280837,0.11295659416215967,0.11295449786214284,2.0963000168239265e-06,2.0963000168239265e-06,1.8558456302378356e-05,nan,nan
4,4,80,0,1,2,0.012045128854517265,0.06002801590359162,0.02409025770903453,0.12005603180718324,0.14414628951621777,0.14414615682913365,1.3268708412561558e-07,1.3268708412561558e-07,9.20502945798595e-07,nan,nan
4,4,80,0,1,3,0.01837394827832569,0.06605607390599144,0.03674789655665138,0.13211214781198288,0.16886004436863428,0.16886227612901658,-2.2317603823041043e-06,2.2317603823041043e-06,1.3216453274613939e-05,nan,nan
4,4,80,0,1,4,0.021567594027146385,0.0686594289361374,0.04313518805429277,0.1373188578722748,0.18045404592656755,0.1804465841229921,7.4618035754425716e-06,7.4618035754425716e-06,4.1350159466521546e-05,nan,nan
4,4,80,1,2,0,0.02131706884008803,0.06936555956842307,-0.04263413768017606,-0.0,-0.04263413768017606,-0.04263781021110068,3.6725309246199433e-06,3.6725309246199433e-06,8.613319742353482e-05,3.6725309246199433e-06,nan
4,4,80,1,2,1,0.017566271308848087,0.07020307835652548,-0.035132542617696175,-0.0,-0.035132542617696175,-0.03513189693635638,-6.45681339797588e-07,6.45681339797588e-07,1.8378440377166437e-05,-6.45681339797588e-07,nan
4,4,80,1,2,2,0.011549057225795184,0.07087100499248684,-0.02309811445159037,-0.0,-0.02309811445159037,-0.023097659459640322,-4.549919500468347e-07,4.549919500468347e-07,1.9698229091401323e-05,-4.549919500468347e-07,nan
4,4,80,1,2,3,0.005270060700294536,0.07083432023160907,-0.010540121400589072,-0.0,-0.010540121400589072,-0.010539338369524427,-7.830310646446403e-07,7.830310646446403e-07,7.429051667287986e-05,-7.830310646446403e-07,nan
4,4,80,1,2,4,0.0010485113272579707,0.07040709172421075,-0.0020970226545159415,-0.0,-0.0020970226545159415,-0.0020985878805541607,1.565226038219205e-06,1.565226038219205e-06,0.0007458472684050218,1.565226038219205e-06,nan
4,4,80,2,3,0,-0.00016691119592169827,0.06951559803471043,-0.0,-0.13903119606942085,-0.13903119606942085,-0.13902977047017123,-1.4255992496214898e-06,1.4255992496214898e-06,1.0253808425194455e-05,nan,-1.4255992496214898e-06
4,4,80,2,3,1,-0.0007824137813773334,0.06608735353441775,-0.0,-0.1321747070688355,-0.1321747070688355,-0.13217548958022654,7.825113910453485e-07,7.825113910453485e-07,5.920245830225487e-06,nan,7.825113910453485e-07
4,4,80,2,3,2,-0.0015300303371992786,0.059618085728377845,-0.0,-0.11923617145675569,-0.11923617145675569,-0.11923653143067807,3.5997392237863135e-07,3.5997392237863135e-07,3.0189902210289772e-06,nan,3.5997392237863135e-07
4,4,80,2,3,3,-0.0020443600083606328,0.05179545454369645,-0.0,-0.1035909090873929,-0.1035909090873929,-0.10359210815161525,1.199064222356938e-06,1.199064222356938e-06,1.1574860708520504e-05,nan,1.199064222356938e-06
4,4,80,2,3,4,-0.002245335701749506,0.04595845929247687,-0.0,-0.09191691858495374,-0.09191691858495374,-0.09191193799477788,-4.9805901758542825e-06,4.9805901758542825e-06,5.418578268864614e-05,nan,-4.9805901758542825e-06
4,4,81,0,1,0,0.0718275049331874,-0.034037533396249875,0.1436550098663748,-0.06807506679249975,0.07557994307387506,0.07558472408113298,-4.78100725792574e-06,4.78100725792574e-06,6.325361792408987e-05,nan,nan
4,4,81,0,1,1,0.07775188963096206,-0.02944118966312416,0.15550377926192413,-0.05888237932624832,0.09662139993567581,0.09662052361536677,8.763203090400573e-07,8.763203090400573e-07,9.069629601966581e-06,nan,nan
4,4,81,0,1,2,0.08500102567702482,-0.022143230743962142,0.17000205135404964,-0.044286461487924283,0.12571558986612535,0.1257149756110043,6.142551210452929e-07,6.142551210452929e-07,4.886069593273306e-06,nan,nan
4,4,81,0,1,3,0.08970672779085875,-0.015019202294814566,0.1794134555817175,-0.03003840458962913,0.14937505099208837,0.1493772212243568,-2.1702322684225006e-06,2.1702322684225006e-06,1.452853554668101e-05,nan,nan
4,4,81,0,1,4,0.09117642964189711,-0.01069727589117949,0.18235285928379422,-0.02139455178235898,0.16095830750143525,0.16095417583017893,4.1316712563188585e-06,4.1316712563188585e-06,2.5669201673744095e-05,nan,nan
4,4,81,1,2,0,0.09022596505926618,-0.0087513492632571,-0.18045193011853236,0.0,-0.18045193011853236,-0.18044658412299217,-5.345995540195769e-06,5.345995540195769e-06,2.962559356768408e-05,-5.345995540195769e-06,nan
4,4,81,1,2,1,0.08442975584436266,-0.004440881746584634,-0.16885951168872532,0.0,-0.16885951168872532,-0.1688622761290166,2.7644402912918586e-06,2.7644402912918586e-06,1.6370976127194513e-05,2.7644402912918586e-06,nan
4,4,81,1,2,2,0.07207351654597181,0.003140454930220455,-0.14414703309194363,-0.0,-0.14414703309194363,-0.14414615682913365,-8.762628099789893e-07,8.762628099789893e-07,6.078951409426988e-06,-8.762628099789893e-07,nan
4,4,81,1,2,3,0.0564774927709126,0.011384596209179242,-0.1129549855418252,-0.0,-0.1129549855418252,-0.11295449786214282,-4.876796823871654e-07,4.876796823871654e-07,4.31746930025135e-06,-4.876796823871654e-07,nan
4,4,81,1,2,4,0.04505596605876686,0.0168209495375711,-0.09011193211753372,-0.0,-0.09011193211753372,-0.09011728526309785,5.353145564129802e-06,5.353145564129802e-06,5.9401984297477084e-05,5.353145564129802e-06,nan
4,4,81,2,3,0,0.04346546804526033,0.01584525317901714,0.0,-0.03169050635803428,-0.03169050635803428,-0.031687358316104294,-3.1480419299886875e-06,3.1480419299886875e-06,9.933706626276691e-05,nan,-3.1480419299886875e-06
4,4,81,2,3,1,0.048874168053595624,0.006159922089102513,0.0,-0.012319844178205025,-0.012319844178205025,-0.012320330801485752,4.866232807265725e-07,4.866232807265725e-07,3.949758237562005e-05,nan,4.866232807265725e-07
4,4,81,2,3,2,0.05711407085323153,-0.009145697737536658,0.0,0.018291395475073316,0.018291395475073316,0.01829118001287973,2.1546219358681284e-07,2.1546219358681284e-07,1.1779428960487731e-05,nan,2.1546219358681284e-07
4,4,81,2,3,3,0.06481484274000088,-0.024055414184194324,0.0,0.04811082836838865,0.04811082836838865,0.04811231987642911,-1.491508040463163e-06,1.491508040463163e-06,3.100054298553734e-05,nan,-1.491508040463163e-06
4,4,81,2,3,4,0.06926248809703292,-0.03305368485718035,0.0,0.0661073697143607,0.0661073697143607,0.06610311170823734,4.258006123358804e-06,4.258006123358804e-06,6.441046046389325e-05,nan,4.258006123358804e-06
4,4,82,0,1,0,0.04557627055441351,0.03713304021126036,0.09115254110882702,0.07426608042252072,0.16541862153134773,0.16543780119439272,-1.9179663044988082e-05,1.9179663044988082e-05,0.00011593277296070682,nan,nan
4,4,82,0,1,1,0.053772001491364935,0.04499955854640408,0.10754400298272987,0.08999911709280815,0.19754312007553804,0.19754028154404105,2.8385314969903153e-06,2.8385314969903153e-06,1.4369174162607617e-05,nan,nan
4,4,82,0,1,2,0.06364126807286392,0.05540620751993057,0.12728253614572785,0.11081241503986114,0.238094951185589,0.2380933790691095,1.5721164794979536e-06,1.5721164794979536e-06,6.602897170518029e-06,nan,nan
4,4,82,0,1,3,0.0693138188998682,0.06276111320887805,0.1386276377997364,0.1255222264177561,0.2641498642174925,0.2641547576146196,-4.893397127114785e-06,4.893397127114785e-06,1.852473592110673e-05,nan,nan
4,4,82,0,1,4,0.07034235531474423,0.06543350654496839,0.14068471062948845,0.13086701308993678,0.27155172371942526,0.2715405944459863,1.1129273438936771e-05,1.1129273438936771e-05,4.098399113988259e-05,nan,nan
4,4,82,1,2,0,0.06940693522112452,0.06672583718953712,-0.13881387044224905,-0.0,-0.13881387044224905,-0.13881405606922312,1.8562697406965256e-07,1.8562697406965256e-07,1.3372347104178342e-06,1.8562697406965256e-07,nan
4,4,82,1,2,1,0.06490147075929453,0.07041619292067103,-0.12980294151858907,-0.0,-0.12980294151858907,-0.12980293975629473,-1.762294338236714e-09,1.762294338236714e-09,1.3576690309320425e-08,-1.762294338236714e-09,nan
4,4,82,1,2,2,0.055139965336050936,0.07545055788358093,-0.11027993067210187,-0.0,-0.11027993067210187,-0.11027971224728715,-2.184248147213408e-07,2.184248147213408e-07,1.9806397536718524e-06,-2.184248147213408e-07,nan
4,4,82,1,2,3,0.04276037977223856,0.07944496513125694,-0.08552075954447712,-0.0,-0.08552075954447712,-0.0855166566115233,-4.102932953817251e-06,4.102932953817251e-06,4.7975871305065086e-05,-4.102932953817251e-06,nan
4,4,82,1,2,4,0.033709227875515786,0.0812839642919141,-0.06741845575103157,-0.0,-0.06741845575103157,-0.06742763864767869,9.182896647114136e-06,9.182896647114136e-06,0.00013618891053113089,9.182896647114136e-06,nan
4,4,82,2,3,0,0.03174303410522774,0.08047942532909017,0.0,-0.16095885065818033,-0.16095885065818033,-0.16095417583017893,-4.6748280013997334e-06,4.6748280013997334e-06,2.9043621908853056e-05,nan,-4.6748280013997334e-06
4,4,82,2,3,1,0.033305232083095014,0.07468680683528506,0.0,-0.14937361367057012,-0.14937361367057012,-0.1493772212243568,3.607553786671991e-06,3.607553786671991e-06,2.4150628570427303e-05,nan,3.607553786671991e-06
4,4,82,2,3,2,0.03638599170705835,0.06285789156860441,0.0,-0.12571578313720883,-0.12571578313720883,-0.1257149756110043,-8.075262045159626e-07,8.075262045159626e-07,6.4234273880679854e-06,nan,-8.075262045159626e-07
4,4,82,2,3,3,0.040112266546826654,0.0483085842009434,0.0,-0.0966171684018868,-0.0966171684018868,-0.09662052361536677,3.355213479966368e-06,3.355213479966368e-06,3.472568098805818e-05,nan,3.355213479966368e-06
4,4,82,2,3,4,0.04276271854416517,0.03779550704001937,0.0,-0.07559101408003874,-0.07559101408003874,-0.07558472408113301,-6.2899989057285666e-06,6.2899989057285666e-06,8.32109342926458e-05,nan,-6.2899989057285666e-06
4,4,83,0,1,0,0.12254776517309744,-0.12038227932209136,0.24509553034619488,-0.24076455864418272,0.00433097170201216,0.004331882947545758,-9.112455335979347e-07,9.112455335979347e-07,0.00021035783852705526,nan,nan
4,4,83,0,1,1,0.12842607387478103,-0.11716925756191615,0.25685214774956205,-0.2343385151238323,0.02251363262572975,0.02251523056376007,-1.5979380303191015e-06,1.5979380303191015e-06,7.097142646591863e-05,nan,nan
4,4,83,0,1,2,0.13469525284012301,-0.10953693783841995,0.26939050568024603,-0.2190738756768399,0.05031663000340614,0.05031505128564579,1.5787177603462932e-06,1.5787177603462932e-06,3.1375665664402076e-05,nan,nan
4,4,83,0,1,3,0.13718077738843515,-0.09965946933625773,0.2743615547768703,-0.19931893867251546,0.07504261610435484,0.07505241144468654,-9.795340331700264e-06,9.795340331700264e-06,0.0001305133325252235,nan,nan
4,4,83,0,1,4,0.13650251099005722,-0.09248819777958042,0.27300502198011445,-0.18497639555916084,0.0880286264209536,0.08801251769613189,1.6108724821717324e-05,1.6108724821717324e-05,0.0001829941631110461,nan,nan
4,4,83,1,2,0,0.13577717482764246,-0.0899563019743097,-0.2715543496552849,0.0,-0.2715543496552849,-0.2715405944459863,-1.3755209298582649e-05,1.3755209298582649e-05,5.0653614335560136e-05,-1.3755209298582649e-05,nan
4,4,83,1,2,1,0.13207138518966563,-0.08532608747457272,-0.26414277037933126,0.0,-0.26414277037933126,-0.26415475761461965,1.1987235288390963e-05,1.1987235288390963e-05,4.5379592616989187e-05,1.1987235288390963e-05,nan
4,4,83,1,2,2,0.11904907171965112,-0.07404847039830123,-0.23809814343930225,0.0,-0.23809814343930225,-0.2380933790691095,-4.7643701927557736e-06,4.7643701927557736e-06,2.0010110637298364e-05,-4.7643701927557736e-06,nan
4,4,83,1,2,3,0.09876517514543297,-0.05905627513959884,-0.19753035029086594,0.0,-0.19753035029086594,-0.197540281544041,9.931253175055055e-06,9.931253175055055e-06,5.027457234255745e-05,9.931253175055055e-06,nan
4,4,83,1,2,4,0.08272301747300627,-0.04812220397360872,-0.16544603494601254,0.0,-0.16544603494601254,-0.16543780119439272,-8.23375161981832e-06,8.23375161981832e-06,4.976699273878104e-05,-8.23375161981832e-06,nan
4,4,83,2,3,0,0.08130269327895555,-0.049989149463995596,0.0,0.09997829892799119,0.09997829892799119,0.10000772221157381,-2.9423283582616366e-05,2.9423283582616366e-05,0.00029421011629851156,nan,-2.9423283582616366e-05
4,4,83,2,3,1,0.09226070718423691,-0.06880070206094568,0.0,0.13760140412189137,0.13760140412189137,0.13760057813527019,8.259866211834943e-07,8.259866211834943e-07,6.002748492681158e-06,nan,8.259866211834943e-07
4,4,83,2,3,2,0.10702322077768871,-0.09472477748370513,0.0,0.18944955496741026,0.18944955496741026,0.1894451650198967,4.389947513561143e-06,4.389947513561143e-06,2.317211837376085e-05,nan,4.389947513561143e-06
4,4,83,2,3,3,0.11726547876008417,-0.11338859378715249,0.0,0.22677718757430498,0.22677718757430498,0.22678784242029504,-1.0654845990054618e-05,1.0654845990054618e-05,4.6981557196123865e-05,nan,-1.0654845990054618e-05
4,4,83,2,3,4,0.12059422644747225,-0.12005993256454088,0.0,0.24011986512908176,0.24011986512908176,0.2400967168402112,2.314828887056697e-05,2.314828887056697e-05,9.6403056274095e-05,nan,2.314828887056697e-05
4,4,84,0,1,0,0.09449568366824707,0.0015453051637733285,0.18899136733649413,0.003090610327546657,0.19208197766404078,0.19207765184345896,4.32582058182418e-06,4.32582058182418e-06,2.2520699934640494e-05,nan,nan
4,4,84,0,1,1,0.09710602935038348,0.007465562059594504,0.19421205870076697,0.014931124119189008,0.20914318281995598,0.20914652590204036,-3.3430820843838305e-06,3.3430820843838305e-06,1.5984401700985733e-05,nan,nan
4,4,84,0,1,2,0.09870439744682527,0.015204385579782325,0.19740879489365054,0.03040877115956465,0.22781756605321518,0.22781613936455355,1.4266886616265406e-06,1.4266886616265406e-06,6.2624172768718145e-06,nan,nan
4,4,84,0,1,3,0.09743650150248381,0.02088242151047602,0.19487300300496763,0.04176484302095204,0.23663784602591967,0.23664170457244219,-3.858546522517159e-06,3.858546522517159e-06,1.6305437494581423e-05,nan,nan
4,4,84,0,1,4,0.09503443875163681,0.02325235204912138,0.19006887750327361,0.04650470409824276,0.23657358160151637,0.23656960140086056,3.980200655812061e-06,3.980200655812061e-06,1.6824366562266008e-05,nan,nan
4,4,84,1,2,0,0.094458875656768,0.024220912631132668,-0.188917751313536,-0.0,-0.188917751313536,-0.1889126521254644,-5.099188071594485e-06,5.099188071594485e-06,2.6991577213576154e-05,-5.099188071594485e-06,nan
4,4,84,1,2,1,0.09393896426290639,0.02704404674728585,-0.18787792852581278,-0.0,-0.18787792852581278,-0.18788242679295417,4.498267141384016e-06,4.498267141384016e-06,2.3941925906360003e-05,4.498267141384016e-06,nan
4,4,84,1,2,2,0.08921902053909588,0.03265557682139243,-0.17843804107819175,-0.0,-0.17843804107819175,-0.1784363226856686,-1.7183925231367692e-06,1.7183925231367692e-06,9.63019159341571e-06,-1.7183925231367692e-06,nan
4,4,84,1,2,3,0.08025428053421793,0.03941549049806226,-0.16050856106843586,-0.0,-0.16050856106843586,-0.16051199857408388,3.4375056480184796e-06,3.4375056480184796e-06,2.1415879676010065e-05,3.4375056480184796e-06,nan
4,4,84,1,2,4,0.0723981348693074,0.04416115447038676,-0.1447962697386148,-0.0,-0.1447962697386148,-0.1447934198238623,-2.849914752522942e-06,2.849914752522942e-06,1.9682238759793934e-05,-2.849914752522942e-06,nan
4,4,84,2,3,0,0.0714312547824061,0.04401034563681763,0.0,-0.08802069127363527,-0.08802069127363527,-0.08801251769613189,-8.17357750337866e-06,8.17357750337866e-06,9.285972860595884e-05,nan,-8.17357750337866e-06
4,4,84,2,3,1,0.07627926447912542,0.037525612911023284,0.0,-0.07505122582204657,-0.07505122582204657,-0.07505241144468652,1.1856226399542535e-06,1.1856226399542535e-06,1.5797262434772733e-05,nan,1.1856226399542535e-06
4,4,84,2,3,2,0.08352000612029706,0.02515744291288506,0.0,-0.05031488582577012,-0.05031488582577012,-0.05031505128564576,1.6545987563398867e-07,1.6545987563398867e-07,3.2884767362086e-06,nan,1.6545987563398867e-07
4,4,84,2,3,3,0.08984347345543567,0.011258759725058517,0.0,-0.022517519450117034,-0.022517519450117034,-0.022515230563760036,-2.28888635699781e-06,2.28888635699781e-06,0.0001016491342249474,nan,-2.28888635699781e-06
4,4,84,2,3,4,0.09304225031268776,0.0021602179675775175,0.0,-0.004320435935155035,-0.004320435935155035,-0.004331882947545814,1.1447012390778874e-05,1.1447012390778874e-05,0.0026425027013400877,nan,1.1447012390778874e-05
4,4,85,0,1,0,0.11170151380224816,-0.11815499504337212,0.22340302760449632,-0.23630999008674425,-0.01290696248224793,-0.012904185551413394,-2.7769308345356597e-06,2.7769308345356597e-06,0.00021514983392529534,nan,nan
4,4,85,0,1,1,0.11459580838354103,-0.11858864011725032,0.22919161676708205,-0.23717728023450063,-0.00798566346741858,-0.007986825466696233,1.1619992776532029e-06,1.1619992776532029e-06,0.00014548950424653093,nan,nan
4,4,85,0,1,2,0.11753164165703858,-0.11753164165703858,0.23506328331407716,-0.23506328331407716,0.0,0.0,0.0,0.0,0.0,nan,nan
4,4,85,0,1,3,0.11858864011725037,-0.11459580838354108,0.23717728023450074,-0.22919161676708216,0.00798566346741858,0.007986825466696258,-1.161999277677489e-06,1.161999277677489e-06,0.00014548950424957125,nan,nan
4,4,85,0,1,4,0.11815499504337208,-0.11170151380224812,0.23630999008674416,-0.22340302760449623,0.01290696248224793,0.012904185551413464,2.7769308344662708e-06,2.7769308344662708e-06,0.00021514983391991924,nan,nan
4,4,85,1,2,0,0.11828557945257025,-0.11100077189459862,-0.2365711589051405,0.0,-0.2365711589051405,-0.2365696014008606,-1.5575042798809946e-06,1.5575042798809946e-06,6.583660861658616e-06,-1.5575042798809946e-06,nan
4,4,85,1,2,1,0.11831986489564351,-0.11054847775351424,-0.23663972979128703,0.0,-0.23663972979128703,-0.23664170457244224,1.974781155211769e-06,1.974781155211769e-06,8.345025906484867e-06,1.974781155211769e-06,nan
4,4,85,1,2,2,0.11390869433413407,-0.10713422156263631,-0.22781738866826814,0.0,-0.22781738866826814,-0.22781613936455355,-1.2493037145899777e-06,1.2493037145899777e-06,5.483794375367575e-06,-1.2493037145899777e-06,nan
4,4,85,1,2,3,0.10457262538739234,-0.10078596280366554,-0.20914525077478469,0.0,-0.20914525077478469,-0.20914652590204036,1.2751272556732474e-06,1.2751272556732474e-06,6.096812988758365e-06,1.2751272556732474e-06,nan
4,4,85,1,2,4,0.09603808858712384,-0.0952033259502737,-0.1920761771742477,0.0,-0.1920761771742477,-0.19207765184345893,1.4746692112432846e-06,1.4746692112432846e-06,7.677463760568684e-06,1.4746692112432846e-06,nan
4,4,85,2,3,0,0.09520332595027368,-0.09603808858712376,0.0,0.19207617717424752,0.19207617717424752,0.19207765184345896,-1.4746692114375737e-06,1.4746692114375737e-06,7.677463761580195e-06,nan,-1.4746692114375737e-06
4,4,85,2,3,1,0.10078596280366556,-0.1045726253873924,0.0,0.2091452507747848,0.2091452507747848,0.20914652590204033,-1.2751272555344695e-06,1.2751272555344695e-06,6.096812988094822e-06,nan,-1.2751272555344695e-06
4,4,85,2,3,2,0.10713422156263631,-0.11390869433413404,0.0,0.2278173886682681,0.2278173886682681,0.22781613936455355,1.2493037145344665e-06,1.2493037145344665e-06,5.483794375123912e-06,nan,1.2493037145344665e-06
4,4,85,2,3,3,0.11054847775351417,-0.11831986489564347,0.0,0.23663972979128695,0.23663972979128695,0.23664170457244219,-1.9747811552395245e-06,1.9747811552395245e-06,8.345025906602158e-06,nan,-1.9747811552395245e-06
4,4,85,2,3,4,0.1110007718945986,-0.11828557945257026,0.0,0.23657115890514052,0.23657115890514052,0.23656960140086056,1.5575042799642613e-06,1.5575042799642613e-06,6.583660862010589e-06,nan,1.5575042799642613e-06
4,4,86,0,1,0,0.07369986300938641,-0.006424279955724469,0.14739972601877283,-0.012848559911448938,0.1345511661073239,0.13454974820587856,1.4179014453385985e-06,1.4179014453385985e-06,1.0538009341424943e-05,nan,nan
4,4,86,0,1,1,0.07363487791837507,-0.00427308047982945,0.14726975583675014,-0.0085461609596589,0.13872359487709124,0.13872400508797164,-4.1021088040271714e-07,4.1021088040271714e-07,2.9570288151829416e-06,nan,nan
4,4,86,0,1,2,0.07299314124079828,-0.001826046313159308,0.14598628248159656,-0.003652092626318616,0.14233418985527796,0.1423341908903184,-1.0350404422432291e-09,1.0350404422432291e-09,7.2719030878590725e-09,nan,nan
4,4,86,0,1,3,0.07174191445191518,-0.0003845899103718953,0.14348382890383035,-0.0007691798207437906,0.14271464908308656,0.14271482794975096,-1.7886666439648202e-07,1.7886666439648202e-07,1.2533152088405271e-06,nan,nan
4,4,86,0,1,4,0.07057975224053134,-1.546669965462625e-05,0.14115950448106268,-3.09333993092525e-05,0.14112857108175342,0.14112835835072537,2.127310280430894e-07,2.127310280430894e-07,1.507356210103324e-06,nan,nan
4,4,86,1,2,0,0.07056428554087671,1.5466699654648854e-05,-0.14112857108175342,-0.0,-0.14112857108175342,-0.1411283583507254,-2.1273102801533383e-07,2.1273102801533383e-07,1.5073562099066554e-06,-2.1273102801533383e-07,nan
4,4,86,1,2,1,0.07135732454154328,0.0003845899103718598,-0.14271464908308656,-0.0,-0.14271464908308656,-0.14271482794975096,1.7886666439648202e-07,1.7886666439648202e-07,1.2533152088405271e-06,1.7886666439648202e-07,nan
4,4,86,1,2,2,0.07116709492763897,0.0018260463131592709,-0.14233418985527793,-0.0,-0.14233418985527793,-0.1423341908903184,1.0350404699988047e-09,1.0350404699988047e-09,7.271903282861942e-09,1.0350404699988047e-09,nan
4,4,86,1,2,3,0.06936179743854569,0.004273080479829417,-0.13872359487709138,-0.0,-0.13872359487709138,-0.1387240050879716,4.102108802361837e-07,4.102108802361837e-07,2.957028813982476e-06,4.102108802361837e-07,nan
4,4,86,1,2,4,0.06727558305366199,0.006424279955724462,-0.13455116610732398,-0.0,-0.13455116610732398,-0.13454974820587856,-1.4179014454218652e-06,1.4179014454218652e-06,1.0538009342043786e-05,-1.4179014454218652e-06,nan
4,4,86,2,3,0,0.06724399820909062,0.006453192237060885,0.0,-0.01290638447412177,-0.01290638447412177,-0.012904185551413467,-2.198922708302256e-06,2.198922708302256e-06,0.00017037480269639066,nan,-2.198922708302256e-06
4,4,86,2,3,1,0.06943496242778129,0.003993192162609349,0.0,-0.007986384325218698,-0.007986384325218698,-0.007986825466696233,4.4114147753487876e-07,4.4114147753487876e-07,5.523364437777778e-05,nan,4.4114147753487876e-07
4,4,86,2,3,2,0.07197331887431785,5.9319799591460364e-18,0.0,-1.1863959918292073e-17,-1.1863959918292073e-17,0.0,-1.1863959918292073e-17,1.1863959918292073e-17,1.0,nan,-1.1863959918292073e-17
4,4,86,2,3,3,0.07342815459039057,-0.0039931921626093405,0.0,0.007986384325218681,0.007986384325218681,0.007986825466696231,-4.4114147755049127e-07,4.4114147755049127e-07,5.523364437973257e-05,nan,-4.4114147755049127e-07
4,4,86,2,3,4,0.07369719044615157,-0.006453192237060879,0.0,0.012906384474121757,0.012906384474121757,0.01290418555141344,2.1989227083178686e-06,2.1989227083178686e-06,0.0001703748026976005,nan,2.1989227083178686e-06
4,4,87,0,1,0,0.001798058890802428,0.0019441175374128937,0.003596117781604856,0.0038882350748257874,0.007484352856430643,0.007503041357590543,-1.868850115990025e-05,1.868850115990025e-05,0.0024907901035349884,nan,nan
4,4,87,0,1,1,0.009268858982839204,0.010230730292858913,0.018537717965678407,0.020461460585717826,0.03899917855139623,0.03899752328056007,1.655270836162237e-06,1.655270836162237e-06,4.244373593615027e-05,nan,nan
4,4,87,0,1,2,0.02027941034151324,0.023295767208160536,0.04055882068302648,0.04659153441632107,0.08715035509934754,0.08714822521217222,2.129887175322809e-06,2.129887175322809e-06,2.4439225438551935e-05,nan,nan
4,4,87,0,1,3,0.029613786041110736,0.03537956990894467,0.05922757208222147,0.07075913981788934,0.1299867119001108,0.1299945898527609,-7.877952650114928e-06,7.877952650114928e-06,6.060215782085958e-05,nan,nan
4,4,87,0,1,4,0.03421762282279113,0.04201386784600008,0.06843524564558226,0.08402773569200016,0.1524629813375824,0.1524421523517553,2.08289858271149e-05,2.08289858271149e-05,0.00013661667668032486,nan,nan
4,4,87,1,2,0,0.033049926233900025,0.04458148085475016,-0.06609985246780005,-0.0,-0.06609985246780005,-0.06610311170823732,3.25924043727277e-06,3.25924043727277e-06,4.93054011081694e-05,3.25924043727277e-06,nan
4,4,87,1,2,1,0.02405659220048661,0.04915274112336471,-0.04811318440097322,-0.0,-0.04811318440097322,-0.04811231987642912,-8.645245441057936e-07,8.645245441057936e-07,1.7968557992355752e-05,-8.645245441057936e-07,nan
4,4,87,1,2,2,0.009145589632264908,0.05532307210841124,-0.018291179264529816,-0.0,-0.018291179264529816,-0.018291180012879722,7.483499063487553e-10,7.483499063487553e-10,4.0913156276511696e-08,7.483499063487553e-10,nan
4,4,87,1,2,3,-0.006158142068530175,0.060167381560600225,0.01231628413706035,-0.0,0.01231628413706035,0.012320330801485738,-4.046664425388577e-06,4.046664425388577e-06,0.0003284542022930569,-4.046664425388577e-06,nan
4,4,87,1,2,4,-0.015847337650831402,0.06240991702029673,0.031694675301662804,-0.0,0.031694675301662804,0.031687358316104294,7.31698555851007e-06,7.31698555851007e-06,0.00023085851137040036,7.31698555851007e-06,nan
4,4,87,2,3,0,-0.017720087971123653,0.06074805489544783,-0.0,-0.12149610979089566,-0.12149610979089566,-0.12148501347778573,-1.1096313109928979e-05,1.1096313109928979e-05,9.133060415701049e-05,nan,-1.1096313109928979e-05
4,4,87,2,3,1,-0.015551733328274486,0.05117959788367255,-0.0,-0.1023591957673451,-0.1023591957673451,-0.10236577018143084,6.574414085733227e-06,6.574414085733227e-06,6.422473131478305e-05,nan,6.574414085733227e-06
4,4,87,2,3,2,-0.010960092309472104,0.03407904265082591,-0.0,-0.06815808530165182,-0.06815808530165182,-0.06815661043838148,-1.4748632703454057e-06,1.4748632703454057e-06,2.1638860068002262e-05,nan,-1.4748632703454057e-06
4,4,87,2,3,3,-0.005209861855927364,0.015352282004103492,-0.0,-0.030704564008206984,-0.030704564008206984,-0.030709058817789136,4.494809582152037e-06,4.494809582152037e-06,0.00014636754609842633,nan,4.494809582152037e-06
4,4,87,2,3,4,-0.0010422981223101736,0.0029923554936473343,-0.0,-0.005984710987294669,-0.005984710987294669,-0.0059793637546392,-5.347232655468839e-06,5.347232655468839e-06,0.0008934821859937474,nan,-5.347232655468839e-06
4,4,88,0,1,0,0.03546467141515715,-0.07750990873173876,0.0709293428303143,-0.1550198174634775,-0.08409047463316321,-0.08405339677718243,-3.7077855980782726e-05,3.7077855980782726e-05,0.0004409281329726272,nan,nan
4,4,88,0,1,1,0.04511872512679253,-0.07186976473754667,0.09023745025358507,-0.14373952947509333,-0.053502079221508264,-0.05351235857101492,1.0279349506654711e-05,1.0279349506654711e-05,0.00019209300021813172,nan,nan
4,4,88,0,1,2,0.059658898312653336,-0.05965889831265336,0.11931779662530667,-0.11931779662530673,-5.551115123125783e-17,0.0,-5.551115123125783e-17,5.551115123125783e-17,1.0,nan,nan
4,4,88,0,1,3,0.07186976473754669,-0.04511872512679257,0.14373952947509339,-0.09023745025358514,0.05350207922150825,0.0535123585710149,-1.0279349506647772e-05,1.0279349506647772e-05,0.0001920930002180021,nan,nan
4,4,88,0,1,4,0.07750990873173873,-0.03546467141515715,0.15501981746347746,-0.0709293428303143,0.08409047463316316,0.08405339677718245,3.707785598071334e-05,3.707785598071334e-05,0.00044092813297180234,nan,nan
4,4,88,1,2,0,0.07622040186835988,-0.031912920320585327,-0.15244080373671975,0.0,-0.15244080373671975,-0.15244215235175537,1.348615035617895e-06,1.348615035617895e-06,8.846733103754722e-06,1.348615035617895e-06,nan
4,4,88,1,2,1,0.06499764274825816,-0.026131373633061086,-0.12999528549651632,0.0,-0.12999528549651632,-0.12999458985276094,-6.956437553773398e-07,6.956437553773398e-07,5.35129987768658e-06,-6.956437553773398e-07,nan
4,4,88,1,2,2,0.0435742377717303,-0.016469170589928275,-0.0871484755434606,0.0,-0.0871484755434606,-0.08714822521217222,-2.503312883789244e-07,2.503312883789244e-07,2.8724689309577785e-06,-2.503312883789244e-07,nan
4,4,88,1,2,3,0.019503151966986022,-0.006902947763198382,-0.039006303933972045,0.0,-0.039006303933972045,-0.038997523280560074,-8.780653411970263e-06,8.780653411970263e-06,0.0002251085728818019,-8.780653411970263e-06,nan
4,4,88,1,2,4,0.0037415451231803897,-0.0012737387575874318,-0.007483090246360779,0.0,-0.007483090246360779,-0.007503041357590532,1.9951111229752662e-05,1.9951111229752662e-05,0.0026590698729880924,1.9951111229752662e-05,nan
4,4,88,2,3,0,0.0012737387575874272,-0.003741545123180382,0.0,0.007483090246360764,0.007483090246360764,0.0075030413575905425,-1.9951111229778683e-05,1.9951111229778683e-05,0.002659069872991557,nan,-1.9951111229778683e-05
4,4,88,2,3,1,0.006902947763198387,-0.019503151966986043,0.0,0.039006303933972086,0.039006303933972086,0.03899752328056006,8.780653412025774e-06,8.780653412025774e-06,0.0002251085728832248,nan,8.780653412025774e-06
4,4,88,2,3,2,0.016469170589928247,-0.04357423777173028,0.0,0.08714847554346056,0.08714847554346056,0.08714822521217226,2.5033128829565765e-07,2.5033128829565765e-07,2.872468930002322e-06,nan,2.5033128829565765e-07
4,4,88,2,3,3,0.026131373633061065,-0.06499764274825814,0.0,0.1299952854965163,0.1299952854965163,0.12999458985276088,6.956437554050954e-07,6.956437554050954e-07,5.351299877900093e-06,nan,6.956437554050954e-07
4,4,88,2,3,4,0.03191292032058531,-0.0762204018683599,0.0,0.1524408037367198,0.1524408037367198,0.15244215235175537,-1.3486150355623838e-06,1.3486150355623838e-06,8.846733103390576e-06,nan,-1.3486150355623838e-06
4,4,89,0,1,0,0.09349203597480867,-0.0435003061951219,0.18698407194961733,-0.0870006123902438,0.09998345955937353,0.10000772221157381,-2.4262652200277013e-05,2.4262652200277013e-05,0.00024260778731613903,nan,nan
4,4,89,0,1,1,0.1040844690592895,-0.03528370042270889,0.208168938118579,-0.07056740084541778,0.1376015372731612,0.13760057813527019,9.591378910267512e-07,9.591378910267512e-07,6.970400985584253e-06,nan,nan
4,4,89,0,1,2,0.11625248465065252,-0.021526986520536435,0.23250496930130504,-0.04305397304107287,0.18945099626023218,0.18944516501989658,5.831240335596455e-06,5.831240335596455e-06,3.077967627885468e-05,nan,nan
4,4,89,0,1,3,0.12191571889481569,-0.008530225535322624,0.24383143778963137,-0.017060451070645247,0.22677098671898613,0.22678784242029504,-1.68557013089099e-05,1.68557013089099e-05,7.432365478248184e-05,nan,nan
4,4,89,0,1,4,0.12152461157579257,-0.0014632712942804459,0.24304922315158514,-0.0029265425885608917,0.24012268056302424,0.24009671684021122,2.5963722813021617e-05,2.5963722813021617e-05,0.00010812690726316875,nan,nan
4,4,89,1,2,0,0.1200613402815122,0.001463271294280414,-0.2401226805630244,-0.0,-0.2401226805630244,-0.24009671684021117,-2.596372281324366e-05,2.596372281324366e-05,0.00010812690726409339,-2.596372281324366e-05,nan
4,4,89,1,2,1,0.11338549335949305,0.008530225535322632,-0.2267709867189861,-0.0,-0.2267709867189861,-0.22678784242029507,1.685570130896541e-05,1.685570130896541e-05,7.43236547827266e-05,1.685570130896541e-05,nan
4,4,89,1,2,2,0.09472549813011609,0.021526986520536445,-0.18945099626023218,-0.0,-0.18945099626023218,-0.1894451650198967,-5.8312403354854325e-06,5.8312403354854325e-06,3.077967627826866e-05,-5.8312403354854325e-06,nan
4,4,89,1,2,3,0.06880076863658065,0.0352837004227089,-0.1376015372731613,-0.0,-0.1376015372731613,-0.1376005781352702,-9.591378910822623e-07,9.591378910822623e-07,6.970400985987668e-06,-9.591378910822623e-07,nan
4,4,89,1,2,4,0.0499917297796868,0.0435003061951219,-0.0999834595593736,-0.0,-0.0999834595593736,-0.10000772221157381,2.4262652200207624e-05,2.4262652200207624e-05,0.0002426077873154452,2.4262652200207624e-05,nan
4,4,89,2,3,0,0.047187152328426706,0.04203703490084145,0.0,-0.0840740698016829,-0.0840740698016829,-0.08405339677718242,-2.0673024500483805e-05,2.0673024500483805e-05,0.00024589061228091035,nan,-2.0673024500483805e-05
4,4,89,2,3,1,0.0552720820114673,0.026753474887386254,0.0,-0.05350694977477251,-0.05350694977477251,-0.053512358571014926,5.408796242417635e-06,5.408796242417635e-06,0.00010107564657685113,nan,5.408796242417635e-06
4,4,89,2,3,2,0.06888768799013842,2.4539764515762814e-17,0.0,-4.907952903152563e-17,-4.907952903152563e-17,0.0,-4.907952903152563e-17,4.907952903152563e-17,1.0,nan,-4.907952903152563e-17
4,4,89,2,3,3,0.08202555689885356,-0.026753474887386275,0.0,0.05350694977477255,0.05350694977477255,0.0535123585710149,-5.408796242348246e-06,5.408796242348246e-06,0.0001010756465755545,nan,-5.408796242348246e-06
4,4,89,2,3,4,0.08922418722926827,-0.042037034900841486,0.0,0.08407406980168297,0.08407406980168297,0.08405339677718245,2.067302450052544e-05,2.067302450052544e-05,0.0002458906122814054,nan,2.067302450052544e-05
4,4,90,0,1,0,0.0924881977795804,-0.1365025109900572,0.1849763955591608,-0.2730050219801144,-0.0880286264209536,-0.08801251769613193,-1.610872482167569e-05,1.610872482167569e-05,0.00018299416311057313,nan,nan
4,4,90,0,1,1,0.09965946933625765,-0.137180777388435,0.1993189386725153,-0.27436155477687,-0.07504261610435473,-0.07505241144468655,9.795340331825164e-06,9.795340331825164e-06,0.00013051333252688766,nan,nan
4,4,90,0,1,2,0.10953693783841995,-0.134695252840123,0.2190738756768399,-0.269390505680246,-0.05031663000340608,-0.05031505128564577,-1.5787177603115987e-06,1.5787177603115987e-06,3.1375665663712584e-05,nan,nan
4,4,90,0,1,3,0.1171692575619162,-0.12842607387478105,0.2343385151238324,-0.2568521477495621,-0.022513632625729696,-0.02251523056376005,1.597938030353796e-06,1.597938030353796e-06,7.097142646745964e-05,nan,nan
4,4,90,0,1,4,0.12038227932209138,-0.1225477651730974,0.24076455864418275,-0.2450955303461948,-0.004330971702012049,-0.004331882947545799,9.112455337505904e-07,9.112455337505904e-07,0.00021035783856229327,nan,nan
4,4,90,1,2,0,0.1200599325645409,-0.1205942264474722,-0.2401198651290818,0.0,-0.2401198651290818,-0.24009671684021117,-2.314828887062248e-05,2.314828887062248e-05,9.640305627432616e-05,-2.314828887062248e-05,nan
4,4,90,1,2,1,0.1133885937871525,-0.11726547876008421,-0.226777187574305,0.0,-0.226777187574305,-0.22678784242029504,1.0654845990026862e-05,1.0654845990026862e-05,4.698155719600148e-05,1.0654845990026862e-05,nan
4,4,90,1,2,2,0.09472477748370522,-0.10702322077768885,-0.18944955496741045,0.0,-0.18944955496741045,-0.18944516501989658,-4.3899475138664545e-06,4.3899475138664545e-06,2.3172118375372395e-05,-4.3899475138664545e-06,nan
4,4,90,1,2,3,0.06880070206094564,-0.09226070718423689,-0.13760140412189129,0.0,-0.13760140412189129,-0.1376005781352702,-8.25986621072472e-07,8.25986621072472e-07,6.002748491874322e-06,-8.25986621072472e-07,nan
4,4,90,1,2,4,0.049989149463995616,-0.08130269327895562,-0.09997829892799123,0.0,-0.09997829892799123,-0.1000077222115738,2.9423283582560855e-05,2.9423283582560855e-05,0.0002942101162979565,2.9423283582560855e-05,nan
4,4,90,2,3,0,0.04812220397360869,-0.08272301747300621,0.0,0.16544603494601243,0.16544603494601243,0.16543780119439272,8.233751619707297e-06,8.233751619707297e-06,4.976699273811002e-05,nan,8.233751619707297e-06
4,4,90,2,3,1,0.059056275139598866,-0.09876517514543305,0.0,0.1975303502908661,0.1975303502908661,0.19754028154404105,-9.931253174944032e-06,9.931253174944032e-06,5.027457234199541e-05,nan,-9.931253174944032e-06
4,4,90,2,3,2,0.07404847039830115,-0.1190490717196511,0.0,0.2380981434393022,0.2380981434393022,0.23809337906910955,4.764370192644751e-06,4.764370192644751e-06,2.001011063683208e-05,nan,4.764370192644751e-06
4,4,90,2,3,3,0.08532608747457267,-0.1320713851896656,0.0,0.2641427703793312,0.2641427703793312,0.26415475761461965,-1.1987235288446474e-05,1.1987235288446474e-05,4.537959261719934e-05,nan,-1.1987235288446474e-05
4,4,90,2,3,4,0.08995630197430972,-0.13577717482764248,0.0,0.27155434965528497,0.27155434965528497,0.2715405944459863,1.375520929863816e-05,1.375520929863816e-05,5.065361433576454e-05,nan,1.375520929863816e-05
4,4,91,0,1,0,0.11655928933969412,-0.04416115447038678,0.23311857867938823,-0.08832230894077356,0.14479626973861467,0.1447934198238623,2.849914752384164e-06,2.849914752384164e-06,1.9682238758835516e-05,nan,nan
4,4,91,0,1,1,0.1196697710322802,-0.03941549049806229,0.2393395420645604,-0.07883098099612458,0.1605085610684358,0.16051199857408385,-3.437505648046235e-06,3.437505648046235e-06,2.141587967618299e-05,nan,nan
4,4,91,0,1,2,0.1218745973604882,-0.032655576821392404,0.2437491947209764,-0.06531115364278481,0.17843804107819158,0.1784363226856686,1.7183925229702357e-06,1.7183925229702357e-06,9.630191592482433e-06,nan,nan
4,4,91,0,1,3,0.1209830110101921,-0.0270440467472858,0.2419660220203842,-0.0540880934945716,0.1878779285258126,0.18788242679295414,-4.498267141550549e-06,4.498267141550549e-06,2.3941925907246375e-05,nan,nan
4,4,91,0,1,4,0.11867978828790064,-0.024220912631132675,0.23735957657580128,-0.04844182526226535,0.18891775131353594,0.1889126521254644,5.099188071538974e-06,5.099188071538974e-06,2.6991577213282325e-05,nan,nan
4,4,91,1,2,0,0.11828679080075831,-0.023252352049121416,-0.23657358160151662,0.0,-0.23657358160151662,-0.23656960140086056,-3.980200656061861e-06,3.980200656061861e-06,1.68243665633219e-05,-3.980200656061861e-06,nan
4,4,91,1,2,1,0.11831892301295974,-0.020882421510476003,-0.23663784602591947,0.0,-0.23663784602591947,-0.23664170457244219,3.858546522711448e-06,3.858546522711448e-06,1.6305437495402448e-05,3.858546522711448e-06,nan
4,4,91,1,2,2,0.11390878302660762,-0.015204385579782336,-0.22781756605321524,0.0,-0.22781756605321524,-0.22781613936455355,-1.4266886616820518e-06,1.4266886616820518e-06,6.262417277115478e-06,-1.4266886616820518e-06,nan
4,4,91,1,2,3,0.10457159140997802,-0.007465562059594533,-0.20914318281995603,0.0,-0.20914318281995603,-0.20914652590204036,3.3430820843283193e-06,3.3430820843283193e-06,1.5984401700720316e-05,3.3430820843283193e-06,nan
4,4,91,1,2,4,0.09604098883202036,-0.0015453051637733459,-0.19208197766404073,0.0,-0.19208197766404073,-0.19207765184345896,-4.325820581768669e-06,4.325820581768669e-06,2.2520699934351504e-05,-4.325820581768669e-06,nan
4,4,91,2,3,0,0.09520246828026527,-0.0021602179675775145,0.0,0.004320435935155029,0.004320435935155029,0.004331882947545786,-1.144701239075719e-05,1.144701239075719e-05,0.0026425027013350986,nan,-1.144701239075719e-05
4,4,91,2,3,1,0.10110223318049424,-0.011258759725058525,0.0,0.02251751945011705,0.02251751945011705,0.02251523056376004,2.288886357011688e-06,2.288886357011688e-06,0.00010164913422556364,nan,2.288886357011688e-06
4,4,91,2,3,2,0.10867744903318206,-0.02515744291288505,0.0,0.0503148858257701,0.0503148858257701,0.05031505128564577,-1.6545987566868314e-07,1.6545987566868314e-07,3.2884767368981436e-06,nan,-1.6545987566868314e-07
4,4,91,2,3,3,0.1138048773901487,-0.037525612911023284,0.0,0.07505122582204657,0.07505122582204657,0.07505241144468658,-1.1856226400097647e-06,1.1856226400097647e-06,1.5797262435512352e-05,nan,-1.1856226400097647e-06
4,4,91,2,3,4,0.11544160041922384,-0.04401034563681766,0.0,0.08802069127363532,0.08802069127363532,0.08801251769613191,8.173577503406415e-06,8.173577503406415e-06,9.285972860627411e-05,nan,8.173577503406415e-06
4,4,92,0,1,0,0.04656257936946532,-0.062409917020296704,0.09312515873893064,-0.12481983404059341,-0.03169467530166277,-0.03168735831610431,-7.316985558461497e-06,7.316985558461497e-06,0.00023085851136886809,nan,nan
4,4,92,0,1,1,0.05400923949207005,-0.06016738156060017,0.1080184789841401,-0.12033476312120034,-0.012316284137060235,-0.012320330801485743,4.046664425508273e-06,4.046664425508273e-06,0.00032845420230277213,nan,nan
4,4,92,0,1,2,0.06446866174067614,-0.05532307210841126,0.12893732348135228,-0.11064614421682252,0.018291179264529764,0.01829118001287972,-7.483499549210126e-10,7.483499549210126e-10,4.091315893201328e-08,nan,nan
4,4,92,0,1,3,0.0732093333238513,-0.049152741123364714,0.1464186666477026,-0.09830548224672943,0.04811318440097316,0.04811231987642912,8.645245440433436e-07,8.645245440433436e-07,1.7968557991057796e-05,nan,nan
4,4,92,0,1,4,0.07763140708865017,-0.04458148085475015,0.15526281417730034,-0.0891629617095003,0.06609985246780004,0.06610311170823731,-3.25924043727277e-06,3.25924043727277e-06,4.9305401108169414e-05,nan,nan
4,4,92,1,2,0,0.07623149066879123,-0.042013867846000134,-0.15246298133758246,0.0,-0.15246298133758246,-0.15244215235175537,-2.0828985827087143e-05,2.0828985827087143e-05,0.00013661667668014277,-2.0828985827087143e-05,nan
4,4,92,1,2,1,0.06499335595005541,-0.035379569908944676,-0.12998671190011082,0.0,-0.12998671190011082,-0.12999458985276094,7.877952650114928e-06,7.877952650114928e-06,6.0602157820859564e-05,7.877952650114928e-06,nan
4,4,92,1,2,2,0.043575177549673806,-0.023295767208160536,-0.08715035509934761,0.0,-0.08715035509934761,-0.08714822521217226,-2.1298871753505644e-06,2.1298871753505644e-06,2.4439225438870396e-05,-2.1298871753505644e-06,nan
4,4,92,1,2,3,0.01949958927569813,-0.01023073029285892,-0.03899917855139626,0.0,-0.03899917855139626,-0.038997523280560074,-1.6552708361830537e-06,1.6552708361830537e-06,4.2443735936684016e-05,-1.6552708361830537e-06,nan
4,4,92,1,2,4,0.003742176428215334,-0.001944117537412905,-0.007484352856430668,0.0,-0.007484352856430668,-0.0075030413575905295,1.8688501159861218e-05,1.8688501159861218e-05,0.0024907901035297907,1.8688501159861218e-05,nan
4,4,92,2,3,0,0.0019500573713371486,-0.00299235549364732,0.0,0.00598471098729464,0.00598471098729464,0.0059793637546391755,5.3472326554645025e-06,5.3472326554645025e-06,0.0008934821859930271,nan,5.3472326554645025e-06
4,4,92,2,3,1,0.010142420148176137,-0.015352282004103506,0.0,0.03070456400820701,0.03070456400820701,0.030709058817789132,-4.494809582120812e-06,4.494809582120812e-06,0.00014636754609740956,nan,-4.494809582120812e-06
4,4,92,2,3,2,0.023118950341353816,-0.0340790426508259,0.0,0.0681580853016518,0.0681580853016518,0.06815661043838148,1.47486327031765e-06,1.47486327031765e-06,2.163886006759505e-05,nan,1.47486327031765e-06
4,4,92,2,3,3,0.03562786455539805,-0.05117959788367254,0.0,0.10235919576734508,0.10235919576734508,0.10236577018143084,-6.574414085760982e-06,6.574414085760982e-06,6.42247313150542e-05,nan,-6.574414085760982e-06
4,4,92,2,3,4,0.04302796692432421,-0.060748054895447864,0.0,0.12149610979089573,0.12149610979089573,0.12148501347778572,1.1096313110012246e-05,1.1096313110012246e-05,9.133060415769579e-05,nan,1.1096313110012246e-05
4,4,93,0,1,0,0.010697275891179489,-0.0911764296418971,0.021394551782358977,-0.1823528592837942,-0.16095830750143522,-0.16095417583017893,-4.131671256291103e-06,4.131671256291103e-06,2.566920167357166e-05,nan,nan
4,4,93,0,1,1,0.015019202294814566,-0.08970672779085871,0.03003840458962913,-0.17941345558171742,-0.14937505099208828,-0.1493772212243568,2.1702322685057673e-06,2.1702322685057673e-06,1.4528535547238437e-05,nan,nan
4,4,93,0,1,2,0.022143230743962152,-0.08500102567702483,0.044286461487924304,-0.17000205135404967,-0.12571558986612535,-0.1257149756110043,-6.142551210452929e-07,6.142551210452929e-07,4.886069593273306e-06,nan,nan
4,4,93,0,1,3,0.029441189663124177,-0.07775188963096208,0.05888237932624835,-0.15550377926192416,-0.09662139993567581,-0.09662052361536676,-8.763203090539351e-07,8.763203090539351e-07,9.069629602110213e-06,nan,nan
4,4,93,0,1,4,0.034037533396249875,-0.0718275049331874,0.06807506679249975,-0.1436550098663748,-0.07557994307387506,-0.07558472408113301,4.781007257953496e-06,4.781007257953496e-06,6.325361792445706e-05,nan,nan
4,4,93,1,2,0,0.03305368485718032,-0.06926248809703295,-0.06610736971436064,0.0,-0.06610736971436064,-0.06610311170823731,-4.2580061233310484e-06,4.2580061233310484e-06,6.441046046347345e-05,-4.2580061233310484e-06,nan
4,4,93,1,2,1,0.024055414184194327,-0.06481484274000089,-0.048110828368388654,0.0,-0.048110828368388654,-0.04811231987642912,1.491508040463163e-06,1.491508040463163e-06,3.100054298553733e-05,1.491508040463163e-06,nan
4,4,93,1,2,2,0.009145697737536665,-0.057114070853231544,-0.01829139547507333,0.0,-0.01829139547507333,-0.018291180012879726,-2.1546219360416008e-07,2.1546219360416008e-07,1.1779428961436103e-05,-2.1546219360416008e-07,nan
4,4,93,1,2,3,-0.00615992208910252,-0.0488741680535956,0.01231984417820504,0.0,0.01231984417820504,0.012320330801485741,-4.866232807022863e-07,4.866232807022863e-07,3.9497582373648856e-05,-4.866232807022863e-07,nan
4,4,93,1,2,4,-0.015845253179017138,-0.04346546804526034,0.031690506358034276,0.0,0.031690506358034276,0.031687358316104294,3.1480419299817486e-06,3.1480419299817486e-06,9.933706626254797e-05,3.1480419299817486e-06,nan
4,4,93,2,3,0,-0.016820949537571097,-0.045055966058766835,-0.0,0.09011193211753367,0.09011193211753367,0.09011728526309785,-5.353145564185313e-06,5.353145564185313e-06,5.9401984298093074e-05,nan,-5.353145564185313e-06
4,4,93,2,3,1,-0.01138459620917924,-0.05647749277091264,-0.0,0.11295498554182529,0.11295498554182529,0.11295449786214284,4.876796824426766e-07,4.876796824426766e-07,4.317469300742792e-06,nan,4.876796824426766e-07
4,4,93,2,3,2,-0.003140454930220445,-0.0720735165459718,-0.0,0.1441470330919436,0.1441470330919436,0.1441461568291336,8.762628100067449e-07,8.762628100067449e-07,6.078951409619539e-06,nan,8.762628100067449e-07
4,4,93,2,3,3,0.004440881746584628,-0.08442975584436262,0.0,0.16885951168872523,0.16885951168872523,0.16886227612901658,-2.76444029134737e-06,2.76444029134737e-06,1.637097612752325e-05,nan,-2.76444029134737e-06
4,4,93,2,3,4,0.008751349263257083,-0.0902259650592662,0.0,0.1804519301185324,0.1804519301185324,0.1804465841229921,5.345995540279036e-06,5.345995540279036e-06,2.962559356814551e-05,nan,5.345995540279036e-06
4,4,94,0,1,0,0.11499319216742988,-0.0812839642919141,0.22998638433485977,-0.1625679285838282,0.06741845575103156,0.06742763864767867,-9.182896647114136e-06,9.182896647114136e-06,0.0001361889105311309,nan,nan
4,4,94,0,1,1,0.1222053449034954,-0.07944496513125689,0.2444106898069908,-0.15888993026251377,0.08552075954447702,0.08551665661152333,4.102932953692351e-06,4.102932953692351e-06,4.797587130360468e-05,nan,nan
4,4,94,0,1,2,0.1305905232196318,-0.0754505578835809,0.2611810464392636,-0.1509011157671618,0.11027993067210179,0.11027971224728715,2.1842481463807406e-07,2.1842481463807406e-07,1.980639752916805e-06,nan,nan
4,4,94,0,1,3,0.13531766367996553,-0.07041619292067103,0.27063532735993107,-0.14083238584134206,0.129802941518589,0.12980293975629473,1.7622942827255628e-09,1.7622942827255628e-09,1.3576689881663318e-08,nan,nan
4,4,94,0,1,4,0.13613277241066155,-0.06672583718953712,0.2722655448213231,-0.13345167437907424,0.13881387044224885,0.1388140560692231,-1.8562697423618602e-07,1.8562697423618602e-07,1.3372347116175216e-06,nan,nan
4,4,94,1,2,0,0.13577586185971266,-0.06543350654496838,-0.2715517237194253,0.0,-0.2715517237194253,-0.2715405944459863,-1.1129273438992282e-05,1.1129273438992282e-05,4.0983991140087006e-05,-1.1129273438992282e-05,nan
4,4,94,1,2,1,0.13207493210874618,-0.06276111320887802,-0.26414986421749237,0.0,-0.26414986421749237,-0.26415475761461965,4.893397127281318e-06,4.893397127281318e-06,1.8524735921737162e-05,4.893397127281318e-06,nan
4,4,94,1,2,2,0.11904747559279459,-0.05540620751993061,-0.23809495118558918,0.0,-0.23809495118558918,-0.23809337906910955,-1.5721164796367315e-06,1.5721164796367315e-06,6.602897171100891e-06,-1.5721164796367315e-06,nan
4,4,94,1,2,3,0.09877156003776907,-0.04499955854640411,-0.19754312007553815,0.0,-0.19754312007553815,-0.197540281544041,-2.8385314971568487e-06,2.8385314971568487e-06,1.4369174163450633e-05,-2.8385314971568487e-06,nan
4,4,94,1,2,4,0.08270931076567385,-0.03713304021126038,-0.1654186215313477,0.0,-0.1654186215313477,-0.1654378011943927,1.9179663044988082e-05,1.9179663044988082e-05,0.00011593277296070683,1.9179663044988082e-05,nan
4,4,94,2,3,0,0.08055822558418445,-0.03779550704001931,0.0,0.07559101408003863,0.07559101408003863,0.075584724081133,6.289998905631422e-06,6.289998905631422e-06,8.321093429136079e-05,nan,6.289998905631422e-06
4,4,94,2,3,1,0.08842085074777006,-0.04830858420094341,0.0,0.09661716840188682,0.09661716840188682,0.09662052361536676,-3.3552134799386124e-06,3.3552134799386124e-06,3.472568098777092e-05,nan,-3.3552134799386124e-06
4,4,94,2,3,2,0.09924388327566279,-0.06285789156860443,0.0,0.12571578313720885,0.12571578313720885,0.1257149756110043,8.075262045437182e-07,8.075262045437182e-07,6.4234273882887646e-06,nan,8.075262045437182e-07
4,4,94,2,3,3,0.10799203891838006,-0.07468680683528504,0.0,0.1493736136705701,0.1493736136705701,0.14937722122435676,-3.607553786671991e-06,3.607553786671991e-06,2.415062857042731e-05,nan,-3.607553786671991e-06
4,4,94,2,3,4,0.11222245943431804,-0.08047942532909017,0.0,0.16095885065818033,0.16095885065818033,0.16095417583017893,4.6748280013997334e-06,4.6748280013997334e-06,2.9043621908853056e-05,nan,4.6748280013997334e-06
4,4,95,0,1,0,0.07145560305146868,-0.07040709172421074,0.14291120610293737,-0.14081418344842148,0.00209702265451589,0.002098587880554159,-1.5652260382690783e-06,1.5652260382690783e-06,0.0007458472684287877,nan,nan
4,4,95,0,1,1,0.07610438093190357,-0.07083432023160906,0.15220876186380713,-0.14166864046321812,0.01054012140058902,0.010539338369524427,7.830310645925986e-07,7.830310645925986e-07,7.429051666794275e-05,nan,nan
4,4,95,0,1,2,0.082420062218282,-0.0708710049924868,0.164840124436564,-0.1417420099849736,0.023098114451590407,0.023097659459640322,4.549919500849986e-07,4.549919500849986e-07,1.9698229093053542e-05,nan,nan
4,4,95,0,1,3,0.08776934966537359,-0.07020307835652548,0.17553869933074717,-0.14040615671305096,0.035132542617696216,0.03513189693635636,6.456813398530992e-07,6.456813398530992e-07,1.8378440378746465e-05,nan,nan
4,4,95,0,1,4,0.09068262840851109,-0.06936555956842307,0.18136525681702217,-0.13873111913684613,0.04263413768017604,0.04263781021110068,-3.672530924633821e-06,3.672530924633821e-06,8.61331974238603e-05,nan,nan
4,4,95,1,2,0,0.09022702296328385,-0.06865942893613741,-0.1804540459265677,0.0,-0.1804540459265677,-0.18044658412299214,-7.461803575553594e-06,7.461803575553594e-06,4.1350159467136757e-05,-7.461803575553594e-06,nan
4,4,95,1,2,1,0.0844300221843171,-0.06605607390599143,-0.1688600443686342,0.0,-0.1688600443686342,-0.1688622761290166,2.2317603824151266e-06,2.2317603824151266e-06,1.321645327527141e-05,2.2317603824151266e-06,nan
4,4,95,1,2,2,0.07207314475810893,-0.060028015903591664,-0.14414628951621786,0.0,-0.14414628951621786,-0.1441461568291336,-1.3268708426439346e-07,1.3268708426439346e-07,9.205029467613517e-07,-1.3268708426439346e-07,nan
4,4,95,1,2,3,0.05647829708107983,-0.05202758260640417,-0.11295659416215965,0.0,-0.11295659416215965,-0.11295449786214282,-2.0963000168378043e-06,2.0963000168378043e-06,1.855845630250122e-05,-2.0963000168378043e-06,nan
4,4,95,1,2,4,0.04505378149124254,-0.04598791157731489,-0.09010756298248508,0.0,-0.09010756298248508,-0.09011728526309784,9.722280612758927e-06,9.722280612758927e-06,0.00010788474801892536,9.722280612758927e-06,nan
4,4,95,2,3,0,0.04371312359072734,-0.04595845929247684,0.0,0.09191691858495368,0.09191691858495368,0.09191193799477788,4.980590175798771e-06,4.980590175798771e-06,5.4185782688042244e-05,nan,4.980590175798771e-06
4,4,95,2,3,1,0.04975109453533583,-0.05179545454369645,0.0,0.1035909090873929,0.1035909090873929,0.10359210815161526,-1.1990642223708159e-06,1.1990642223708159e-06,1.157486070865447e-05,nan,-1.1990642223708159e-06
4,4,95,2,3,2,0.05808805539117853,-0.05961808572837782,0.0,0.11923617145675564,0.11923617145675564,0.11923653143067807,-3.599739224341425e-07,3.599739224341425e-07,3.018990221494532e-06,nan,-3.599739224341425e-07
4,4,95,2,3,3,0.06530493975304043,-0.06608735353441778,0.0,0.13217470706883555,0.13217470706883555,0.13217548958022654,-7.825113909898374e-07,7.825113909898374e-07,5.920245829805506e-06,nan,-7.825113909898374e-07
4,4,95,2,3,4,0.06934868683878881,-0.06951559803471048,0.0,0.13903119606942096,0.13903119606942096,0.13902977047017123,1.425599249732512e-06,1.425599249732512e-06,1.025380842599299e-05,nan,1.425599249732512e-06
4,4,96,0,1,0,-0.06865942893613743,-0.02156759402714638,-0.13731885787227485,-0.04313518805429276,-0.1804540459265676,-0.1804465841229922,-7.461803575414816e-06,7.461803575414816e-06,4.1350159466367725e-05,nan,nan
4,4,96,0,1,1,-0.06605607390599139,-0.018373948278325686,-0.13211214781198277,-0.03674789655665137,-0.16886004436863414,-0.16886227612901664,2.2317603824983934e-06,2.2317603824983934e-06,1.3216453275764511e-05,nan,nan
4,4,96,0,1,2,-0.060028015903591636,-0.012045128854517263,-0.12005603180718327,-0.024090257709034526,-0.1441462895162178,-0.14414615682913365,-1.3268708415337116e-07,1.3268708415337116e-07,9.205029459911462e-07,nan,nan
4,4,96,0,1,3,-0.05202758260640421,-0.004450714474675653,-0.10405516521280841,-0.008901428949351305,-0.11295659416215972,-0.11295449786214282,-2.0963000169071933e-06,2.0963000169071933e-06,1.8558456303115505e-05,nan,nan
4,4,96,0,1,4,-0.045987911577314855,0.0009341300860723418,-0.09197582315462971,0.0018682601721446836,-0.09010756298248503,-0.09011728526309784,9.722280612814438e-06,9.722280612814438e-06,0.00010788474801954135,nan,nan
4,4,96,1,2,0,-0.04595845929247683,0.002245335701749505,0.09191691858495366,-0.0,0.09191691858495366,0.09191193799477788,4.980590175771016e-06,4.980590175771016e-06,5.418578268774029e-05,4.980590175771016e-06,nan
4,4,96,1,2,1,-0.051795454543696474,0.0020443600083606293,0.10359090908739295,-0.0,0.10359090908739295,0.10359210815161526,-1.1990642223153047e-06,1.1990642223153047e-06,1.1574860708118606e-05,-1.1990642223153047e-06,nan
4,4,96,1,2,2,-0.05961808572837788,0.0015300303371992717,0.11923617145675576,-0.0,0.11923617145675576,0.11923653143067807,-3.599739223092424e-07,3.599739223092424e-07,3.0189902204470334e-06,-3.599739223092424e-07,nan
4,4,96,1,2,3,-0.06608735353441775,0.000782413781377334,0.1321747070688355,-0.0,0.1321747070688355,0.13217548958022654,-7.825113910453485e-07,7.825113910453485e-07,5.920245830225487e-06,-7.825113910453485e-07,nan
4,4,96,1,2,4,-0.06951559803471048,0.0001669111959216966,0.13903119606942096,-0.0,0.13903119606942096,0.13902977047017123,1.425599249732512e-06,1.425599249732512e-06,1.025380842599299e-05,1.425599249732512e-06,nan
4,4,96,2,3,0,-0.0704070917242107,-0.0010485113272579686,-0.0,0.002097022654515937,0.002097022654515937,0.002098587880554159,-1.565226038221807e-06,1.565226038221807e-06,0.0007458472684062624,nan,-1.565226038221807e-06
4,4,96,2,3,1,-0.07083432023160909,-0.005270060700294542,-0.0,0.010540121400589084,0.010540121400589084,0.010539338369524427,7.830310646567834e-07,7.830310646567834e-07,7.429051667403185e-05,nan,7.830310646567834e-07
4,4,96,2,3,2,-0.07087100499248679,-0.011549057225795184,-0.0,0.02309811445159037,0.02309811445159037,0.023097659459640322,4.549919500468347e-07,4.549919500468347e-07,1.9698229091401323e-05,nan,4.549919500468347e-07
4,4,96,2,3,3,-0.07020307835652548,-0.017566271308848084,-0.0,0.03513254261769617,0.03513254261769617,0.03513189693635636,6.456813398045269e-07,6.456813398045269e-07,1.837844037736395e-05,nan,6.456813398045269e-07
4,4,96,2,3,4,-0.0693655595684231,-0.02131706884008803,-0.0,0.04263413768017606,0.04263413768017606,0.04263781021110068,-3.6725309246199433e-06,3.6725309246199433e-06,8.613319742353482e-05,nan,-3.6725309246199433e-06
4,4,97,0,1,0,-0.06926248809703293,0.03620880323985262,-0.13852497619406587,0.07241760647970524,-0.06610736971436063,-0.06610311170823732,-4.258006123303293e-06,4.258006123303293e-06,6.44104604630536e-05,nan,nan
4,4,97,0,1,1,-0.06481484274000089,0.04075942855580655,-0.12962968548000178,0.0815188571116131,-0.04811082836838869,-0.04811231987642912,1.4915080404284686e-06,1.4915080404284686e-06,3.1000542984816216e-05,nan,nan
4,4,97,0,1,2,-0.057114070853231544,0.047968373115694865,-0.11422814170646309,0.09593674623138973,-0.018291395475073358,-0.01829118001287972,-2.1546219363885455e-07,2.1546219363885455e-07,1.177942896333285e-05,nan,nan
4,4,97,0,1,3,-0.04887416805359561,0.05503409014269811,-0.09774833610719122,0.11006818028539622,0.012319844178205003,0.012320330801485731,-4.866232807283072e-07,4.866232807283072e-07,3.9497582375760915e-05,nan,nan
4,4,97,0,1,4,-0.043465468045260316,0.05931072122427747,-0.08693093609052063,0.11862144244855494,0.031690506358034304,0.031687358316104274,3.148041930030321e-06,3.148041930030321e-06,9.93370662640806e-05,nan,nan
4,4,97,1,2,0,-0.04505596605876684,0.06187691559633795,0.09011193211753368,-0.0,0.09011193211753368,0.09011728526309788,-5.353145564199191e-06,5.353145564199191e-06,5.940198429824705e-05,-5.353145564199191e-06,nan
4,4,97,1,2,1,-0.05647749277091263,0.06786208898009188,0.11295498554182526,-0.0,0.11295498554182526,0.11295449786214284,4.87679682414921e-07,4.87679682414921e-07,4.31746930049707e-06,4.87679682414921e-07,nan
4,4,97,1,2,2,-0.07207351654597181,0.07521397147619228,0.14414703309194363,-0.0,0.14414703309194363,0.14414615682913365,8.762628099789893e-07,8.762628099789893e-07,6.078951409426988e-06,8.762628099789893e-07,nan
4,4,97,1,2,3,-0.08442975584436262,0.07998887409777798,0.16885951168872523,-0.0,0.16885951168872523,0.16886227612901658,-2.76444029134737e-06,2.76444029134737e-06,1.637097612752325e-05,-2.76444029134737e-06,nan
4,4,97,1,2,4,-0.0902259650592662,0.08147461579600915,0.1804519301185324,-0.0,0.1804519301185324,0.1804465841229921,5.345995540279036e-06,5.345995540279036e-06,2.962559356814551e-05,5.345995540279036e-06,nan
4,4,97,2,3,0,-0.09117642964189711,0.08047915375071762,-0.0,-0.16095830750143525,-0.16095830750143525,-0.16095417583017893,-4.1316712563188585e-06,4.1316712563188585e-06,2.5669201673744095e-05,nan,-4.1316712563188585e-06
4,4,97,2,3,1,-0.08970672779085871,0.07468752549604414,-0.0,-0.14937505099208828,-0.14937505099208828,-0.1493772212243568,2.1702322685057673e-06,2.1702322685057673e-06,1.4528535547238437e-05,nan,2.1702322685057673e-06
4,4,97,2,3,2,-0.0850010256770248,0.06285779493306265,-0.0,-0.1257155898661253,-0.1257155898661253,-0.1257149756110043,-6.142551209897817e-07,6.142551209897817e-07,4.886069592831747e-06,nan,-6.142551209897817e-07
4,4,97,2,3,3,-0.07775188963096208,0.04831069996783789,-0.0,-0.09662139993567578,-0.09662139993567578,-0.09662052361536677,-8.763203090123017e-07,8.763203090123017e-07,9.069629601679323e-06,nan,-8.763203090123017e-07
4,4,97,2,3,4,-0.07182750493318742,0.03778997153693757,-0.0,-0.07557994307387514,-0.07557994307387514,-0.07558472408113302,4.781007257884107e-06,4.781007257884107e-06,6.325361792353901e-05,nan,4.781007257884107e-06
4,4,98,0,1,0,-0.042013867846000086,-0.03421762282279113,-0.08402773569200017,-0.06843524564558226,-0.15246298133758243,-0.15244215235175537,-2.0828985827059388e-05,2.0828985827059388e-05,0.00013661667667996073,nan,nan
4,4,98,0,1,1,-0.03537956990894465,-0.02961378604111074,-0.0707591398178893,-0.05922757208222148,-0.12998671190011077,-0.12999458985276094,7.877952650170439e-06,7.877952650170439e-06,6.060215782128659e-05,nan,nan
4,4,98,0,1,2,-0.023295767208160522,-0.020279410341513236,-0.046591534416321044,-0.04055882068302647,-0.08715035509934752,-0.08714822521217222,-2.1298871752950532e-06,2.1298871752950532e-06,2.4439225438233464e-05,nan,nan
4,4,98,0,1,3,-0.01023073029285893,-0.0092688589828392,-0.02046146058571786,-0.0185377179656784,-0.03899917855139626,-0.03899752328056007,-1.6552708361899926e-06,1.6552708361899926e-06,4.244373593686194e-05,nan,nan
4,4,98,0,1,4,-0.0019441175374128865,-0.0017980588908024342,-0.003888235074825773,-0.0035961177816048683,-0.007484352856430641,-0.00750304135759053,1.8688501159888973e-05,1.8688501159888973e-05,0.00249079010353349,nan,nan
4,4,98,1,2,0,-0.002992355493647309,0.0010422981223101658,0.005984710987294618,-0.0,0.005984710987294618,0.0059793637546391755,5.3472326554428184e-06,5.3472326554428184e-06,0.0008934821859894072,5.3472326554428184e-06,nan
4,4,98,1,2,1,-0.0153522820041035,0.005209861855927362,0.030704564008207,-0.0,0.030704564008207,0.030709058817789132,-4.494809582131221e-06,4.494809582131221e-06,0.0001463675460977485,-4.494809582131221e-06,nan
4,4,98,1,2,2,-0.03407904265082593,0.010960092309472095,0.06815808530165186,-0.0,0.06815808530165186,0.06815661043838148,1.474863270387039e-06,1.474863270387039e-06,2.1638860068613085e-05,1.474863270387039e-06,nan
4,4,98,1,2,3,-0.05117959788367254,0.015551733328274484,0.10235919576734508,-0.0,0.10235919576734508,0.10236577018143084,-6.574414085760982e-06,6.574414085760982e-06,6.42247313150542e-05,-6.574414085760982e-06,nan
4,4,98,1,2,4,-0.06074805489544785,0.01772008797112366,0.1214961097908957,-0.0,0.1214961097908957,0.12148501347778572,1.109631310998449e-05,1.109631310998449e-05,9.133060415746736e-05,1.109631310998449e-05,nan
4,4,98,2,3,0,-0.06240991702029669,0.015847337650831402,-0.0,-0.031694675301662804,-0.031694675301662804,-0.031687358316104294,-7.31698555851007e-06,7.31698555851007e-06,0.00023085851137040036,nan,-7.31698555851007e-06
4,4,98,2,3,1,-0.06016738156060023,0.006158142068530161,-0.0,-0.012316284137060322,-0.012316284137060322,-0.01232033080148575,4.046664425428476e-06,4.046664425428476e-06,0.00032845420229629505,nan,4.046664425428476e-06
4,4,98,2,3,2,-0.05532307210841123,-0.009145589632264892,-0.0,0.018291179264529785,0.018291179264529785,0.018291180012879722,-7.483499375737779e-10,7.483499375737779e-10,4.091315798361985e-08,nan,-7.483499375737779e-10
4,4,98,2,3,3,-0.04915274112336471,-0.02405659220048662,-0.0,0.04811318440097324,0.04811318440097324,0.048112319876429124,8.645245441127325e-07,8.645245441127325e-07,1.7968557992499968e-05,nan,8.645245441127325e-07
4,4,98,2,3,4,-0.0445814808547502,-0.033049926233900025,-0.0,0.06609985246780005,0.06609985246780005,0.06610311170823731,-3.2592404372588923e-06,3.2592404372588923e-06,4.930540110795947e-05,nan,-3.2592404372588923e-06
4,4,99,0,1,0,-0.03191292032058529,-0.044307481547774544,-0.06382584064117058,-0.08861496309554909,-0.15244080373671967,-0.15244215235175537,1.3486150357011617e-06,1.3486150357011617e-06,8.84673310430094e-06,nan,nan
4,4,99,0,1,1,-0.026131373633061065,-0.03886626911519706,-0.05226274726612213,-0.07773253823039412,-0.12999528549651626,-0.12999458985276094,-6.956437553218286e-07,6.956437553218286e-07,5.351299877259558e-06,nan,nan
4,4,99,0,1,2,-0.016469170589928254,-0.02710506718180203,-0.03293834117985651,-0.05421013436360406,-0.08714847554346056,-0.08714822521217226,-2.5033128829565765e-07,2.5033128829565765e-07,2.872468930002322e-06,nan,nan
4,4,99,0,1,3,-0.0069029477631983895,-0.012600204203787642,-0.013805895526396779,-0.025200408407575283,-0.03900630393397206,-0.038997523280560074,-8.78065341198414e-06,8.78065341198414e-06,0.00022510857288215763,nan,nan
4,4,99,0,1,4,-0.0012737387575874198,-0.0024678063655929577,-0.0025474775151748397,-0.0049356127311859154,-0.007483090246360755,-0.007503041357590529,1.995111122977348e-05,1.995111122977348e-05,0.0026590698729908684,nan,nan
4,4,99,1,2,0,-0.003741545123180367,0.0024678063655929282,0.007483090246360734,-0.0,0.007483090246360734,0.007503041357590544,-1.9951111229809908e-05,1.9951111229809908e-05,0.002659069872995718,-1.9951111229809908e-05,nan
4,4,99,1,2,1,-0.019503151966986022,0.012600204203787642,0.039006303933972045,-0.0,0.039006303933972045,0.03899752328056007,8.780653411977202e-06,8.780653411977202e-06,0.0002251085728819798,8.780653411977202e-06,nan
4,4,99,1,2,2,-0.0435742377717303,0.027105067181802042,0.0871484755434606,-0.0,0.0871484755434606,0.08714822521217222,2.503312883789244e-07,2.503312883789244e-07,2.8724689309577785e-06,2.503312883789244e-07,nan
4,4,99,1,2,3,-0.06499764274825814,0.03886626911519706,0.1299952854965163,-0.0,0.1299952854965163,0.1299945898527609,6.956437553773398e-07,6.956437553773398e-07,5.351299877686581e-06,6.956437553773398e-07,nan
4,4,99,1,2,4,-0.07622040186835988,0.04430748154777453,0.15244080373671975,-0.0,0.15244080373671975,0.15244215235175532,-1.3486150355623838e-06,1.3486150355623838e-06,8.84673310339058e-06,-1.3486150355623838e-06,nan
4,4,99,2,3,0,-0.07750990873173873,0.042045237316581566,-0.0,-0.08409047463316313,-0.08409047463316313,-0.08405339677718242,-3.707785598071334e-05,3.707785598071334e-05,0.0004409281329718025,nan,-3.707785598071334e-05
4,4,99,2,3,1,-0.07186976473754668,0.02675103961075411,-0.0,-0.05350207922150822,-0.05350207922150822,-0.05351235857101492,1.0279349506696345e-05,1.0279349506696345e-05,0.00019209300021890972,nan,1.0279349506696345e-05
4,4,99,2,3,2,-0.05965889831265338,7.858159940187113e-18,-0.0,-1.5716319880374226e-17,-1.5716319880374226e-17,0.0,-1.5716319880374226e-17,1.5716319880374226e-17,1.0,nan,-1.5716319880374226e-17
4,4,99,2,3,3,-0.04511872512679256,-0.026751039610754125,-0.0,0.05350207922150825,0.05350207922150825,0.05351235857101489,-1.0279349506640834e-05,1.0279349506640834e-05,0.00019209300021787246,nan,-1.0279349506640834e-05
4,4,99,2,3,4,-0.035464671415157155,-0.04204523731658163,-0.0,0.08409047463316326,0.08409047463316326,0.08405339677718245,3.707785598081048e-05,3.707785598081048e-05,0.00044092813297295707,nan,3.707785598081048e-05
4,4,100,0,1,0,0.04458148085475017,-0.07763140708865017,0.08916296170950035,-0.15526281417730034,-0.0660998524678,-0.06610311170823735,3.259240437356037e-06,3.259240437356037e-06,4.930540110942903e-05,nan,nan
4,4,100,0,1,1,0.04915274112336471,-0.07320933332385127,0.09830548224672941,-0.14641866664770253,-0.04811318440097312,-0.04811231987642914,-8.645245439808935e-07,8.645245439808935e-07,1.796855798975983e-05,nan,nan
4,4,100,0,1,2,0.05532307210841125,-0.06446866174067616,0.1106461442168225,-0.1289373234813523,-0.018291179264529805,-0.01829118001287972,7.483499132876492e-10,7.483499132876492e-10,4.091315665586907e-08,nan,nan
4,4,100,0,1,3,0.06016738156060022,-0.05400923949207005,0.12033476312120044,-0.1080184789841401,0.012316284137060332,0.012320330801485726,-4.046664425393781e-06,4.046664425393781e-06,0.00032845420229347965,nan,nan
4,4,100,0,1,4,0.062409917020296704,-0.046562579369465305,0.12481983404059341,-0.09312515873893061,0.0316946753016628,0.03168735831610429,7.31698555851007e-06,7.31698555851007e-06,0.0002308585113704004,nan,nan
4,4,100,1,2,0,0.060748054895447864,-0.04302796692432419,-0.12149610979089573,0.0,-0.12149610979089573,-0.12148501347778573,-1.1096313109998368e-05,1.1096313109998368e-05,9.133060415758157e-05,-1.1096313109998368e-05,nan
4,4,100,1,2,1,0.05117959788367254,-0.035627864555398056,-0.10235919576734508,0.0,-0.10235919576734508,-0.10236577018143084,6.574414085760982e-06,6.574414085760982e-06,6.42247313150542e-05,6.574414085760982e-06,nan
4,4,100,1,2,2,0.034079042650825946,-0.023118950341353847,-0.06815808530165189,0.0,-0.06815808530165189,-0.06815661043838148,-1.4748632704147946e-06,1.4748632704147946e-06,2.16388600690203e-05,-1.4748632704147946e-06,nan
4,4,100,1,2,3,0.015352282004103494,-0.01014242014817613,-0.030704564008206987,0.0,-0.030704564008206987,-0.030709058817789136,4.494809582148568e-06,4.494809582148568e-06,0.00014636754609831336,4.494809582148568e-06,nan
4,4,100,1,2,4,0.0029923554936473226,-0.0019500573713371494,-0.005984710987294645,0.0,-0.005984710987294645,-0.0059793637546392,-5.3472326554454205e-06,5.3472326554454205e-06,0.0008934821859898379,-5.3472326554454205e-06,nan
4,4,100,2,3,0,0.001944117537412892,-0.0037421764282153285,0.0,0.007484352856430657,0.007484352856430657,0.0075030413575905425,-1.8688501159885504e-05,1.8688501159885504e-05,0.0024907901035330234,nan,-1.8688501159885504e-05
4,4,100,2,3,1,0.010230730292858932,-0.019499589275698146,0.0,0.03899917855139629,0.03899917855139629,0.03899752328056006,1.655270836231626e-06,1.655270836231626e-06,4.2443735937929446e-05,nan,1.655270836231626e-06
4,4,100,2,3,2,0.023295767208160522,-0.04357517754967377,0.0,0.08715035509934754,0.08715035509934754,0.08714822521217226,2.1298871752811754e-06,2.1298871752811754e-06,2.4439225438074215e-05,nan,2.1298871752811754e-06
4,4,100,2,3,3,0.035379569908944676,-0.06499335595005541,0.0,0.12998671190011082,0.12998671190011082,0.1299945898527609,-7.877952650087172e-06,7.877952650087172e-06,6.0602157820646065e-05,nan,-7.877952650087172e-06
4,4,100,2,3,4,0.04201386784600012,-0.07623149066879129,0.0,0.15246298133758257,0.15246298133758257,0.15244215235175537,2.0828985827198165e-05,2.0828985827198165e-05,0.00013661667668087086,nan,2.0828985827198165e-05
4,4,101,0,1,0,-0.008751349263257059,-0.08147461579600906,-0.017502698526514118,-0.16294923159201813,-0.18045193011853225,-0.18044658412299214,-5.3459955401125026e-06,5.3459955401125026e-06,2.9625593567222664e-05,nan,nan
4,4,101,0,1,1,-0.004440881746584632,-0.07998887409777794,-0.008881763493169263,-0.15997774819555588,-0.16885951168872515,-0.1688622761290166,2.764440291458392e-06,2.764440291458392e-06,1.637097612818072e-05,nan,nan
4,4,101,0,1,2,0.0031404549302204536,-0.07521397147619227,0.006280909860440907,-0.15042794295238454,-0.14414703309194363,-0.14414615682913365,-8.762628099789893e-07,8.762628099789893e-07,6.078951409426988e-06,nan,nan
4,4,101,0,1,3,0.011384596209179232,-0.06786208898009183,0.022769192418358463,-0.13572417796018366,-0.11295498554182519,-0.1129544978621428,-4.876796823871654e-07,4.876796823871654e-07,4.317469300251351e-06,nan,nan
4,4,101,0,1,4,0.016820949537571104,-0.061876915596337914,0.03364189907514221,-0.12375383119267583,-0.09011193211753363,-0.09011728526309783,5.353145564199191e-06,5.353145564199191e-06,5.940198429824709e-05,nan,nan
4,4,101,1,2,0,0.015845253179017155,-0.05931072122427753,-0.03169050635803431,0.0,-0.03169050635803431,-0.0316873583161043,-3.148041930009504e-06,3.148041930009504e-06,9.933706626342369e-05,-3.148041930009504e-06,nan
4,4,101,1,2,1,0.006159922089102521,-0.05503409014269808,-0.012319844178205043,0.0,-0.012319844178205043,-0.01232033080148575,4.866232807074905e-07,4.866232807074905e-07,3.9497582374071234e-05,4.866232807074905e-07,nan
4,4,101,1,2,2,-0.00914569773753666,-0.04796837311569486,0.01829139547507332,0.0,0.01829139547507332,0.01829118001287972,2.1546219360069063e-07,2.1546219360069063e-07,1.1779428961246434e-05,2.1546219360069063e-07,nan
4,4,101,1,2,3,-0.024055414184194313,-0.04075942855580655,0.048110828368388626,0.0,0.048110828368388626,0.04811231987642912,-1.4915080404909187e-06,1.4915080404909187e-06,3.100054298611422e-05,-1.4915080404909187e-06,nan
4,4,101,1,2,4,-0.033053684857180334,-0.0362088032398526,0.06610736971436067,0.0,0.06610736971436067,0.0661031117082373,4.258006123372682e-06,4.258006123372682e-06,6.441046046410321e-05,4.258006123372682e-06,nan
4,4,101,2,3,0,-0.03403753339624987,-0.037789971536937556,-0.0,0.07557994307387511,0.07557994307387511,0.075584724081133,-4.781007257884107e-06,4.781007257884107e-06,6.325361792353904e-05,nan,-4.781007257884107e-06
4,4,101,2,3,1,-0.029441189663124166,-0.048310699967837926,-0.0,0.09662139993567585,0.09662139993567585,0.09662052361536676,8.763203090955685e-07,8.763203090955685e-07,9.0696296025411e-06,nan,8.763203090955685e-07
4,4,101,2,3,2,-0.022143230743962142,-0.06285779493306264,-0.0,0.12571558986612527,0.12571558986612527,0.12571497561100434,6.142551209342706e-07,6.142551209342706e-07,4.886069592390187e-06,nan,6.142551209342706e-07
4,4,101,2,3,3,-0.015019202294814566,-0.07468752549604415,-0.0,0.1493750509920883,0.1493750509920883,0.14937722122435676,-2.170232268450256e-06,2.170232268450256e-06,1.4528535546866821e-05,nan,-2.170232268450256e-06
4,4,101,2,3,4,-0.010697275891179461,-0.08047915375071767,-0.0,0.16095830750143533,0.16095830750143533,0.16095417583017893,4.131671256402125e-06,4.131671256402125e-06,2.5669201674261402e-05,nan,4.131671256402125e-06
4,4,102,0,1,0,0.0693655595684231,-0.0906826284085111,0.1387311191368462,-0.1813652568170222,-0.042634137680176015,-0.04263781021110068,3.6725309246615767e-06,3.6725309246615767e-06,8.613319742451127e-05,nan,nan
4,4,102,0,1,1,0.07020307835652544,-0.08776934966537352,0.14040615671305087,-0.17553869933074703,-0.03513254261769616,-0.03513189693635638,-6.456813397837102e-07,6.456813397837102e-07,1.8378440376771432e-05,nan,nan
4,4,102,0,1,2,0.07087100499248679,-0.08242006221828196,0.14174200998497358,-0.16484012443656393,-0.02309811445159035,-0.023097659459640322,-4.5499195002948745e-07,4.5499195002948745e-07,1.9698229090650313e-05,nan,nan
4,4,102,0,1,3,0.07083432023160909,-0.07610438093190362,0.14166864046321817,-0.15220876186380725,-0.010540121400589075,-0.010539338369524427,-7.830310646481098e-07,7.830310646481098e-07,7.429051667320901e-05,nan,nan
4,4,102,0,1,4,0.07040709172421068,-0.07145560305146867,0.14081418344842137,-0.14291120610293734,-0.002097022654515973,-0.0020985878805541607,1.5652260381875463e-06,1.5652260381875463e-06,0.0007458472683899361,nan,nan
4,4,102,1,2,0,0.06951559803471045,-0.0693486868387888,-0.1390311960694209,0.0,-0.1390311960694209,-0.13902977047017123,-1.425599249677001e-06,1.425599249677001e-06,1.0253808425593722e-05,-1.425599249677001e-06,nan
4,4,102,1,2,1,0.06608735353441778,-0.06530493975304044,-0.13217470706883555,0.0,-0.13217470706883555,-0.13217548958022654,7.825113909898374e-07,7.825113909898374e-07,5.920245829805506e-06,7.825113909898374e-07,nan
4,4,102,1,2,2,0.059618085728377866,-0.058088055391178575,-0.11923617145675573,0.0,-0.11923617145675573,-0.11923653143067807,3.59973922336998e-07,3.59973922336998e-07,3.0189902206798108e-06,3.59973922336998e-07,nan
4,4,102,1,2,3,0.051795454543696426,-0.0497510945353358,-0.10359090908739285,0.0,-0.10359090908739285,-0.10359210815161525,1.1990642223985715e-06,1.1990642223985715e-06,1.1574860708922403e-05,1.1990642223985715e-06,nan
4,4,102,1,2,4,0.04595845929247687,-0.043713123590727376,-0.09191691858495374,0.0,-0.09191691858495374,-0.09191193799477788,-4.9805901758542825e-06,4.9805901758542825e-06,5.418578268864614e-05,-4.9805901758542825e-06,nan
4,4,102,2,3,0,0.045987911577314876,-0.04505378149124251,0.0,0.09010756298248503,0.09010756298248503,0.09011728526309787,-9.722280612842193e-06,9.722280612842193e-06,0.00010788474801984931,nan,-9.722280612842193e-06
4,4,102,2,3,1,0.05202758260640419,-0.05647829708107984,0.0,0.11295659416215968,0.11295659416215968,0.11295449786214284,2.0963000168378043e-06,2.0963000168378043e-06,1.8558456302501213e-05,nan,2.0963000168378043e-06
4,4,102,2,3,2,0.06002801590359161,-0.07207314475810886,0.0,0.14414628951621772,0.14414628951621772,0.1441461568291336,1.3268708412561558e-07,1.3268708412561558e-07,9.205029457985953e-07,nan,1.3268708412561558e-07
4,4,102,2,3,3,0.06605607390599141,-0.0844300221843171,0.0,0.1688600443686342,0.1688600443686342,0.16886227612901658,-2.231760382387371e-06,2.231760382387371e-06,1.3216453275107043e-05,nan,-2.231760382387371e-06
4,4,102,2,3,4,0.06865942893613744,-0.09022702296328386,0.0,0.18045404592656772,0.18045404592656772,0.1804465841229921,7.461803575609105e-06,7.461803575609105e-06,4.1350159467444365e-05,nan,7.461803575609105e-06
4,4,103,0,1,0,-0.06543350654496838,-0.07034235531474423,-0.13086701308993676,-0.14068471062948845,-0.2715517237194252,-0.27154059444598627,-1.1129273438936771e-05,1.1129273438936771e-05,4.09839911398826e-05,nan,nan
4,4,103,0,1,1,-0.06276111320887799,-0.06931381889986817,-0.12552222641775598,-0.13862763779973633,-0.2641498642174923,-0.26415475761461965,4.893397127336829e-06,4.893397127336829e-06,1.852473592194731e-05,nan,nan
4,4,103,0,1,2,-0.05540620751993057,-0.06364126807286391,-0.11081241503986114,-0.12728253614572782,-0.23809495118558896,-0.2380933790691095,-1.572116479470198e-06,1.572116479470198e-06,6.602897170401456e-06,nan,nan
4,4,103,0,1,3,-0.0449995585464041,-0.053772001491364976,-0.0899991170928082,-0.10754400298272995,-0.19754312007553815,-0.19754028154404102,-2.838531497129093e-06,2.838531497129093e-06,1.436917416331013e-05,nan,nan
4,4,103,0,1,4,-0.03713304021126035,-0.0455762705544135,-0.0742660804225207,-0.091152541108827,-0.1654186215313477,-0.1654378011943927,1.9179663044988082e-05,1.9179663044988082e-05,0.00011593277296070683,nan,nan
4,4,103,1,2,0,-0.037795507040019334,-0.042762718544165156,0.07559101408003867,0.0,0.07559101408003867,0.07558472408113298,6.289998905686933e-06,6.289998905686933e-06,8.32109342920951e-05,6.289998905686933e-06,nan
4,4,103,1,2,1,-0.048308584200943375,-0.04011226654682666,0.09661716840188675,0.0,0.09661716840188675,0.09662052361536677,-3.355213480021879e-06,3.355213480021879e-06,3.47256809886327e-05,-3.355213480021879e-06,nan
4,4,103,1,2,2,-0.06285789156860448,-0.03638599170705841,0.12571578313720896,0.0,0.12571578313720896,0.1257149756110043,8.075262046547405e-07,8.075262046547405e-07,6.42342738917188e-06,8.075262046547405e-07,nan
4,4,103,1,2,3,-0.07468680683528504,-0.033305232083095014,0.1493736136705701,0.0,0.1493736136705701,0.14937722122435676,-3.607553786671991e-06,3.607553786671991e-06,2.415062857042731e-05,-3.607553786671991e-06,nan
4,4,103,1,2,4,-0.08047942532909015,-0.03174303410522774,0.1609588506581803,0.0,0.1609588506581803,0.16095417583017896,4.674828001344222e-06,4.674828001344222e-06,2.9043621908508185e-05,4.674828001344222e-06,nan
4,4,103,2,3,0,-0.08128396429191409,-0.033709227875515765,-0.0,0.06741845575103153,0.06741845575103153,0.06742763864767867,-9.182896647141892e-06,9.182896647141892e-06,0.00013618891053154256,nan,-9.182896647141892e-06
4,4,103,2,3,1,-0.07944496513125694,-0.042760379772238566,-0.0,0.08552075954447713,0.08552075954447713,0.08551665661152333,4.102932953803373e-06,4.102932953803373e-06,4.797587130490281e-05,nan,4.102932953803373e-06
4,4,103,2,3,2,-0.07545055788358085,-0.05513996533605087,-0.0,0.11027993067210173,0.11027993067210173,0.11027971224728715,2.184248145825629e-07,2.184248145825629e-07,1.98063975241344e-06,nan,2.184248145825629e-07
4,4,103,2,3,3,-0.07041619292067104,-0.06490147075929455,-0.0,0.1298029415185891,0.1298029415185891,0.12980293975629473,1.7622943659922896e-09,1.7622943659922896e-09,1.3576690523148979e-08,nan,1.7622943659922896e-09
4,4,103,2,3,4,-0.06672583718953715,-0.06940693522112451,-0.0,0.13881387044224902,0.13881387044224902,0.1388140560692231,-1.8562697406965256e-07,1.8562697406965256e-07,1.3372347104178344e-06,nan,-1.8562697406965256e-07
4,4,104,0,1,0,-0.1205942264474721,0.000534293882931329,-0.2411884528949442,0.001068587765862658,-0.24011986512908154,-0.24009671684021117,-2.314828887037268e-05,2.314828887037268e-05,9.640305627328595e-05,nan,nan
4,4,104,0,1,1,-0.11726547876008411,0.0038768849729316386,-0.23453095752016823,0.007753769945863277,-0.22677718757430496,-0.22678784242029507,1.0654845990110129e-05,1.0654845990110129e-05,4.698155719636863e-05,nan,nan
4,4,104,0,1,2,-0.10702322077768875,0.012298443293983606,-0.2140464415553775,0.02459688658796721,-0.18944955496741028,-0.1894451650198967,-4.389947513588899e-06,4.389947513588899e-06,2.3172118373907354e-05,nan,nan
4,4,104,0,1,3,-0.0922607071842369,0.023460005123291234,-0.1845214143684738,0.04692001024658247,-0.13760140412189134,-0.1376005781352702,-8.259866211279832e-07,8.259866211279832e-07,6.002748492277739e-06,nan,nan
4,4,104,0,1,4,-0.08130269327895555,0.03131354381495997,-0.1626053865579111,0.06262708762991993,-0.09997829892799116,-0.10000772221157381,2.9423283582644122e-05,2.9423283582644122e-05,0.00029421011629878906,nan,nan
4,4,104,1,2,0,-0.08272301747300624,0.034600813499397524,0.16544603494601248,-0.0,0.16544603494601248,0.16543780119439272,8.233751619762808e-06,8.233751619762808e-06,4.9766992738445524e-05,8.233751619762808e-06,nan
4,4,104,1,2,1,-0.09876517514543302,0.03970890000583415,0.19753035029086605,-0.0,0.19753035029086605,0.19754028154404105,-9.931253174999544e-06,9.931253174999544e-06,5.0274572342276424e-05,-9.931253174999544e-06,nan
4,4,104,1,2,2,-0.11904907171965114,0.0450006013213499,0.23809814343930227,-0.0,0.23809814343930227,0.23809337906910955,4.764370192728018e-06,4.764370192728018e-06,2.001011063718179e-05,4.764370192728018e-06,nan
4,4,104,1,2,3,-0.1320713851896656,0.046745297715092934,0.2641427703793312,-0.0,0.2641427703793312,0.26415475761461965,-1.1987235288446474e-05,1.1987235288446474e-05,4.537959261719934e-05,-1.1987235288446474e-05,nan
4,4,104,1,2,4,-0.1357771748276424,0.04582087285333275,0.2715543496552848,-0.0,0.2715543496552848,0.2715405944459863,1.3755209298471627e-05,1.3755209298471627e-05,5.065361433515132e-05,1.3755209298471627e-05,nan
4,4,104,2,3,0,-0.13650251099005717,0.0440143132104768,-0.0,-0.0880286264209536,-0.0880286264209536,-0.0880125176961319,-1.6108724821703446e-05,1.6108724821703446e-05,0.00018299416311088842,nan,-1.6108724821703446e-05
4,4,104,2,3,1,-0.13718077738843515,0.03752130805217741,-0.0,-0.07504261610435482,-0.07504261610435482,-0.07505241144468652,9.795340331700264e-06,9.795340331700264e-06,0.00013051333252522352,nan,9.795340331700264e-06
4,4,104,2,3,2,-0.13469525284012301,0.02515831500170305,-0.0,-0.0503166300034061,-0.0503166300034061,-0.05031505128564575,-1.578717760353232e-06,1.578717760353232e-06,3.137566566454e-05,nan,-1.578717760353232e-06
4,4,104,2,3,3,-0.12842607387478105,0.011256816312864862,-0.0,-0.022513632625729724,-0.022513632625729724,-0.022515230563760036,1.5979380303121626e-06,1.5979380303121626e-06,7.097142646561056e-05,nan,1.5979380303121626e-06
4,4,104,2,3,4,-0.12254776517309753,0.002165485851006042,-0.0,-0.004330971702012084,-0.004330971702012084,-0.004331882947545814,9.112455337297737e-07,9.112455337297737e-07,0.00021035783855748709,nan,9.112455337297737e-07
4,4,105,0,1,0,0.0014632712942804324,-0.12152461157579256,0.002926542588560865,-0.24304922315158511,-0.24012268056302424,-0.24009671684021117,-2.5963722813077128e-05,2.5963722813077128e-05,0.00010812690726339993,nan,nan
4,4,105,0,1,1,0.008530225535322632,-0.1219157188948156,0.017060451070645265,-0.2438314377896312,-0.22677098671898593,-0.22678784242029507,1.6855701309131943e-05,1.6855701309131943e-05,7.432365478346092e-05,nan,nan
4,4,105,0,1,2,0.021526986520536442,-0.1162524846506525,0.043053973041072884,-0.232504969301305,-0.1894509962602321,-0.18944516501989658,-5.831240335513188e-06,5.831240335513188e-06,3.0779676278415177e-05,nan,nan
4,4,105,0,1,3,0.035283700422708876,-0.10408446905928954,0.07056740084541775,-0.2081689381185791,-0.13760153727316132,-0.1376005781352702,-9.59137891110018e-07,9.59137891110018e-07,6.9704009861893764e-06,nan,nan
4,4,105,0,1,4,0.043500306195121914,-0.09349203597480868,0.08700061239024383,-0.18698407194961736,-0.09998345955937353,-0.1000077222115738,2.4262652200263135e-05,2.4262652200263135e-05,0.0002426077873160003,nan,nan
4,4,105,1,2,0,0.04203703490084149,-0.08922418722926823,-0.08407406980168299,0.0,-0.08407406980168299,-0.08405339677718242,-2.0673024500567072e-05,2.0673024500567072e-05,0.00024589061228190055,-2.0673024500567072e-05,nan
4,4,105,1,2,1,0.026753474887386275,-0.08202555689885356,-0.05350694977477255,0.0,-0.05350694977477255,-0.05351235857101492,5.408796242369063e-06,5.408796242369063e-06,0.00010107564657594347,5.408796242369063e-06,nan
4,4,105,1,2,2,3.3686547423432808e-18,-0.06888768799013849,-6.7373094846865616e-18,0.0,-6.7373094846865616e-18,0.0,-6.7373094846865616e-18,6.7373094846865616e-18,1.0,-6.7373094846865616e-18,nan
4,4,105,1,2,3,-0.02675347488738627,-0.055272082011467265,0.05350694977477254,0.0,0.05350694977477254,0.0535123585710149,-5.408796242355185e-06,5.408796242355185e-06,0.00010107564657568416,-5.408796242355185e-06,nan
4,4,105,1,2,4,-0.042037034900841444,-0.047187152328426726,0.08407406980168289,0.0,0.08407406980168289,0.08405339677718246,2.0673024500428294e-05,2.0673024500428294e-05,0.0002458906122802501,2.0673024500428294e-05,nan
4,4,105,2,3,0,-0.0435003061951219,-0.04999172977968679,-0.0,0.09998345955937359,0.09998345955937359,0.10000772221157382,-2.426265220023538e-05,2.426265220023538e-05,0.0002426077873157227,nan,-2.426265220023538e-05
4,4,105,2,3,1,-0.03528370042270891,-0.0688007686365807,-0.0,0.1376015372731614,0.1376015372731614,0.13760057813527019,9.591378912210402e-07,9.591378912210402e-07,6.970400986996211e-06,nan,9.591378912210402e-07
4,4,105,2,3,2,-0.021526986520536456,-0.09472549813011602,-0.0,0.18945099626023204,0.18945099626023204,0.1894451650198967,5.831240335346655e-06,5.831240335346655e-06,3.077967627753615e-05,nan,5.831240335346655e-06
4,4,105,2,3,3,-0.008530225535322629,-0.11338549335949306,-0.0,0.22677098671898613,0.22677098671898613,0.22678784242029504,-1.68557013089099e-05,1.68557013089099e-05,7.432365478248184e-05,nan,-1.68557013089099e-05
4,4,105,2,3,4,-0.001463271294280429,-0.1200613402815122,-0.0,0.2401226805630244,0.2401226805630244,0.2400967168402112,2.5963722813215906e-05,2.5963722813215906e-05,0.0001081269072639778,nan,2.5963722813215906e-05
4,4,106,0,1,0,-0.08995630197430969,-0.04582087285333276,-0.17991260394861938,-0.09164174570666551,-0.2715543496552849,-0.27154059444598627,-1.375520929863816e-05,1.375520929863816e-05,5.0653614335764555e-05,nan,nan
4,4,106,0,1,1,-0.08532608747457267,-0.046745297715092914,-0.17065217494914534,-0.09349059543018583,-0.26414277037933115,-0.26415475761461965,1.1987235288501985e-05,1.1987235288501985e-05,4.5379592617409484e-05,nan,nan
4,4,106,0,1,2,-0.0740484703983012,-0.04500060132134988,-0.1480969407966024,-0.09000120264269976,-0.23809814343930216,-0.2380933790691095,-4.764370192672507e-06,4.764370192672507e-06,2.0010110636948655e-05,nan,nan
4,4,106,0,1,3,-0.05905627513959888,-0.03970890000583418,-0.11811255027919776,-0.07941780001166836,-0.19753035029086613,-0.197540281544041,9.931253174860766e-06,9.931253174860766e-06,5.027457234157391e-05,nan,nan
4,4,106,0,1,4,-0.04812220397360868,-0.034600813499397504,-0.09624440794721736,-0.06920162699879501,-0.16544603494601237,-0.16543780119439275,-8.23375161962403e-06,8.23375161962403e-06,4.976699273760675e-05,nan,nan
4,4,106,1,2,0,-0.04998914946399558,-0.03131354381495999,0.09997829892799116,0.0,0.09997829892799116,0.10000772221157381,-2.9423283582644122e-05,2.9423283582644122e-05,0.00029421011629878906,-2.9423283582644122e-05,nan
4,4,106,1,2,1,-0.06880070206094568,-0.023460005123291244,0.13760140412189137,0.0,0.13760140412189137,0.13760057813527019,8.259866211834943e-07,8.259866211834943e-07,6.002748492681158e-06,8.259866211834943e-07,nan
4,4,106,1,2,2,-0.0947247774837052,-0.012298443293983599,0.1894495549674104,0.0,0.1894495549674104,0.18944516501989658,4.389947513810943e-06,4.389947513810943e-06,2.317211837507939e-05,4.389947513810943e-06,nan
4,4,106,1,2,3,-0.11338859378715249,-0.003876884972931637,0.22677718757430498,0.0,0.22677718757430498,0.22678784242029504,-1.0654845990054618e-05,1.0654845990054618e-05,4.6981557196123865e-05,-1.0654845990054618e-05,nan
4,4,106,1,2,4,-0.12005993256454088,-0.0005342938829313789,0.24011986512908176,0.0,0.24011986512908176,0.24009671684021122,2.3148288870539213e-05,2.3148288870539213e-05,9.64030562739794e-05,2.3148288870539213e-05,nan
4,4,106,2,3,0,-0.12038227932209139,-0.0021654858510060664,-0.0,0.004330971702012133,0.004330971702012133,0.004331882947545786,-9.112455336534458e-07,9.112455336534458e-07,0.00021035783853986842,nan,-9.112455336534458e-07
4,4,106,2,3,1,-0.11716925756191619,-0.011256816312864836,-0.0,0.02251363262572967,0.02251363262572967,0.02251523056376004,-1.5979380303676738e-06,1.5979380303676738e-06,7.097142646807603e-05,nan,-1.5979380303676738e-06
4,4,106,2,3,2,-0.10953693783841992,-0.02515831500170303,-0.0,0.05031663000340606,0.05031663000340606,0.05031505128564574,1.5787177603185376e-06,1.5787177603185376e-06,3.13756656638505e-05,nan,1.5787177603185376e-06
4,4,106,2,3,3,-0.09965946933625769,-0.03752130805217743,-0.0,0.07504261610435486,0.07504261610435486,0.07505241144468658,-9.795340331714142e-06,9.795340331714142e-06,0.00013051333252540835,nan,-9.795340331714142e-06
4,4,106,2,3,4,-0.09248819777958053,-0.044014313210476864,-0.0,0.08802862642095373,0.08802862642095373,0.08801251769613191,1.610872482181447e-05,1.610872482181447e-05,0.00018299416311214937,nan,1.610872482181447e-05
4,4,107,0,1,0,0.0667258371895371,-0.13613277241066157,0.1334516743790742,-0.27226554482132315,-0.13881387044224894,-0.13881405606922312,1.8562697418067486e-07,1.8562697418067486e-07,1.3372347112176255e-06,nan,nan
4,4,107,0,1,1,0.07041619292067101,-0.13531766367996548,0.14083238584134203,-0.27063532735993096,-0.12980294151858893,-0.12980293975629473,-1.762294199458836e-09,1.762294199458836e-09,1.3576689240177656e-08,nan,nan
4,4,107,0,1,2,0.07545055788358089,-0.13059052321963174,0.15090111576716178,-0.2611810464392635,-0.1102799306721017,-0.11027971224728715,-2.1842481455480733e-07,2.1842481455480733e-07,1.980639752161758e-06,nan,nan
4,4,107,0,1,3,0.0794449651312569,-0.12220534490349551,0.1588899302625138,-0.24441068980699102,-0.08552075954447722,-0.0855166566115233,-4.1029329539143955e-06,4.1029329539143955e-06,4.797587130620095e-05,nan,nan
4,4,107,0,1,4,0.08128396429191408,-0.11499319216742981,0.16256792858382815,-0.22998638433485963,-0.06741845575103148,-0.06742763864767869,9.18289664721128e-06,9.18289664721128e-06,0.0001361889105325716,nan,nan
4,4,107,1,2,0,0.08047942532909018,-0.11222245943431793,-0.16095885065818036,0.0,-0.16095885065818036,-0.16095417583017893,-4.674828001427489e-06,4.674828001427489e-06,2.904362190902549e-05,-4.674828001427489e-06,nan
4,4,107,1,2,1,0.07468680683528506,-0.1079920389183801,-0.14937361367057012,0.0,-0.14937361367057012,-0.1493772212243568,3.607553786671991e-06,3.607553786671991e-06,2.4150628570427303e-05,3.607553786671991e-06,nan
4,4,107,1,2,2,0.06285789156860448,-0.09924388327566289,-0.12571578313720896,0.0,-0.12571578313720896,-0.1257149756110043,-8.075262046547405e-07,8.075262046547405e-07,6.42342738917188e-06,-8.075262046547405e-07,nan
4,4,107,1,2,3,0.04830858420094338,-0.08842085074777005,-0.09661716840188676,0.0,-0.09661716840188676,-0.09662052361536676,3.3552134799941236e-06,3.3552134799941236e-06,3.472568098834544e-05,3.3552134799941236e-06,nan
4,4,107,1,2,4,0.03779550704001931,-0.08055822558418449,-0.07559101408003863,0.0,-0.07559101408003863,-0.075584724081133,-6.289998905631422e-06,6.289998905631422e-06,8.321093429136079e-05,-6.289998905631422e-06,nan
4,4,107,2,3,0,0.03713304021126037,-0.08270931076567382,0.0,0.16541862153134765,0.16541862153134765,0.16543780119439272,-1.917966304507135e-05,1.917966304507135e-05,0.00011593277296121013,nan,-1.917966304507135e-05
4,4,107,2,3,1,0.04499955854640414,-0.0987715600377691,0.0,0.1975431200755382,0.1975431200755382,0.19754028154404105,2.8385314971568487e-06,2.8385314971568487e-06,1.4369174163450628e-05,nan,2.8385314971568487e-06
4,4,107,2,3,2,0.05540620751993055,-0.11904747559279448,0.0,0.23809495118558896,0.23809495118558896,0.23809337906910955,1.572116479414687e-06,1.572116479414687e-06,6.6028971701683084e-06,nan,1.572116479414687e-06
4,4,107,2,3,3,0.062761113208878,-0.13207493210874618,0.0,0.26414986421749237,0.26414986421749237,0.26415475761461965,-4.893397127281318e-06,4.893397127281318e-06,1.8524735921737162e-05,nan,-4.893397127281318e-06
4,4,107,2,3,4,0.06543350654496843,-0.13577586185971263,0.0,0.27155172371942526,0.27155172371942526,0.2715405944459863,1.1129273438936771e-05,1.1129273438936771e-05,4.098399113988259e-05,nan,1.1129273438936771e-05
4,4,108,0,1,0,-0.023252352049121395,-0.09503443875163682,-0.04650470409824279,-0.19006887750327364,-0.23657358160151643,-0.2365696014008606,-3.980200655812061e-06,3.980200655812061e-06,1.6824366562266005e-05,nan,nan
4,4,108,0,1,1,-0.020882421510476014,-0.09743650150248376,-0.04176484302095203,-0.19487300300496752,-0.23663784602591953,-0.23664170457244224,3.858546522711448e-06,3.858546522711448e-06,1.6305437495402445e-05,nan,nan
4,4,108,0,1,2,-0.015204385579782312,-0.09870439744682528,-0.030408771159564623,-0.19740879489365057,-0.22781756605321518,-0.22781613936455355,-1.4266886616265406e-06,1.4266886616265406e-06,6.2624172768718145e-06,nan,nan
4,4,108,0,1,3,-0.007465562059594515,-0.09710602935038352,-0.01493112411918903,-0.19421205870076705,-0.20914318281995609,-0.20914652590204033,3.3430820842450526e-06,3.3430820842450526e-06,1.598440170032219e-05,nan,nan
4,4,108,0,1,4,-0.0015453051637733285,-0.094495683668247,-0.003090610327546657,-0.188991367336494,-0.19208197766404064,-0.19207765184345896,-4.325820581685402e-06,4.325820581685402e-06,2.252069993391802e-05,nan,nan
4,4,108,1,2,0,-0.0021602179675775,-0.09304225031268779,0.004320435935155,0.0,0.004320435935155,0.004331882947545786,-1.1447012390785813e-05,1.1447012390785813e-05,0.002642502701341706,-1.1447012390785813e-05,nan
4,4,108,1,2,1,-0.011258759725058517,-0.08984347345543568,0.022517519450117034,0.0,0.022517519450117034,0.02251523056376004,2.2888863569943407e-06,2.2888863569943407e-06,0.00010164913422479332,2.2888863569943407e-06,nan
4,4,108,1,2,2,-0.02515744291288508,-0.08352000612029713,0.05031488582577016,0.0,0.05031488582577016,0.05031505128564576,-1.654598755992942e-07,1.654598755992942e-07,3.2884767355190554e-06,-1.654598755992942e-07,nan
4,4,108,1,2,3,-0.03752561291102327,-0.0762792644791254,0.07505122582204654,0.0,0.07505122582204654,0.07505241144468658,-1.1856226400375203e-06,1.1856226400375203e-06,1.579726243588217e-05,-1.1856226400375203e-06,nan
4,4,108,1,2,4,-0.044010345636817653,-0.0714312547824061,0.08802069127363531,0.0,0.08802069127363531,0.08801251769613193,8.17357750337866e-06,8.17357750337866e-06,9.285972860595878e-05,8.17357750337866e-06,nan
4,4,108,2,3,0,-0.04416115447038678,-0.07239813486930735,-0.0,0.1447962697386147,0.1447962697386147,0.1447934198238623,2.8499147524119195e-06,2.8499147524119195e-06,1.96822387590272e-05,nan,2.8499147524119195e-06
4,4,108,2,3,1,-0.03941549049806227,-0.08025428053421797,-0.0,0.16050856106843595,0.16050856106843595,0.16051199857408385,-3.4375056479074573e-06,3.4375056479074573e-06,2.141587967531839e-05,nan,-3.4375056479074573e-06
4,4,108,2,3,2,-0.03265557682139241,-0.0892190205390958,-0.0,0.1784380410781916,0.1784380410781916,0.1784363226856686,1.7183925229979913e-06,1.7183925229979913e-06,9.630191592637979e-06,nan,1.7183925229979913e-06
4,4,108,2,3,3,-0.02704404674728585,-0.09393896426290636,-0.0,0.18787792852581273,0.18787792852581273,0.18788242679295414,-4.498267141411771e-06,4.498267141411771e-06,2.3941925906507735e-05,nan,-4.498267141411771e-06
4,4,108,2,3,4,-0.02422091263113269,-0.09445887565676807,-0.0,0.18891775131353614,0.18891775131353614,0.1889126521254644,5.099188071733263e-06,5.099188071733263e-06,2.6991577214310728e-05,nan,5.099188071733263e-06
4,4,109,0,1,0,-0.11100077189459863,-0.007284807557971626,-0.22200154378919726,-0.014569615115943253,-0.23657115890514052,-0.23656960140086056,-1.5575042799642613e-06,1.5575042799642613e-06,6.583660862010589e-06,nan,nan
4,4,109,0,1,1,-0.11054847775351415,-0.007771387142129307,-0.2210969555070283,-0.015542774284258614,-0.23663972979128692,-0.23664170457244219,1.97478115526728e-06,1.97478115526728e-06,8.345025906719448e-06,nan,nan
4,4,109,0,1,2,-0.10713422156263636,-0.006774472771497761,-0.2142684431252727,-0.013548945542995522,-0.22781738866826823,-0.22781613936455355,-1.2493037146732444e-06,1.2493037146732444e-06,5.483794375733071e-06,nan,nan
4,4,109,0,1,3,-0.1007859628036656,-0.0037866625837268187,-0.2015719256073312,-0.0075733251674536374,-0.20914525077478482,-0.20914652590204036,1.2751272555344695e-06,1.2751272555344695e-06,6.096812988094821e-06,nan,nan
4,4,109,0,1,4,-0.09520332595027367,-0.0008347626368501336,-0.19040665190054734,-0.0016695252737002671,-0.1920761771742476,-0.19207765184345893,1.4746692113265514e-06,1.4746692113265514e-06,7.67746376100219e-06,nan,nan
4,4,109,1,2,0,-0.09603808858712382,0.0008347626368500974,0.19207617717424763,-0.0,0.19207617717424763,0.19207765184345893,-1.4746692112987958e-06,1.4746692112987958e-06,7.677463760857688e-06,-1.4746692112987958e-06,nan
4,4,109,1,2,1,-0.10457262538739238,0.0037866625837268213,0.20914525077478477,-0.0,0.20914525077478477,0.20914652590204036,-1.2751272555899806e-06,1.2751272555899806e-06,6.096812988360238e-06,-1.2751272555899806e-06,nan
4,4,109,1,2,2,-0.11390869433413416,0.006774472771497728,0.2278173886682683,-0.0,0.2278173886682683,0.2278161393645535,1.2493037148120223e-06,1.2493037148120223e-06,5.483794376342232e-06,1.2493037148120223e-06,nan
4,4,109,1,2,3,-0.11831986489564347,0.00777138714212928,0.23663972979128695,-0.0,0.23663972979128695,0.23664170457244219,-1.9747811552395245e-06,1.9747811552395245e-06,8.345025906602158e-06,-1.9747811552395245e-06,nan
4,4,109,1,2,4,-0.11828557945257023,0.007284807557971647,0.23657115890514047,-0.0,0.23657115890514047,0.23656960140086056,1.5575042799087502e-06,1.5575042799087502e-06,6.583660861775941e-06,1.5575042799087502e-06,nan
4,4,109,2,3,0,-0.11815499504337212,0.006453481241123966,-0.0,-0.012906962482247932,-0.012906962482247932,-0.012904185551413467,-2.776930834464536e-06,2.776930834464536e-06,0.0002151498339197848,nan,-2.776930834464536e-06
4,4,109,2,3,1,-0.11858864011725043,0.00399283173370934,-0.0,-0.00798566346741868,-0.00798566346741868,-0.007986825466696233,1.161999277552589e-06,1.161999277552589e-06,0.00014548950423393342,nan,1.161999277552589e-06
4,4,109,2,3,2,-0.1175316416570386,1.4446726912693642e-17,-0.0,-2.8893453825387283e-17,-2.8893453825387283e-17,0.0,-2.8893453825387283e-17,2.8893453825387283e-17,1.0,nan,-2.8893453825387283e-17
4,4,109,2,3,3,-0.11459580838354103,-0.0039928317337093264,-0.0,0.007985663467418653,0.007985663467418653,0.007986825466696231,-1.1619992775786098e-06,1.1619992775786098e-06,0.00014548950423719142,nan,-1.1619992775786098e-06
4,4,109,2,3,4,-0.11170151380224828,-0.006453481241123939,-0.0,0.012906962482247878,0.012906962482247878,0.01290418555141344,2.776930834438515e-06,2.776930834438515e-06,0.00021514983391776967,nan,2.776930834438515e-06
4,4,110,0,1,0,0.024220912631132668,-0.11867978828790061,0.048441825262265335,-0.23735957657580123,-0.1889177513135359,-0.1889126521254644,-5.0991880714834625e-06,5.0991880714834625e-06,2.6991577212988496e-05,nan,nan
4,4,110,0,1,1,0.027044046747285784,-0.12098301101019204,0.05408809349457157,-0.2419660220203841,-0.18787792852581253,-0.18788242679295417,4.498267141633816e-06,4.498267141633816e-06,2.3941925907689556e-05,nan,nan
4,4,110,0,1,2,0.0326555768213924,-0.12187459736048824,0.0653111536427848,-0.24374919472097648,-0.17843804107819167,-0.1784363226856686,-1.7183925230535024e-06,1.7183925230535024e-06,9.63019159294907e-06,nan,nan
4,4,110,0,1,3,0.0394154904980623,-0.1196697710322802,0.0788309809961246,-0.2393395420645604,-0.1605085610684358,-0.16051199857408388,3.4375056480739907e-06,3.4375056480739907e-06,2.1415879676355902e-05,nan,nan
4,4,110,0,1,4,0.044161154470386765,-0.11655928933969412,0.08832230894077353,-0.23311857867938823,-0.1447962697386147,-0.1447934198238623,-2.8499147524119195e-06,2.8499147524119195e-06,1.96822387590272e-05,nan,nan
4,4,110,1,2,0,0.04401034563681767,-0.1154416004192238,-0.08802069127363533,0.0,-0.08802069127363533,-0.08801251769613191,-8.173577503420293e-06,8.173577503420293e-06,9.285972860643175e-05,-8.173577503420293e-06,nan
4,4,110,1,2,1,0.0375256129110233,-0.11380487739014868,-0.0750512258220466,0.0,-0.0750512258220466,-0.07505241144468658,1.1856226399820091e-06,1.1856226399820091e-06,1.5797262435142538e-05,1.1856226399820091e-06,nan
4,4,110,1,2,2,0.02515744291288506,-0.10867744903318215,-0.05031488582577012,0.0,-0.05031488582577012,-0.05031505128564577,1.6545987564786646e-07,1.6545987564786646e-07,3.2884767364844167e-06,1.6545987564786646e-07,nan
4,4,110,1,2,3,0.011258759725058505,-0.10110223318049417,-0.02251751945011701,0.0,-0.02251751945011701,-0.022515230563760036,-2.288886356973524e-06,2.288886356973524e-06,0.00010164913422386897,-2.288886356973524e-06,nan
4,4,110,1,2,4,0.002160217967577525,-0.09520246828026524,-0.00432043593515505,0.0,-0.00432043593515505,-0.004331882947545785,1.1447012390735506e-05,1.1447012390735506e-05,0.0026425027013300935,1.1447012390735506e-05,nan
4,4,110,2,3,0,0.0015453051637733422,-0.09604098883202036,0.0,0.19208197766404073,0.19208197766404073,0.19207765184345896,4.325820581768669e-06,4.325820581768669e-06,2.2520699934351504e-05,nan,4.325820581768669e-06
4,4,110,2,3,1,0.007465562059594532,-0.10457159140997807,0.0,0.20914318281995614,0.20914318281995614,0.2091465259020404,-3.3430820842450526e-06,3.3430820842450526e-06,1.5984401700322187e-05,nan,-3.3430820842450526e-06
4,4,110,2,3,2,0.015204385579782313,-0.11390878302660754,0.0,0.22781756605321507,0.22781756605321507,0.22781613936455355,1.4266886615155183e-06,1.4266886615155183e-06,6.262417276384488e-06,nan,1.4266886615155183e-06
4,4,110,2,3,3,0.020882421510475993,-0.11831892301295974,0.0,0.23663784602591947,0.23663784602591947,0.23664170457244219,-3.858546522711448e-06,3.858546522711448e-06,1.6305437495402448e-05,nan,-3.858546522711448e-06
4,4,110,2,3,4,0.023252352049121416,-0.11828679080075837,0.0,0.23657358160151673,0.23657358160151673,0.23656960140086056,3.980200656172883e-06,3.980200656172883e-06,1.6824366563791182e-05,nan,3.980200656172883e-06
4,4,111,0,1,0,1.5466699654632645e-05,-0.07057975224053137,3.093339930926529e-05,-0.14115950448106274,-0.14112857108175347,-0.1411283583507254,-2.1273102807084499e-07,2.1273102807084499e-07,1.5073562102999921e-06,nan,nan
4,4,111,0,1,1,0.00038458991037188683,-0.07174191445191515,0.0007691798207437737,-0.1434838289038303,-0.1427146490830865,-0.14271482794975096,1.7886666445199317e-07,1.7886666445199317e-07,1.2533152092294927e-06,nan,nan
4,4,111,0,1,2,0.0018260463131592984,-0.07299314124079828,0.003652092626318597,-0.14598628248159656,-0.14233418985527796,-0.1423341908903184,1.0350404422432291e-09,1.0350404422432291e-09,7.2719030878590725e-09,nan,nan
4,4,111,0,1,3,0.004273080479829442,-0.07363487791837507,0.008546160959658884,-0.14726975583675014,-0.13872359487709127,-0.1387240050879716,4.10210880347206e-07,4.10210880347206e-07,2.9570288147827867e-06,nan,nan
4,4,111,0,1,4,0.006424279955724478,-0.07369986300938643,0.012848559911448955,-0.14739972601877285,-0.1345511661073239,-0.13454974820587856,-1.4179014453385985e-06,1.4179014453385985e-06,1.0538009341424943e-05,nan,nan
4,4,111,1,2,0,0.006453192237060886,-0.07369719044615151,-0.012906384474121771,0.0,-0.012906384474121771,-0.012904185551413467,-2.198922708303991e-06,2.198922708303991e-06,0.00017037480269652504,-2.198922708303991e-06,nan
4,4,111,1,2,1,0.003993192162609333,-0.07342815459039058,-0.007986384325218665,0.0,-0.007986384325218665,-0.007986825466696233,4.411414775678385e-07,4.411414775678385e-07,5.5233644381904536e-05,4.411414775678385e-07,nan
4,4,111,1,2,2,-1.5205681494546566e-17,-0.07197331887431789,3.041136298909313e-17,0.0,3.041136298909313e-17,0.0,3.041136298909313e-17,3.041136298909313e-17,1.0,3.041136298909313e-17,nan
4,4,111,1,2,3,-0.00399319216260936,-0.06943496242778127,0.00798638432521872,0.0,0.00798638432521872,0.007986825466696231,-4.4114147751232735e-07,4.4114147751232735e-07,5.523364437495421e-05,-4.4114147751232735e-07,nan
4,4,111,1,2,4,-0.0064531922370608796,-0.06724399820909062,0.012906384474121759,0.0,0.012906384474121759,0.01290418555141344,2.1989227083196033e-06,2.1989227083196033e-06,0.00017037480269773488,2.1989227083196033e-06,nan
4,4,111,2,3,0,-0.0064242799557244525,-0.06727558305366198,-0.0,0.13455116610732396,0.13455116610732396,0.13454974820587856,1.4179014453941097e-06,1.4179014453941097e-06,1.0538009341837504e-05,nan,1.4179014453941097e-06
4,4,111,2,3,1,-0.004273080479829426,-0.06936179743854567,-0.0,0.13872359487709135,0.13872359487709135,0.13872400508797164,-4.1021088029169483e-07,4.1021088029169483e-07,2.957028814382631e-06,nan,-4.1021088029169483e-07
4,4,111,2,3,2,-0.0018260463131592821,-0.07116709492763894,-0.0,0.14233418985527788,0.14233418985527788,0.1423341908903184,-1.035040525509956e-09,1.035040525509956e-09,7.271903672867681e-09,nan,-1.035040525509956e-09
4,4,111,2,3,3,-0.00038458991037186883,-0.07135732454154327,-0.0,0.14271464908308654,0.14271464908308654,0.14271482794975096,-1.788666644242376e-07,1.788666644242376e-07,1.25331520903501e-06,nan,-1.788666644242376e-07
4,4,111,2,3,4,-1.546669965464341e-05,-0.07056428554087678,-0.0,0.14112857108175356,0.14112857108175356,0.14112835835072537,2.127310281818673e-07,2.127310281818673e-07,1.5073562110866661e-06,nan,2.127310281818673e-07
4,4,112,0,1,0,0.005037761510014104,-0.088811592236237,0.010075523020028208,-0.177623184472474,-0.1675476614524458,-0.1675423985715787,-5.2628808670796e-06,5.2628808670796e-06,3.1411246337051006e-05,nan,nan
4,4,112,0,1,1,0.007372080684399174,-0.08780891070610691,0.014744161368798348,-0.17561782141221383,-0.16087366004341547,-0.16087545066232042,1.7906189049565757e-06,1.7906189049565757e-06,1.1130467063710716e-05,nan,nan
4,4,112,0,1,2,0.011945302970726253,-0.08401844772883513,0.023890605941452505,-0.16803689545767025,-0.14414628951621775,-0.14414615682913362,-1.3268708412561558e-07,1.3268708412561558e-07,9.205029457985952e-07,nan,nan
4,4,112,0,1,3,0.017407379821377078,-0.07787886906506626,0.034814759642754156,-0.15575773813013252,-0.12094297848737837,-0.12094132332883908,-1.6551585392821089e-06,1.6551585392821089e-06,1.3685445488303743e-05,nan,nan
4,4,112,0,1,4,0.02125608663177576,-0.07276306036007917,0.04251217326355152,-0.14552612072015833,-0.1030139474566068,-0.10302147081451131,7.523357904506978e-06,7.523357904506978e-06,7.30270869268861e-05,nan,nan
4,4,112,1,2,0,0.021317123761185146,-0.07145452730763699,-0.04263424752237029,0.0,-0.04263424752237029,-0.04263781021110068,3.562688730383845e-06,3.562688730383845e-06,8.35570286734919e-05,3.562688730383845e-06,nan
4,4,112,1,2,1,0.017566342894849207,-0.07159051791001447,-0.035132685789698415,0.0,-0.035132685789698415,-0.03513189693635638,-7.888533420374877e-07,7.888533420374877e-07,2.245354501957248e-05,-7.888533420374877e-07,nan
4,4,112,1,2,2,0.011549009199261134,-0.07146311090359904,-0.02309801839852227,0.0,-0.02309801839852227,-0.023097659459640322,-3.5893888194679646e-07,3.5893888194679646e-07,1.553981279925555e-05,-3.5893888194679646e-07,nan
4,4,112,1,2,3,0.005269971007125504,-0.07095950067053783,-0.010539942014251008,0.0,-0.010539942014251008,-0.010539338369524427,-6.036447265812123e-07,6.036447265812123e-07,5.727211077300302e-05,-6.036447265812123e-07,nan
4,4,112,1,2,4,0.0010486875061662933,-0.07041284104460971,-0.0020973750123325866,0.0,-0.0020973750123325866,-0.0020985878805541607,1.2128682215740635e-06,1.2128682215740635e-06,0.0005779449280216892,1.2128682215740635e-06,nan
4,4,112,2,3,0,0.00017266051632066482,-0.07161279686813468,0.0,0.14322559373626936,0.14322559373626936,0.14322694623127954,-1.3524950101817534e-06,1.3524950101817534e-06,9.44302064499634e-06,nan,-1.3524950101817534e-06
4,4,112,2,3,1,0.0009075942203060798,-0.07662738524183782,0.0,0.15325477048367564,0.15325477048367564,0.1532541663192754,6.041644002308111e-07,6.041644002308111e-07,3.942222472579836e-06,nan,6.041644002308111e-07
4,4,112,2,3,2,0.0021221362483114597,-0.08271615215343413,0.0,0.16543230430686826,0.16543230430686826,0.16543185034995872,4.539569095352025e-07,4.539569095352025e-07,2.744064476628073e-06,nan,4.539569095352025e-07
4,4,112,2,3,3,0.0034317995618496086,-0.08692806874739377,0.0,0.17385613749478754,0.17385613749478754,0.17385590202432796,2.3547045957528212e-07,2.3547045957528212e-07,1.3543983144244297e-06,nan,2.3547045957528212e-07
4,4,112,2,3,4,0.004334303440963387,-0.08859265189375004,0.0,0.17718530378750008,0.17718530378750008,0.17718755841697925,-2.2546294791703225e-06,2.2546294791703225e-06,1.2724536075295168e-05,nan,-2.2546294791703225e-06
4,4,113,0,1,0,-0.07009725073388301,-0.05899452271042112,-0.14019450146776602,-0.11798904542084224,-0.25818354688860823,-0.2581807635516963,-2.783336911948986e-06,2.783336911948986e-06,1.0780458110097312e-05,nan,nan
4,4,113,0,1,1,-0.06860150532372772,-0.06002653424785894,-0.13720301064745544,-0.12005306849571788,-0.25725607914317333,-0.25725884577846947,2.7666352961364105e-06,2.7666352961364105e-06,1.075428635996763e-05,nan,nan
4,4,113,0,1,2,-0.06388854362472932,-0.05916584844694152,-0.12777708724945863,-0.11833169689388304,-0.24610878414334167,-0.2461073193774333,-1.4647659083710796e-06,1.4647659083710796e-06,5.9517010474439336e-06,nan,nan
4,4,113,0,1,3,-0.05664555519572494,-0.0555143876108161,-0.11329111039144989,-0.1110287752216322,-0.22431988561308208,-0.2243213737709565,1.4881578744296853e-06,1.4881578744296853e-06,6.634044047666942e-06,nan,nan
4,4,113,0,1,4,-0.05075027560323196,-0.05169005067032111,-0.10150055120646392,-0.10338010134064222,-0.20488065254710613,-0.2048822430847563,1.590537650170143e-06,1.590537650170143e-06,7.763179601231545e-06,nan,nan
4,4,113,1,2,0,-0.05150944729989078,-0.04982459820591028,0.10301889459978156,0.0,0.10301889459978156,0.10302147081451132,-2.57621472976588e-06,2.57621472976588e-06,2.50065807583384e-05,-2.57621472976588e-06,nan
4,4,113,1,2,1,-0.06047032450462193,-0.04673371940344923,0.12094064900924387,0.0,0.12094064900924387,0.12094132332883908,-6.743195952174652e-07,6.743195952174652e-07,5.575592995489162e-06,-6.743195952174652e-07,nan
4,4,113,1,2,2,-0.07207351654597181,-0.04231767018084635,0.14414703309194363,0.0,0.14414703309194363,0.14414615682913362,8.762628100067449e-07,8.762628100067449e-07,6.078951409619538e-06,8.762628100067449e-07,nan
4,4,113,1,2,3,-0.0804369241106533,-0.0385997660194724,0.1608738482213066,0.0,0.1608738482213066,0.16087545066232037,-1.6024410137704947e-06,1.6024410137704947e-06,9.960755399119527e-06,-1.6024410137704947e-06,nan
4,4,113,1,2,4,-0.08377248381814226,-0.036680379247363074,0.16754496763628451,0.0,0.16754496763628451,0.16754239857157865,2.5690647058596028e-06,2.5690647058596028e-06,1.5333583229050867e-05,2.5690647058596028e-06,nan
4,4,113,2,3,0,-0.0838916220839255,-0.037806425701852595,-0.0,0.07561285140370519,0.07561285140370519,0.07561542557068167,-2.5741669764794972e-06,2.5741669764794972e-06,3.4042881555606525e-05,nan,-2.5741669764794972e-06
4,4,113,2,3,1,-0.08193534064872945,-0.04363233939959939,-0.0,0.08726467879919877,0.08726467879919877,0.08726448334808545,1.9545111332175402e-07,1.9545111332175402e-07,2.239750561295237e-06,nan,1.9545111332175402e-07
4,4,113,2,3,2,-0.07822655290552706,-0.05105089940107144,-0.0,0.10210179880214287,0.10210179880214287,0.10210116375354923,6.350485936418293e-07,6.350485936418293e-07,6.2197591138668675e-06,nan,6.350485936418293e-07
4,4,113,2,3,3,-0.07396522704723528,-0.05626192541955446,-0.0,0.11252385083910892,0.11252385083910892,0.11252600228667362,-2.151447564699427e-06,2.151447564699427e-06,1.9119559221684193e-05,nan,-2.151447564699427e-06
4,4,113,2,3,4,-0.07099274229633733,-0.058248117050186274,-0.0,0.11649623410037255,0.11649623410037255,0.11649292776232599,3.3063380465575554e-06,3.3063380465575554e-06,2.838150153170472e-05,nan,3.3063380465575554e-06
4,4,114,0,1,0,0.05102838246668762,-0.12942009110305644,0.10205676493337525,-0.2588401822061129,-0.15678341727273765,-0.15677403529930117,-9.381973436473068e-06,9.381973436473068e-06,5.9840342809675804e-05,nan,nan
4,4,114,0,1,1,0.05446390354649096,-0.13071601922160486,0.10892780709298192,-0.2614320384432097,-0.1525042313502278,-0.15250982041652095,5.589066293137934e-06,5.589066293137934e-06,3.664725509395779e-05,nan,nan
4,4,114,0,1,2,0.06022423891213653,-0.12895685937469537,0.12044847782427306,-0.25791371874939073,-0.13746524092511767,-0.137463276497818,-1.9644272996610646e-06,1.9644272996610646e-06,1.4290356503511748e-05,nan,nan
4,4,114,0,1,3,0.06604853418626654,-0.12307373637298792,0.13209706837253307,-0.24614747274597584,-0.11405040437344277,-0.1140499347252466,-4.696481961663501e-07,4.696481961663501e-07,4.117900315623169e-06,nan,nan
4,4,114,0,1,4,0.06948713724499318,-0.11723965931002617,0.13897427448998637,-0.23447931862005233,-0.09550504413006597,-0.09551555905372246,1.0514923656487762e-05,1.0514923656487762e-05,0.00011008597720266364,nan,nan
4,4,114,1,2,0,0.0694057793756601,-0.11551699121738403,-0.1388115587513202,0.0,-0.1388115587513202,-0.13881405606922312,2.497317902916407e-06,2.497317902916407e-06,1.7990382052312173e-05,2.497317902916407e-06,nan
4,4,114,1,2,1,0.06490199853011447,-0.11445990917635285,-0.12980399706022894,0.0,-0.12980399706022894,-0.12980293975629473,-1.0573039342098856e-06,1.0573039342098856e-06,8.145388109422375e-06,-1.0573039342098856e-06,nan
4,4,114,1,2,2,0.055139977888269874,-0.11091450505101619,-0.11027995577653975,0.0,-0.11027995577653975,-0.11027971224728715,-2.435292525970745e-07,2.435292525970745e-07,2.2082821024206588e-06,-2.435292525970745e-07,nan
4,4,114,1,2,3,0.04275936637923382,-0.10543127768191765,-0.08551873275846764,0.0,-0.08551873275846764,-0.0855166566115233,-2.076146944335333e-06,2.076146944335333e-06,2.4277101371450847e-05,-2.076146944335333e-06,nan
4,4,114,1,2,4,0.03371082076132018,-0.10095970031677699,-0.06742164152264037,0.0,-0.06742164152264037,-0.06742763864767869,5.9971250383206165e-06,5.9971250383206165e-06,8.894164408836343e-05,5.9971250383206165e-06,nan
4,4,114,2,3,0,0.03262452173134013,-0.10243945314992683,0.0,0.20487890629985367,0.20487890629985367,0.20488224308475633,-3.3367849026633145e-06,3.3367849026633145e-06,1.6286354797877445e-05,nan,-3.3367849026633145e-06
4,4,114,2,3,1,0.03726911994188357,-0.11216078094442958,0.0,0.22432156188885916,0.22432156188885916,0.22432137377095646,1.8811790269968043e-07,1.8811790269968043e-07,8.386082065213332e-07,nan,1.8811790269968043e-07
4,4,114,2,3,2,0.04338132533841401,-0.1230543726588725,0.0,0.246108745317745,0.246108745317745,0.2461073193774333,1.4259403116889668e-06,1.4259403116889668e-06,5.793944095111168e-06,nan,1.4259403116889668e-06
4,4,114,2,3,3,0.04795328822701881,-0.12862818361046463,0.0,0.25725636722092926,0.25725636722092926,0.25725884577846947,-2.478557540208648e-06,2.478557540208648e-06,9.634489079310343e-06,nan,-2.478557540208648e-06
4,4,114,2,3,4,0.049914202813496886,-0.12909091506592044,0.0,0.2581818301318409,0.2581818301318409,0.25818076355169634,1.0665801445375322e-06,1.0665801445375322e-06,4.1311200869282e-06,nan,1.0665801445375322e-06
4,4,115,0,1,0,-0.0665137338199828,-0.0924296855213832,-0.1330274676399656,-0.1848593710427664,-0.317886838682732,-0.3178799535461481,-6.885136583867357e-06,6.885136583867357e-06,2.16590803582752e-05,nan,nan
4,4,115,0,1,1,-0.06584027363889525,-0.09792254425479588,-0.1316805472777905,-0.19584508850959176,-0.32752563578738225,-0.32753487139680204,9.235609419788737e-06,9.235609419788737e-06,2.8197331723497552e-05,nan,nan
4,4,115,0,1,2,-0.06146977191127818,-0.10115353758010326,-0.12293954382255635,-0.20230707516020652,-0.32524661898276286,-0.32524160428128185,-5.014701481009798e-06,5.014701481009798e-06,1.5418150991680446e-05,nan,nan
4,4,115,0,1,3,-0.05364824547829131,-0.09792629167836038,-0.10729649095658263,-0.19585258335672076,-0.3031490743133034,-0.30315228089517965,3.2065818762472276e-06,3.2065818762472276e-06,1.0577462477862605e-05,nan,nan
4,4,115,0,1,4,-0.04709461161092014,-0.09242410833990265,-0.09418922322184028,-0.1848482166798053,-0.2790374399016456,-0.2790436358035767,6.195901931127512e-06,6.195901931127512e-06,2.220406107197122e-05,nan,nan
4,4,115,1,2,0,-0.047755858333657177,-0.09002039141398752,0.09551171666731435,0.0,0.09551171666731435,0.09551555905372244,-3.842386408089982e-06,3.842386408089982e-06,4.0227858645823794e-05,-3.842386408089982e-06,nan
4,4,115,1,2,1,-0.057024460019163455,-0.08705926513247006,0.11404892003832691,0.0,0.11404892003832691,0.11404993472524662,-1.0146869197091846e-06,1.0146869197091846e-06,8.896865413852524e-06,-1.0146869197091846e-06,nan
4,4,115,1,2,2,-0.06873255277343338,-0.08243187065661797,0.13746510554686675,0.0,0.13746510554686675,0.137463276497818,1.8290490487460342e-06,1.8290490487460342e-06,1.3305551554117464e-05,1.8290490487460342e-06,nan
4,4,115,1,2,3,-0.07625445906112302,-0.07830298844671912,0.15250891812224604,0.0,0.15250891812224604,0.15250982041652095,-9.022942749070673e-07,9.022942749070673e-07,5.916302782619527e-06,-9.022942749070673e-07,nan
4,4,115,1,2,4,-0.07838588771936592,-0.07607479777431689,0.15677177543873183,0.0,0.15677177543873183,0.1567740352993011,-2.2598605692591978e-06,2.2598605692591978e-06,1.4414763037417794e-05,-2.2598605692591978e-06,nan
4,4,115,2,3,0,-0.07804420261467006,-0.07801469524795923,-0.0,0.15602939049591846,0.15602939049591846,0.15604332006302876,-1.3929567110299024e-05,1.3929567110299024e-05,8.926730798006999e-05,nan,-1.3929567110299024e-05
4,4,115,2,3,1,-0.07574664971047833,-0.08663755417639839,-0.0,0.17327510835279678,0.17327510835279678,0.17327548384928013,-3.754964833513341e-07,3.754964833513341e-07,2.1670491116790156e-06,nan,-3.754964833513341e-07
4,4,115,2,3,2,-0.07195734160663693,-0.09472477748370514,-0.0,0.18944955496741028,0.18944955496741028,0.1894451650198967,4.389947513588899e-06,4.389947513588899e-06,2.3172118373907354e-05,nan,4.389947513588899e-06
4,4,115,2,3,3,-0.0685787302500838,-0.0955517416716998,-0.0,0.1911034833433996,0.1911034833433996,0.19111293670628512,-9.45336288551979e-06,9.45336288551979e-06,4.946479839849008e-05,nan,-9.45336288551979e-06
4,4,115,2,3,4,-0.06677821523011716,-0.09203438678057721,-0.0,0.18406877356115442,0.18406877356115442,0.1840611189887562,7.654572398207993e-06,7.654572398207993e-06,4.1585393601076295e-05,nan,7.654572398207993e-06
4,4,116,0,1,0,0.08734419939891529,-0.15818963267283456,0.17468839879783057,-0.3163792653456691,-0.14169086654783855,-0.14168783578937036,-3.0307584681921185e-06,3.0307584681921185e-06,2.138993530093808e-05,nan,nan
4,4,116,0,1,1,0.08926500767019133,-0.1616301840716213,0.17853001534038265,-0.3232603681432426,-0.14473035280285995,-0.14473284349179588,2.4906889359299633e-06,2.4906889359299633e-06,1.7208871710387882e-05,nan,nan
4,4,116,0,1,2,0.09170906381546966,-0.16371254501633897,0.18341812763093931,-0.32742509003267795,-0.14400696240173863,-0.14400615562388402,-8.067778546061444e-07,8.067778546061444e-07,5.602353116479624e-06,nan,nan
4,4,116,0,1,3,0.09347261364369526,-0.1620012784104502,0.18694522728739052,-0.3240025568209004,-0.13705732953350988,-0.13705689042287106,-4.391106388224042e-07,4.391106388224042e-07,3.203846451094348e-06,nan,nan
4,4,116,0,1,4,0.09415295112552445,-0.1587850388037832,0.1883059022510489,-0.3175700776075664,-0.1292641753565175,-0.12926681751407465,2.6421575571589084e-06,2.6421575571589084e-06,2.0439565295797808e-05,nan,nan
4,4,116,1,2,0,0.09445728277096362,-0.15802115909175407,-0.18891456554192723,0.0,-0.18891456554192723,-0.1889126521254644,-1.913416462828721e-06,1.913416462828721e-06,1.0128475045530897e-05,-1.913416462828721e-06,nan
4,4,116,1,2,1,0.09393997765591111,-0.1578332094588936,-0.18787995531182222,0.0,-0.18787995531182222,-0.18788242679295417,2.4714811319437313e-06,2.4714811319437313e-06,1.315440285784309e-05,2.4714811319437313e-06,nan
4,4,116,1,2,2,0.08921900798687685,-0.15370947356098572,-0.1784380159737537,0.0,-0.1784380159737537,-0.1784363226856686,-1.6932880850806242e-06,1.6932880850806242e-06,9.489502984216596e-06,-1.6932880850806242e-06,nan
4,4,116,1,2,3,0.080253752763398,-0.14546008382814166,-0.160507505526796,0.0,-0.160507505526796,-0.16051199857408388,4.493047287890128e-06,4.493047287890128e-06,2.7991971490009044e-05,4.493047287890128e-06,nan
4,4,116,1,2,4,0.07239929071477184,-0.13808282978199868,-0.1447985814295437,0.0,-0.1447985814295437,-0.1447934198238623,-5.161605681397452e-06,5.161605681397452e-06,3.564679729897074e-05,-5.161605681397452e-06,nan
4,4,116,2,3,0,0.07228647285215711,-0.13951803828792794,0.0,0.2790360765758559,0.2790360765758559,0.27904363580357683,-7.559227720943529e-06,7.559227720943529e-06,2.708976930857003e-05,nan,-7.559227720943529e-06
4,4,116,2,3,1,0.07954454919272709,-0.15157452138444438,0.0,0.30314904276888877,0.30314904276888877,0.30315228089517965,-3.2381262908831587e-06,3.2381262908831587e-06,1.0681517161346377e-05,nan,-3.2381262908831587e-06
4,4,116,2,3,2,0.08693703528102442,-0.16262265314246827,0.0,0.32524530628493653,0.32524530628493653,0.32524160428128185,3.7020036546819846e-06,3.7020036546819846e-06,1.1382189329548027e-05,nan,3.7020036546819846e-06
4,4,116,2,3,3,0.08915157140030963,-0.16376491598782444,0.0,0.3275298319756489,0.3275298319756489,0.32753487139680193,-5.039421153041346e-06,5.039421153041346e-06,1.5385907251799728e-05,nan,-5.039421153041346e-06
4,4,116,2,3,4,0.08759013840041366,-0.15894080143446523,0.0,0.31788160286893047,0.31788160286893047,0.3178799535461481,1.649322782348861e-06,1.649322782348861e-06,5.188481395159294e-06,nan,1.649322782348861e-06
4,4,117,0,1,0,-0.070628264859595,-0.06465366625843798,-0.14125652971919,-0.12930733251687596,-0.270563862236066,-0.27056386938609006,7.1500240728106235e-09,7.1500240728106235e-09,2.642638164893946e-08,nan,nan
4,4,117,0,1,1,-0.07230297072667648,-0.06860427788859873,-0.14460594145335295,-0.13720855577719746,-0.2818144972305504,-0.28181677399115945,2.276760609043471e-06,2.276760609043471e-06,8.078868325683456e-06,nan,nan
4,4,117,0,1,2,-0.07207351654597179,-0.0720735165459718,-0.14414703309194357,-0.1441470330919436,-0.2882940661838872,-0.28829231365826724,-1.7525256199579786e-06,1.7525256199579786e-06,6.0789514094269884e-06,nan,nan
4,4,117,0,1,3,-0.06860427788859876,-0.0723029707266765,-0.1372085557771975,-0.144605941453353,-0.2818144972305505,-0.28181677399115934,2.2767606088214265e-06,2.2767606088214265e-06,8.078868324895554e-06,nan,nan
4,4,117,0,1,4,-0.06465366625843795,-0.07062826485959497,-0.1293073325168759,-0.14125652971918995,-0.2705638622360659,-0.27056386938608995,7.1500240728106235e-09,7.1500240728106235e-09,2.642638164893947e-08,nan,nan
4,4,117,1,2,0,-0.06463390057170049,-0.07000799711545694,0.12926780114340097,0.0,0.12926780114340097,0.12926681751407465,9.83629326323232e-07,9.83629326323232e-07,7.609236930022969e-06,9.83629326323232e-07,nan
4,4,117,1,2,1,-0.06852760340694161,-0.0700532924375127,0.13705520681388322,0.0,0.13705520681388322,0.137056890422871,-1.6836089877791949e-06,1.6836089877791949e-06,1.2284015656452156e-05,-1.6836089877791949e-06,nan
4,4,117,1,2,2,-0.07200349267059934,-0.070111603859657,0.14400698534119868,0.0,0.14400698534119868,0.14400615562388402,8.297173146598613e-07,8.297173146598613e-07,5.7616463027400735e-06,8.297173146598613e-07,nan
4,4,117,1,2,3,-0.07236611415203223,-0.07020061821893069,0.14473222830406446,0.0,0.14473222830406446,0.14473284349179588,-6.151877314231058e-07,6.151877314231058e-07,4.250505390353762e-06,-6.151877314231058e-07,nan
4,4,117,1,2,4,-0.07084365639411788,-0.07024633663610247,0.14168731278823576,0.0,0.14168731278823576,0.14168783578937028,-5.230011345114249e-07,5.230011345114249e-07,3.6912211383403854e-06,-5.230011345114249e-07,nan
4,4,117,2,3,0,-0.07024633663610245,-0.07084365639411787,-0.0,0.14168731278823574,0.14168731278823574,0.1416878357893703,-5.230011345669361e-07,5.230011345669361e-07,3.6912211387321695e-06,nan,-5.230011345669361e-07
4,4,117,2,3,1,-0.07020061821893074,-0.07236611415203222,-0.0,0.14473222830406443,0.14473222830406443,0.14473284349179588,-6.151877314508614e-07,6.151877314508614e-07,4.250505390545533e-06,nan,-6.151877314508614e-07
4,4,117,2,3,2,-0.07011160385965698,-0.07200349267059927,-0.0,0.14400698534119855,0.14400698534119855,0.14400615562388405,8.297173144933279e-07,8.297173144933279e-07,5.7616463015836525e-06,nan,8.297173144933279e-07
4,4,117,2,3,3,-0.07005329243751268,-0.0685276034069416,-0.0,0.1370552068138832,0.1370552068138832,0.137056890422871,-1.6836089878069505e-06,1.6836089878069505e-06,1.2284015656654666e-05,nan,-1.6836089878069505e-06
4,4,117,2,3,4,-0.07000799711545698,-0.06463390057170051,-0.0,0.12926780114340103,0.12926780114340103,0.12926681751407465,9.836293263787432e-07,9.836293263787432e-07,7.609236930452393e-06,nan,9.836293263787432e-07
4,4,118,0,1,0,0.06712022386667356,-0.1343957519992384,0.13424044773334712,-0.2687915039984768,-0.13455105626512967,-0.13454974820587856,-1.308059251109439e-06,1.308059251109439e-06,9.721657246093552e-06,nan,nan
4,4,118,0,1,1,0.06815871834816482,-0.13752044420070927,0.13631743669632965,-0.27504088840141855,-0.1387234517050889,-0.13872400508797164,5.533828827397613e-07,5.533828827397613e-07,3.989092460160982e-06,nan,nan
4,4,118,0,1,2,0.06934097465528749,-0.14050811760946053,0.13868194931057498,-0.28101623521892105,-0.14233428590834607,-0.1423341908903184,-9.501802766820333e-08,9.501802766820333e-08,6.67569497130078e-07,nan,nan
4,4,118,0,1,3,0.07005190645023172,-0.14140932068494405,0.14010381290046345,-0.2828186413698881,-0.14271482846942465,-0.14271482794975096,-5.196736929669044e-10,5.196736929669044e-10,3.6413433596232062e-09,nan,nan
4,4,118,0,1,4,0.07024018052828901,-0.14080428989025742,0.14048036105657802,-0.28160857978051484,-0.14112821872393683,-0.14112835835072537,1.3962678854784194e-07,1.3962678854784194e-07,9.893602545907054e-07,nan,nan
4,4,118,1,2,0,0.07056410936196841,-0.14080428989025745,-0.14112821872393683,0.0,-0.14112821872393683,-0.1411283583507254,1.3962678857559752e-07,1.3962678857559752e-07,9.893602547873741e-07,1.3962678857559752e-07,nan
4,4,118,1,2,1,0.07135741423471231,-0.14140932068494402,-0.14271482846942463,0.0,-0.14271482846942463,-0.14271482794975096,-5.196736652113287e-10,5.196736652113287e-10,3.641343165140434e-09,-5.196736652113287e-10,nan
4,4,118,1,2,2,0.07116714295417305,-0.14050811760946053,-0.1423342859083461,0.0,-0.1423342859083461,-0.1423341908903184,-9.50180276959589e-08,9.50180276959589e-08,6.675694973250806e-07,-9.50180276959589e-08,nan
4,4,118,1,2,3,0.06936172585254452,-0.13752044420070939,-0.13872345170508904,0.0,-0.13872345170508904,-0.1387240050879716,5.533828825732279e-07,5.533828825732279e-07,3.989092458960517e-06,5.533828825732279e-07,nan
4,4,118,1,2,4,0.0672755281325649,-0.13439575199923845,-0.1345510562651298,0.0,-0.1345510562651298,-0.13454974820587856,-1.308059251248217e-06,1.308059251248217e-06,9.721657247124957e-06,-1.308059251248217e-06,nan
4,4,118,2,3,0,0.06755550560446126,-0.1352808044545263,0.0,0.2705616089090526,0.2705616089090526,0.27056386938609,-2.260477037385744e-06,2.260477037385744e-06,8.354689199687937e-06,nan,-2.260477037385744e-06
4,4,118,2,3,1,0.07040153088472988,-0.140908319265397,0.0,0.281816638530794,0.281816638530794,0.28181677399115945,-1.3546036548017781e-07,1.3546036548017781e-07,4.80668214179569e-07,nan,-1.3546036548017781e-07
4,4,118,2,3,2,0.07207314475810886,-0.1441462895162177,0.0,0.2882925790324354,0.2882925790324354,0.2882923136582672,2.6537416819572e-07,2.6537416819572e-07,9.20502945606044e-07,nan,2.6537416819572e-07
4,4,118,2,3,3,0.07050678838066703,-0.1409083192653969,0.0,0.2818166385307938,0.2818166385307938,0.2818167739911594,-1.3546036559120012e-07,1.3546036559120012e-07,4.806682145735211e-07,nan,-1.3546036559120012e-07
4,4,118,2,3,4,0.06772529885006509,-0.1352808044545264,0.0,0.2705616089090528,0.2705616089090528,0.27056386938609,-2.2604770372192107e-06,2.2604770372192107e-06,8.354689199072432e-06,nan,-2.2604770372192107e-06
4,4,119,0,1,0,0.05000809387425536,-0.1417736100971503,0.10001618774851072,-0.2835472201943006,-0.1835310324457899,-0.18352807674985439,-2.9556959355026002e-06,2.9556959355026002e-06,1.6104611280795977e-05,nan,nan
4,4,119,0,1,1,0.05104376418127065,-0.14559308337899354,0.1020875283625413,-0.2911861667579871,-0.18909863839544577,-0.1891023461699331,3.7077744873270646e-06,3.7077744873270646e-06,1.9607236834571825e-05,nan,nan
4,4,119,0,1,2,0.05327124151325153,-0.14716127419316097,0.10654248302650306,-0.29432254838632194,-0.1877800653598189,-0.1877783277834638,-1.7375763551041867e-06,1.7375763551041867e-06,9.253252477970394e-06,nan,nan
4,4,119,0,1,3,0.056102674634090056,-0.14361547494680063,0.11220534926818011,-0.28723094989360126,-0.17502560062542116,-0.17502505098028098,-5.496451401798552e-07,5.496451401798552e-07,3.1403699699689725e-06,nan,nan
4,4,119,0,1,4,0.058069428069004884,-0.13861852086710114,0.11613885613800977,-0.27723704173420227,-0.1610981855961925,-0.1611059182468469,7.732650654401763e-06,7.732650654401763e-06,4.799730971120363e-05,nan,nan
4,4,119,1,2,0,0.05824548179200102,-0.13725840221241217,-0.11649096358400204,0.0,-0.11649096358400204,-0.11649292776232593,1.9641783238905086e-06,1.9641783238905086e-06,1.6860923333456884e-05,1.9641783238905086e-06,nan
4,4,119,1,2,1,0.056263007209034654,-0.1372182958972102,-0.11252601441806931,0.0,-0.11252601441806931,-0.11252600228667362,-1.213139569355981e-08,1.213139569355981e-08,1.0780969855102025e-07,-1.213139569355981e-08,nan
4,4,119,1,2,2,0.05105089145800316,-0.1350903891538837,-0.10210178291600631,0.0,-0.10210178291600631,-0.10210116375354926,-6.191624570550669e-07,6.191624570550669e-07,6.064168904517747e-06,-6.191624570550669e-07,nan
4,4,119,1,2,3,0.04363211617767469,-0.13074173358557878,-0.08726423235534939,0.0,-0.08726423235534939,-0.08726448334808543,2.5099273603945704e-07,2.5099273603945704e-07,2.8762301271902713e-06,2.5099273603945704e-07,nan
4,4,119,1,2,4,0.0378073654716681,-0.1267774728568646,-0.0756147309433362,0.0,-0.0756147309433362,-0.07561542557068165,6.946273454488949e-07,6.946273454488949e-07,9.186318005968118e-06,6.946273454488949e-07,nan
4,4,119,2,3,0,0.0373958239959866,-0.12816810353228375,0.0,0.2563362070645675,0.2563362070645675,0.2563402907731431,-4.083708575575162e-06,4.083708575575162e-06,1.5930810421016402e-05,nan,-4.083708575575162e-06
4,4,119,2,3,1,0.04153804587893523,-0.13669934403514494,0.0,0.2733986880702899,0.2733986880702899,0.2733990834044775,-3.953341876083982e-07,3.953341876083982e-07,1.445996755678676e-06,nan,-3.953341876083982e-07
4,4,119,2,3,2,0.046424039476907285,-0.14435898587514664,0.0,0.2887179717502933,0.2887179717502933,0.2887160349329558,1.9368173375111652e-06,1.9368173375111652e-06,6.708336601873478e-06,nan,1.9368173375111652e-06
4,4,119,2,3,3,0.049253578111609186,-0.1451557512935125,0.0,0.290311502587025,0.290311502587025,0.2903149383303786,-3.435743353596976e-06,3.435743353596976e-06,1.1834538633651355e-05,nan,-3.435743353596976e-06
4,4,119,2,3,4,0.04983345215015707,-0.14180507009043192,0.0,0.28361014018086383,0.28361014018086383,0.2836074758930854,2.6642877784532892e-06,2.6642877784532892e-06,9.394190830956255e-06,nan,2.6642877784532892e-06
4,4,120,0,1,0,-0.0892806826325122,-0.08076839939602425,-0.1785613652650244,-0.1615367987920485,-0.3400981640570729,-0.34010443905178495,6.274994712063275e-06,6.274994712063275e-06,1.845019938451269e-05,nan,nan
4,4,120,0,1,1,-0.09380547363679291,-0.08838382221130521,-0.18761094727358582,-0.17676764442261042,-0.36437859169619624,-0.36438842055556525,9.828859369009901e-06,9.828859369009901e-06,2.69735776840118e-05,nan,nan
4,4,120,0,1,2,-0.09472477748370514,-0.09472477748370514,-0.18944955496741028,-0.18944955496741028,-0.37889910993482057,-0.3788903300397933,-8.77989502728882e-06,8.77989502728882e-06,2.3172118374200366e-05,nan,nan
4,4,120,0,1,3,-0.08838382221130527,-0.09380547363679295,-0.17676764442261053,-0.1876109472735859,-0.36437859169619646,-0.3643884205555652,9.828859368732346e-06,9.828859368732346e-06,2.69735776832501e-05,nan,nan
4,4,120,0,1,4,-0.08076839939602422,-0.08928068263251218,-0.16153679879204844,-0.17856136526502436,-0.3400981640570728,-0.340104439051785,6.274994712174298e-06,6.274994712174298e-06,1.8450199384839122e-05,nan,nan
4,4,120,1,2,0,-0.08055753162200018,-0.08794695167369991,0.16111506324400035,0.0,0.16111506324400035,0.16110591824684695,9.14499715340411e-06,9.14499715340411e-06,5.6760658930782224e-05,9.14499715340411e-06,nan
4,4,120,1,2,1,-0.08750835883256816,-0.08871717386894691,0.17501671766513632,0.0,0.17501671766513632,0.175025050980281,-8.333315144687381e-06,8.333315144687381e-06,4.761212808117533e-05,-8.333315144687381e-06,nan
4,4,120,1,2,2,-0.09389075671794805,-0.08969465151877314,0.1877815134358961,0.0,0.1877815134358961,0.1877783277834638,3.1856524323192748e-06,3.1856524323192748e-06,1.6964675457292958e-05,3.1856524323192748e-06,nan
4,4,120,1,2,3,-0.09455007713748817,-0.09043547967334212,0.18910015427497634,0.0,0.18910015427497634,0.18910234616993316,-2.1918949568155988e-06,2.1918949568155988e-06,1.1591051095928207e-05,-2.1918949568155988e-06,nan
4,4,120,1,2,4,-0.09176286161716561,-0.09068163813672449,0.18352572323433122,0.0,0.18352572323433122,0.1835280767498544,-2.353515523190186e-06,2.353515523190186e-06,1.2823735555176046e-05,-2.353515523190186e-06,nan
4,4,120,2,3,0,-0.09068163813672449,-0.09176286161716558,-0.0,0.18352572323433117,0.18352572323433117,0.18352807674985436,-2.353515523190186e-06,2.353515523190186e-06,1.2823735555176049e-05,nan,-2.353515523190186e-06
4,4,120,2,3,1,-0.09043547967334216,-0.09455007713748823,-0.0,0.18910015427497645,0.18910015427497645,0.1891023461699331,-2.1918949566490653e-06,2.1918949566490653e-06,1.1591051095047557e-05,nan,-2.1918949566490653e-06
4,4,120,2,3,2,-0.0896946515187731,-0.09389075671794804,-0.0,0.18778151343589608,0.18778151343589608,0.18777832778346382,3.1856524322637636e-06,3.1856524322637636e-06,1.6964675456997347e-05,nan,3.1856524322637636e-06
4,4,120,2,3,3,-0.08871717386894688,-0.08750835883256819,-0.0,0.17501671766513638,0.17501671766513638,0.17502505098028098,-8.333315144604114e-06,8.333315144604114e-06,4.7612128080699595e-05,nan,-8.333315144604114e-06
4,4,120,2,3,4,-0.08794695167370002,-0.08055753162200026,-0.0,0.16111506324400052,0.16111506324400052,0.16110591824684695,9.144997153570644e-06,9.144997153570644e-06,5.6760658931815794e-05,nan,9.144997153570644e-06
4,4,121,0,1,0,0.09068745852354863,-0.16871176390421924,0.18137491704709727,-0.3374235278084385,-0.15604861076134122,-0.1560433200630288,-5.290698312426789e-06,5.290698312426789e-06,3.3904167980824366e-05,nan,nan
4,4,121,0,1,1,0.09055578243417615,-0.17718780090628292,0.1811115648683523,-0.35437560181256583,-0.17326403694421352,-0.17327548384928013,1.1446905066603286e-05,1.1446905066603286e-05,6.606188488014914e-05,nan,nan
4,4,121,0,1,2,0.09041467451067492,-0.18514017264079097,0.18082934902134984,-0.37028034528158194,-0.1894509962602321,-0.18944516501989658,-5.831240335513188e-06,5.831240335513188e-06,3.0779676278415177e-05,nan,nan
4,4,121,0,1,3,0.09055578243417617,-0.18611002595814322,0.18111156486835234,-0.37222005191628643,-0.1911084870479341,-0.1911129367062851,4.449658351002306e-06,4.449658351002306e-06,2.3282873612270596e-05,nan,nan
4,4,121,0,1,4,0.09068745852354859,-0.18271622320407688,0.18137491704709718,-0.36543244640815375,-0.18405752936105657,-0.18406111898875624,3.5896276996683074e-06,3.5896276996683074e-06,1.9502368123099302e-05,nan,nan
4,4,121,1,2,0,0.09202876468052826,-0.18271622320407685,-0.18405752936105652,0.0,-0.18405752936105652,-0.1840611189887562,3.589627699696063e-06,3.589627699696063e-06,1.95023681232501e-05,3.589627699696063e-06,nan
4,4,121,1,2,1,0.09555424352396695,-0.18611002595814313,-0.1911084870479339,0.0,-0.1911084870479339,-0.1911129367062851,4.449658351196595e-06,4.449658351196595e-06,2.3282873613287216e-05,4.449658351196595e-06,nan
4,4,121,1,2,2,0.09472549813011609,-0.18514017264079105,-0.18945099626023218,0.0,-0.18945099626023218,-0.1894451650198967,-5.8312403354854325e-06,5.8312403354854325e-06,3.077967627826866e-05,-5.8312403354854325e-06,nan
4,4,121,1,2,3,0.08663201847210678,-0.17718780090628292,-0.17326403694421355,0.0,-0.17326403694421355,-0.17327548384928015,1.1446905066603286e-05,1.1446905066603286e-05,6.606188488014914e-05,1.1446905066603286e-05,nan
4,4,121,1,2,4,0.07802430538067069,-0.16871176390421927,-0.15604861076134138,0.0,-0.15604861076134138,-0.15604332006302876,-5.290698312621078e-06,5.290698312621078e-06,3.390416798206938e-05,-5.290698312621078e-06,nan
4,4,121,2,3,0,0.07802430538067064,-0.1700530700611989,0.0,0.3401061401223978,0.3401061401223978,0.340104439051785,1.701070612813993e-06,1.701070612813993e-06,5.001587481489778e-06,nan,1.701070612813993e-06
4,4,121,2,3,1,0.08663201847210683,-0.18218626199607377,0.0,0.36437252399214753,0.36437252399214753,0.36438842055556525,-1.5896563417716614e-05,1.5896563417716614e-05,4.362532539722283e-05,nan,-1.5896563417716614e-05
4,4,121,2,3,2,0.09472549813011603,-0.1894509962602321,0.0,0.3789019925204642,0.3789019925204642,0.3788903300397933,1.1662480670915354e-05,1.1662480670915354e-05,3.0779676278122164e-05,nan,1.1662480670915354e-05
4,4,121,2,3,3,0.09555424352396694,-0.18218626199607377,0.0,0.36437252399214753,0.36437252399214753,0.36438842055556525,-1.5896563417716614e-05,1.5896563417716614e-05,4.362532539722283e-05,nan,-1.5896563417716614e-05
4,4,121,2,3,4,0.09202876468052829,-0.17005307006119905,0.0,0.3401061401223981,0.3401061401223981,0.340104439051785,1.7010706130915487e-06,1.7010706130915487e-06,5.001587482305859e-06,nan,1.7010706130915487e-06
4,4,122,0,1,0,-0.09242410833990264,-0.0470946116109202,-0.18484821667980528,-0.0941892232218404,-0.27903743990164565,-0.27904363580357683,6.195901931183023e-06,6.195901931183023e-06,2.2204061072170144e-05,nan,nan
4,4,122,0,1,1,-0.09792629167836031,-0.05364824547829131,-0.19585258335672062,-0.10729649095658263,-0.30314907431330324,-0.30315228089517976,3.2065818765247833e-06,3.2065818765247833e-06,1.0577462478778168e-05,nan,nan
4,4,122,0,1,2,-0.10115353758010322,-0.06146977191127814,-0.20230707516020643,-0.12293954382255629,-0.32524661898276275,-0.32524160428128174,-5.014701481009798e-06,5.014701481009798e-06,1.5418150991680453e-05,nan,nan
4,4,122,0,1,3,-0.09792254425479593,-0.06584027363889526,-0.19584508850959187,-0.13168054727779052,-0.32752563578738236,-0.32753487139680193,9.235609419566693e-06,9.235609419566693e-06,2.8197331722819635e-05,nan,nan
4,4,122,0,1,4,-0.0924296855213832,-0.06651373381998278,-0.1848593710427664,-0.13302746763996556,-0.31788683868273193,-0.317879953546148,-6.8851365839228684e-06,6.8851365839228684e-06,2.1659080358449828e-05,nan,nan
4,4,122,1,2,0,-0.09203438678057718,-0.06677821523011708,0.18406877356115436,0.0,0.18406877356115436,0.18406111898875624,7.654572398124726e-06,7.654572398124726e-06,4.158539360062394e-05,7.654572398124726e-06,nan
4,4,122,1,2,1,-0.09555174167169982,-0.06857873025008385,0.19110348334339963,0.0,0.19110348334339963,0.1911129367062851,-9.453362885464278e-06,9.453362885464278e-06,4.946479839819963e-05,-9.453362885464278e-06,nan
4,4,122,1,2,2,-0.09472477748370518,-0.071957341606637,0.18944955496741037,0.0,0.18944955496741037,0.18944516501989658,4.389947513783188e-06,4.389947513783188e-06,2.3172118374932887e-05,4.389947513783188e-06,nan
4,4,122,1,2,3,-0.08663755417639839,-0.0757466497104783,0.17327510835279678,0.0,0.17327510835279678,0.17327548384928018,-3.7549648340684527e-07,3.7549648340684527e-07,2.1670491119993783e-06,-3.7549648340684527e-07,nan
4,4,122,1,2,4,-0.07801469524795926,-0.07804420261467013,0.15602939049591852,0.0,0.15602939049591852,0.1560433200630288,-1.3929567110271268e-05,1.3929567110271268e-05,8.92673079798921e-05,-1.3929567110271268e-05,nan
4,4,122,2,3,0,-0.07607479777431685,-0.0783858877193659,-0.0,0.1567717754387318,0.1567717754387318,0.15677403529930117,-2.25986056937022e-06,2.25986056937022e-06,1.4414763038125954e-05,nan,-2.25986056937022e-06
4,4,122,2,3,1,-0.07830298844671911,-0.07625445906112298,-0.0,0.15250891812224596,0.15250891812224596,0.15250982041652095,-9.02294274990334e-07,9.02294274990334e-07,5.9163027831655035e-06,nan,-9.02294274990334e-07
4,4,122,2,3,2,-0.08243187065661788,-0.06873255277343338,-0.0,0.13746510554686675,0.13746510554686675,0.137463276497818,1.8290490487460342e-06,1.8290490487460342e-06,1.3305551554117464e-05,nan,1.8290490487460342e-06
4,4,122,2,3,3,-0.08705926513247006,-0.05702446001916347,-0.0,0.11404892003832694,0.11404892003832694,0.11404993472524663,-1.0146869196953068e-06,1.0146869196953068e-06,8.896865413730841e-06,nan,-1.0146869196953068e-06
4,4,122,2,3,4,-0.0900203914139876,-0.04775585833365721,-0.0,0.09551171666731442,0.09551171666731442,0.09551555905372246,-3.8423864080344705e-06,3.8423864080344705e-06,4.0227858645242614e-05,nan,-3.8423864080344705e-06
4,4,123,0,1,0,0.06568353906722699,-0.13808282978199876,0.13136707813445397,-0.2761656595639975,-0.14479858142954355,-0.1447934198238623,-5.161605681258674e-06,5.161605681258674e-06,3.564679729801235e-05,nan,nan
4,4,123,0,1,1,0.06520633106474369,-0.1454600838281416,0.13041266212948738,-0.2909201676562832,-0.16050750552679582,-0.16051199857408385,4.493047288028906e-06,4.493047288028906e-06,2.7991971490873645e-05,nan,nan
4,4,123,0,1,2,0.06449046557410883,-0.15370947356098566,0.12898093114821765,-0.3074189471219713,-0.17843801597375367,-0.1784363226856686,-1.6932880850528687e-06,1.6932880850528687e-06,9.48950298406105e-06,nan,nan
4,4,123,0,1,3,0.06389323180298248,-0.1578332094588936,0.12778646360596496,-0.3156664189177872,-0.18787995531182222,-0.18788242679295414,2.4714811319159757e-06,2.4714811319159757e-06,1.3154402857695364e-05,nan,nan
4,4,123,0,1,4,0.0635638763207904,-0.15802115909175396,0.1271277526415808,-0.3160423181835079,-0.18891456554192712,-0.1889126521254644,-1.9134164627176986e-06,1.9134164627176986e-06,1.0128475044943217e-05,nan,nan
4,4,123,1,2,0,0.06463208767825876,-0.15878503880378322,-0.12926417535651752,0.0,-0.12926417535651752,-0.12926681751407465,2.642157557131153e-06,2.642157557131153e-06,2.043956529558309e-05,2.642157557131153e-06,nan
4,4,123,1,2,1,0.06852866476675491,-0.16200127841045014,-0.13705732953350983,0.0,-0.13705732953350983,-0.13705689042287103,-4.391106387946486e-07,4.391106387946486e-07,3.2038464508918387e-06,-4.391106387946486e-07,nan
4,4,123,1,2,2,0.07200348120086937,-0.16371254501633903,-0.14400696240173874,0.0,-0.14400696240173874,-0.144006155623884,-8.067778547449223e-07,8.067778547449223e-07,5.602353117443307e-06,-8.067778547449223e-07,nan
4,4,123,1,2,3,0.07236517640142998,-0.16163018407162133,-0.14473035280285995,0.0,-0.14473035280285995,-0.14473284349179585,2.4906889359022077e-06,2.4906889359022077e-06,1.7208871710196118e-05,2.4906889359022077e-06,nan
4,4,123,1,2,4,0.07084543327391932,-0.15818963267283467,-0.14169086654783863,0.0,-0.14169086654783863,-0.1416878357893703,-3.0307584683308963e-06,3.0307584683308963e-06,2.138993530191751e-05,-3.0307584683308963e-06,nan
4,4,123,2,3,0,0.07135066303405148,-0.15894080143446507,0.0,0.31788160286893014,0.31788160286893014,0.317879953546148,1.6493227821268164e-06,1.6493227821268164e-06,5.1884813944607855e-06,nan,1.6493227821268164e-06
4,4,123,2,3,1,0.07461334458751485,-0.1637649159878245,0.0,0.327529831975649,0.327529831975649,0.327534871396802,-5.039421152985835e-06,5.039421152985835e-06,1.5385907251630243e-05,nan,-5.039421152985835e-06
4,4,123,2,3,2,0.07568561786144382,-0.1626226531424683,0.0,0.3252453062849366,0.3252453062849366,0.3252416042812818,3.702003654793007e-06,3.702003654793007e-06,1.1382189329889374e-05,nan,3.702003654793007e-06
4,4,123,2,3,3,0.07202997219171721,-0.1515745213844443,0.0,0.3031490427688886,0.3031490427688886,0.30315228089517976,-3.2381262911607145e-06,3.2381262911607145e-06,1.0681517162261939e-05,nan,-3.2381262911607145e-06
4,4,123,2,3,4,0.06723156543577087,-0.13951803828792805,0.0,0.2790360765758561,0.2790360765758561,0.2790436358035769,-7.559227720776995e-06,7.559227720776995e-06,2.7089769307973226e-05,nan,-7.559227720776995e-06
4,4,124,0,1,0,0.08897010738519649,-0.12677747285686458,0.17794021477039298,-0.25355494571372916,-0.07561473094333618,-0.07561542557068168,6.946273455044061e-07,6.946273455044061e-07,9.18631800670224e-06,nan,nan
4,4,124,0,1,1,0.08710961740790406,-0.13074173358557872,0.17421923481580812,-0.26148346717115745,-0.08726423235534933,-0.08726448334808543,2.509927360949682e-07,2.509927360949682e-07,2.8762301278263965e-06,nan,nan
4,4,124,0,1,2,0.08403949769588051,-0.13509038915388372,0.16807899539176102,-0.27018077830776743,-0.10210178291600641,-0.10210116375354926,-6.191624571522114e-07,6.191624571522114e-07,6.06416890546919e-06,nan,nan
4,4,124,0,1,3,0.08095528868817552,-0.13721829589721019,0.16191057737635103,-0.27443659179442037,-0.11252601441806934,-0.11252600228667359,-1.2131395749070961e-08,1.2131395749070961e-08,1.078096990443386e-07,nan,nan
4,4,124,0,1,4,0.07901292042041114,-0.1372584022124121,0.15802584084082227,-0.2745168044248242,-0.1164909635840019,-0.11649292776232595,1.9641783240431643e-06,1.9641783240431643e-06,1.6860923334767312e-05,nan,nan
4,4,124,1,2,0,0.08054909279809641,-0.13861852086710122,-0.16109818559619282,0.0,-0.16109818559619282,-0.16110591824684692,7.732650654096451e-06,7.732650654096451e-06,4.799730970930853e-05,7.732650654096451e-06,nan
4,4,124,1,2,1,0.08751280031271053,-0.1436154749468006,-0.17502560062542105,0.0,-0.17502560062542105,-0.175025050980281,-5.496451400410773e-07,5.496451400410773e-07,3.140369969176074e-06,-5.496451400410773e-07,nan
4,4,124,1,2,2,0.09389003267990947,-0.14716127419316105,-0.18778006535981895,0.0,-0.18778006535981895,-0.1877783277834638,-1.7375763551596979e-06,1.7375763551596979e-06,9.253252478266009e-06,-1.7375763551596979e-06,nan
4,4,124,1,2,3,0.09454931919772293,-0.14559308337899363,-0.18909863839544586,0.0,-0.18909863839544586,-0.18910234616993307,3.7077744872160423e-06,3.7077744872160423e-06,1.9607236833984726e-05,3.7077744872160423e-06,nan
4,4,124,1,2,4,0.09176551622289497,-0.14177361009715028,-0.18353103244578994,0.0,-0.18353103244578994,-0.1835280767498543,-2.955695935641378e-06,2.955695935641378e-06,1.6104611281552127e-05,-2.955695935641378e-06,nan
4,4,124,2,3,0,0.09197161794027482,-0.1418050700904319,0.0,0.2836101401808638,0.2836101401808638,0.28360747589308544,2.664287778342267e-06,2.664287778342267e-06,9.394190830564795e-06,nan,2.664287778342267e-06
4,4,124,2,3,1,0.09590217318190328,-0.1451557512935125,0.0,0.290311502587025,0.290311502587025,0.2903149383303786,-3.435743353596976e-06,3.435743353596976e-06,1.1834538633651355e-05,nan,-3.435743353596976e-06
4,4,124,2,3,2,0.09793494639823933,-0.14435898587514664,0.0,0.2887179717502933,0.2887179717502933,0.2887160349329558,1.9368173375111652e-06,1.9368173375111652e-06,6.708336601873478e-06,nan,1.9368173375111652e-06
4,4,124,2,3,3,0.09516129815620965,-0.13669934403514492,0.0,0.27339868807028983,0.27339868807028983,0.27339908340447744,-3.953341876083982e-07,3.953341876083982e-07,1.4459967556786765e-06,nan,-3.953341876083982e-07
4,4,124,2,3,4,0.09077227953629723,-0.12816810353228383,0.0,0.25633620706456767,0.25633620706456767,0.2563402907731431,-4.083708575408629e-06,4.083708575408629e-06,1.5930810420366745e-05,nan,-4.083708575408629e-06
4,4,125,0,1,0,-0.05169005067032112,-0.05075027560323198,-0.10338010134064224,-0.10150055120646397,-0.2048806525471062,-0.2048822430847563,1.5905376501146318e-06,1.5905376501146318e-06,7.763179600960602e-06,nan,nan
4,4,125,0,1,1,-0.05551438761081609,-0.05664555519572489,-0.11102877522163218,-0.11329111039144978,-0.22431988561308197,-0.22432137377095646,1.4881578744851964e-06,1.4881578744851964e-06,6.634044047914406e-06,nan,nan
4,4,125,0,1,2,-0.059165848446941526,-0.0638885436247293,-0.11833169689388305,-0.1277770872494586,-0.24610878414334164,-0.2461073193774333,-1.464765908343324e-06,1.464765908343324e-06,5.951701047331156e-06,nan,nan
4,4,125,0,1,3,-0.060026534247858976,-0.0686015053237277,-0.12005306849571795,-0.1372030106474554,-0.2572560791431734,-0.25725884577846947,2.7666352960808993e-06,2.7666352960808993e-06,1.0754286359751852e-05,nan,nan
4,4,125,0,1,4,-0.058994522710421084,-0.07009725073388304,-0.11798904542084217,-0.14019450146776608,-0.25818354688860823,-0.2581807635516962,-2.783336912004497e-06,2.783336912004497e-06,1.0780458110312317e-05,nan,nan
4,4,125,1,2,0,-0.058248117050186274,-0.07099274229633734,0.11649623410037255,0.0,0.11649623410037255,0.11649292776232595,3.3063380465991887e-06,3.3063380465991887e-06,2.83815015320621e-05,3.3063380465991887e-06,nan
4,4,125,1,2,1,-0.05626192541955447,-0.07396522704723528,0.11252385083910894,0.0,0.11252385083910894,0.11252600228667362,-2.1514475646716713e-06,2.1514475646716713e-06,1.9119559221437533e-05,-2.1514475646716713e-06,nan
4,4,125,1,2,2,-0.05105089940107146,-0.07822655290552707,0.10210179880214292,0.0,0.10210179880214292,0.10210116375354923,6.350485936834627e-07,6.350485936834627e-07,6.219759114274627e-06,6.350485936834627e-07,nan
4,4,125,1,2,3,-0.04363233939959935,-0.08193534064872944,0.0872646787991987,0.0,0.0872646787991987,0.08726448334808543,1.9545111328012066e-07,1.9545111328012066e-07,2.2397505608181457e-06,1.9545111328012066e-07,nan
4,4,125,1,2,4,-0.03780642570185262,-0.08389162208392552,0.07561285140370524,0.0,0.07561285140370524,0.07561542557068165,-2.5741669764101083e-06,2.5741669764101083e-06,3.404288155468888e-05,-2.5741669764101083e-06,nan
4,4,125,2,3,0,-0.03668037924736307,-0.0837724838181422,-0.0,0.1675449676362844,0.1675449676362844,0.16754239857157865,2.5690647057485805e-06,2.5690647057485805e-06,1.5333583228388236e-05,nan,2.5690647057485805e-06
4,4,125,2,3,1,-0.038599766019472403,-0.08043692411065329,-0.0,0.16087384822130657,0.16087384822130657,0.16087545066232042,-1.6024410138537615e-06,1.6024410138537615e-06,9.960755399637109e-06,nan,-1.6024410138537615e-06
4,4,125,2,3,2,-0.04231767018084633,-0.07207351654597179,-0.0,0.14414703309194357,0.14414703309194357,0.1441461568291336,8.762628099789893e-07,8.762628099789893e-07,6.07895140942699e-06,nan,8.762628099789893e-07
4,4,125,2,3,3,-0.046733719403449205,-0.060470324504621926,-0.0,0.12094064900924385,0.12094064900924385,0.12094132332883906,-6.743195952035874e-07,6.743195952035874e-07,5.575592995374415e-06,nan,-6.743195952035874e-07
4,4,125,2,3,4,-0.04982459820591032,-0.051509447299890807,-0.0,0.10301889459978161,0.10301889459978161,0.10302147081451131,-2.576214729696491e-06,2.576214729696491e-06,2.5006580757664867e-05,nan,-2.576214729696491e-06
4,4,126,0,1,0,0.06724887955545686,-0.100959700316777,0.13449775911091372,-0.201919400633554,-0.0674216415226403,-0.06742763864767867,5.997125038376128e-06,5.997125038376128e-06,8.894164408918672e-05,nan,nan
4,4,126,0,1,1,0.0626719113026838,-0.10543127768191758,0.1253438226053676,-0.21086255536383516,-0.08551873275846755,-0.08551665661152333,-2.0761469442243108e-06,2.0761469442243108e-06,2.4277101370152647e-05,nan,nan
4,4,126,0,1,2,0.05577452716274624,-0.11091450505101615,0.11154905432549247,-0.2218290101020323,-0.11027995577653982,-0.11027971224728715,-2.435292526664634e-07,2.435292526664634e-07,2.2082821030498645e-06,nan,nan
4,4,126,0,1,3,0.04955791064623842,-0.11445990917635289,0.09911582129247684,-0.22891981835270578,-0.12980399706022894,-0.12980293975629473,-1.0573039342098856e-06,1.0573039342098856e-06,8.145388109422375e-06,nan,nan
4,4,126,0,1,4,0.046111211841723905,-0.11551699121738394,0.09222242368344781,-0.2310339824347679,-0.13881155875132006,-0.1388140560692231,2.4973179030274295e-06,2.4973179030274295e-06,1.7990382053111968e-05,nan,nan
4,4,126,1,2,0,0.04775252206503296,-0.11723965931002617,-0.09550504413006591,0.0,-0.09550504413006591,-0.09551555905372247,1.0514923656557151e-05,1.0514923656557151e-05,0.00011008597720339008,1.0514923656557151e-05,nan
4,4,126,1,2,1,0.057025202186721406,-0.12307373637298788,-0.11405040437344281,0.0,-0.11405040437344281,-0.11404993472524663,-4.696481961802279e-07,4.696481961802279e-07,4.117900315744849e-06,-4.696481961802279e-07,nan
4,4,126,1,2,2,0.06873262046255886,-0.12895685937469545,-0.13746524092511772,0.0,-0.13746524092511772,-0.137463276497818,-1.9644272997165757e-06,1.9644272997165757e-06,1.4290356503915561e-05,-1.9644272997165757e-06,nan
4,4,126,1,2,3,0.07625211567511389,-0.13071601922160492,-0.15250423135022778,0.0,-0.15250423135022778,-0.15250982041652095,5.58906629316569e-06,5.58906629316569e-06,3.664725509413978e-05,5.58906629316569e-06,nan
4,4,126,1,2,4,0.07839170863636873,-0.12942009110305633,-0.15678341727273745,0.0,-0.15678341727273745,-0.15677403529930106,-9.381973436389801e-06,9.381973436389801e-06,5.984034280914479e-05,-9.381973436389801e-06,nan
4,4,126,2,3,0,0.07917671225242347,-0.12909091506592033,0.0,0.25818183013184065,0.25818183013184065,0.2581807635516963,1.0665801443709988e-06,1.0665801443709988e-06,4.1311200862831796e-06,nan,1.0665801443709988e-06
4,4,126,2,3,1,0.08067489538344585,-0.12862818361046466,0.0,0.2572563672209293,0.2572563672209293,0.2572588457784695,-2.478557540208648e-06,2.478557540208648e-06,9.634489079310342e-06,nan,-2.478557540208648e-06
4,4,126,2,3,2,0.07967304732045845,-0.1230543726588724,0.0,0.2461087453177448,0.2461087453177448,0.2461073193774333,1.4259403114946778e-06,1.4259403114946778e-06,5.793944094321728e-06,nan,1.4259403114946778e-06
4,4,126,2,3,3,0.074891661002546,-0.11216078094442962,0.0,0.22432156188885924,0.22432156188885924,0.2243213737709565,1.88117902727436e-07,1.88117902727436e-07,8.386082066450641e-07,nan,1.88117902727436e-07
4,4,126,2,3,4,0.06981493141858677,-0.10243945314992695,0.0,0.2048789062998539,0.2048789062998539,0.2048822430847563,-3.3367849024135143e-06,3.3367849024135143e-06,1.6286354796658212e-05,nan,-3.3367849024135143e-06
4,4,127,0,1,0,0.0693641535384434,-0.0704128410446097,0.1387283070768868,-0.1408256820892194,-0.002097375012332592,-0.002098587880554159,1.2128682215671246e-06,1.2128682215671246e-06,0.0005779449280183831,nan,nan
4,4,127,0,1,1,0.06568952966341228,-0.07095950067053779,0.13137905932682456,-0.14191900134107557,-0.010539942014251014,-0.010539338369524427,-6.036447265864164e-07,6.036447265864164e-07,5.727211077349674e-05,nan,nan
4,4,127,0,1,2,0.05991410170433787,-0.07146311090359897,0.11982820340867574,-0.14292622180719794,-0.0230980183985222,-0.023097659459640322,-3.589388818774075e-07,3.589388818774075e-07,1.5539812796251485e-05,nan,nan
4,4,127,0,1,3,0.05402417501516527,-0.07159051791001443,0.10804835003033054,-0.14318103582002886,-0.03513268578969832,-0.03513189693635636,-7.88853341954221e-07,7.88853341954221e-07,2.2453545017202478e-05,nan,nan
4,4,127,0,1,4,0.050137403546451825,-0.0714545273076369,0.10027480709290365,-0.1429090546152738,-0.04263424752237016,-0.04263781021110068,3.562688730515684e-06,3.562688730515684e-06,8.355702867658398e-05,nan,nan
4,4,127,1,2,0,0.05150697372830343,-0.0727630603600792,-0.10301394745660686,0.0,-0.10301394745660686,-0.10302147081451131,7.5233579044514665e-06,7.5233579044514665e-06,7.302708692634728e-05,7.5233579044514665e-06,nan
4,4,127,1,2,1,0.06047148924368919,-0.07787886906506622,-0.12094297848737838,0.0,-0.12094297848737838,-0.12094132332883908,-1.6551585392959867e-06,1.6551585392959867e-06,1.3685445488418487e-05,-1.6551585392959867e-06,nan
4,4,127,1,2,2,0.0720731447581089,-0.08401844772883517,-0.1441462895162178,0.0,-0.1441462895162178,-0.1441461568291336,-1.326870842088823e-07,1.326870842088823e-07,9.205029463762491e-07,-1.326870842088823e-07,nan
4,4,127,1,2,3,0.08043683002170772,-0.0878089107061069,-0.16087366004341544,0.0,-0.16087366004341544,-0.16087545066232037,1.7906189049288201e-06,1.7906189049288201e-06,1.113046706353819e-05,1.7906189049288201e-06,nan
4,4,127,1,2,4,0.08377383072622292,-0.08881159223623705,-0.16754766145244585,0.0,-0.16754766145244585,-0.16754239857157868,-5.262880867162867e-06,5.262880867162867e-06,3.141124633754797e-05,-5.262880867162867e-06,nan
4,4,127,2,3,0,0.08425834845278665,-0.08859265189374999,0.0,0.17718530378749997,0.17718530378749997,0.17718755841697925,-2.254629479281345e-06,2.254629479281345e-06,1.2724536075921748e-05,nan,-2.254629479281345e-06
4,4,127,2,3,1,0.08349626918554415,-0.08692806874739376,0.0,0.1738561374947875,0.1738561374947875,0.17385590202432802,2.354704594920154e-07,2.354704594920154e-07,1.3543983139454895e-06,nan,2.354704594920154e-07
4,4,127,2,3,2,0.08059401590512265,-0.08271615215343414,0.0,0.16543230430686828,0.16543230430686828,0.16543185034995872,4.539569095629581e-07,4.539569095629581e-07,2.7440644767958484e-06,nan,4.539569095629581e-07
4,4,127,2,3,3,0.07571979102153172,-0.07662738524183779,0.0,0.15325477048367558,0.15325477048367558,0.1532541663192754,6.041644001752999e-07,6.041644001752999e-07,3.942222472217623e-06,nan,6.041644001752999e-07
4,4,127,2,3,4,0.07144013635181408,-0.07161279686813476,0.0,0.14322559373626953,0.14322559373626953,0.14322694623127952,-1.3524950099874644e-06,1.3524950099874644e-06,9.44302064363983e-06,nan,-1.3524950099874644e-06
